loan_id,application_date,age,income,loan_amount,credit_score,employment_length,debt_to_income,num_late_payments,loan_term,monthly_income,annual_income,default
1,2019-01-01,69,48817.05781014208,10962.94408653128,639.7371322408986,1.4054901169587666,0.0773031161919267,3,36,2795.0988694387124,38020.27712026429,0
2,2019-01-02,50,50058.98409002196,16425.51417617453,588.9388559063052,8.697361723933454,0.4639568443226252,0,12,2257.403577522636,56879.89910587416,0
3,2019-01-03,31,48281.78027867494,21697.064639348588,651.8150830480554,,0.3358311928336995,4,12,2012.4844271993504,48425.33188549067,1
4,2019-01-03,41,20252.557910444648,13974.414073182774,721.8423885126421,6.884294790642328,0.4129414958036177,0,60,3162.550079925132,68771.66992439292,0
5,2019-01-03,39,41253.81048076716,9698.60758452392,581.2677300221332,2.9463172700698386,0.220417555911535,0,36,3504.0222979825,38630.07325340963,0
6,2019-01-04,69,48960.407195994994,22936.85936921209,581.2690434440656,8.10613988456048,0.5419197397486626,3,60,5174.822724553032,17769.406420201234,0
7,2019-01-04,68,54282.40335286188,13229.214652890572,726.3370252405913,3.7337991454724215,0.5062586996088276,2,36,3487.4967803569266,45109.9212996872,1
8,2019-01-05,54,49424.4207863141,19415.754907079205,661.3947783322327,5.092926579707088,0.4375316454517831,1,24,4100.540825592257,38924.88763128882,0
9,2019-01-06,69,54477.01186546678,14200.819365868128,562.4420491252039,,0.3305724129704838,1,24,2357.74834845306,48017.31229771856,0
10,2019-01-06,40,56010.697622594496,23680.33454378448,643.4048034868772,8.762770354040441,0.4369785927942698,1,12,3385.4595894947383,49939.10780012806,0
11,2019-01-08,23,41572.9754961792,24865.94385988602,562.9265845750031,,0.2439661148018976,3,24,3508.431402754416,31981.77227356116,1
12,2019-01-08,36,47477.952882335085,24586.403514143534,562.7416197143795,3.1506671732374745,0.4783333488531067,1,60,3157.67017352786,24864.91512212267,0
13,2019-01-09,29,54995.15645360558,10584.991590513624,619.3569817252827,,0.5974221341485881,0,36,3306.059837245926,37810.84974981421,0
14,2019-01-09,43,45851.88307401395,10503.059263392484,446.9375804273761,0.238991024905534,0.5105915839968779,1,12,3491.1064178584656,5000.0,0
15,2019-01-09,46,57984.9622248324,21989.910544730657,462.00657339895736,,0.2405596295288885,5,24,3934.629349701228,41210.00888179327,1
16,2019-01-09,31,53117.44492597343,14483.376970777965,555.0169976607222,6.1009085699698105,0.4042125975909654,1,12,4794.730887600535,33888.42887295754,0
17,2019-01-09,34,30513.22909073701,14726.379268550148,518.9735103732461,7.007652460800575,0.1560287684362028,0,12,501.3985937836957,52925.12566739021,0
18,2019-01-09,47,20410.00141397156,9440.697779551076,625.1397866076219,6.001461213239827,0.4358585466763513,3,36,4725.505226006692,10212.27199685327,0
19,2019-01-10,24,40289.612938391954,26275.413036508064,527.3580739583031,4.70698718755979,0.4175905119293808,2,60,1194.823187935862,40095.179647009565,0
20,2019-01-10,38,22283.043051420256,23323.941101838573,487.0157038931767,,0.0695275490701753,1,60,3719.2868596292737,63643.36427075709,0
21,2019-01-10,18,41246.88726818874,14048.150468400392,717.2519015137243,,0.1757324234131454,1,48,6277.869544693925,50131.01991926528,0
22,2019-01-10,66,39888.96405999023,9836.85524329512,581.9378959610772,,0.3075291654884349,4,60,3280.157972801106,54710.07993531794,0
23,2019-01-12,55,59513.66856124836,9482.706260251878,605.4022563750339,,0.304871037928876,1,24,3558.357257601636,45096.00283944921,0
24,2019-01-12,21,47575.93999425326,16065.90629269155,486.0201451029235,2.9488064118598727,0.1685784596871792,2,48,2945.508690932749,15076.988951490108,0
25,2019-01-13,63,54669.02812430646,18094.159224246352,556.4493820379854,1.972673535903432,0.4083468094028275,2,48,4167.411267414504,42497.93759653716,0
26,2019-01-14,25,32656.07676326841,8100.626242116427,608.8738071767893,6.293556260106353,0.3877210413410767,1,48,3786.0940241330095,46127.34040096006,0
27,2019-01-14,35,62945.02411431447,5041.027588436094,507.9205138062158,1.3145376870467462,0.320859630203222,4,48,2488.2742773594946,23826.631837138397,1
28,2019-01-14,69,53404.72144183658,15637.233787140252,630.0558414676537,1.3839908200405642,0.2366312749762455,1,60,3190.392014352307,38101.69234961,0
29,2019-01-15,62,46411.57342125079,21917.302142885324,551.9489048064956,3.5472493386852184,0.5073060689624845,0,48,1935.2877036118173,5000.0,0
30,2019-01-15,25,12901.608906481764,15590.6606383822,576.6645000165379,6.5215567651285165,0.5983110669632443,2,24,3184.65655679294,34988.527360872875,0
31,2019-01-16,48,57681.09664007876,13005.057293215292,551.8634710216483,,0.2774657774230194,0,24,2809.1180996874123,33454.36085775546,1
32,2019-01-16,48,66600.02585506492,5959.996991260348,748.1822547607151,5.752402446938159,0.2581749624267768,3,12,3504.009522821729,61033.59033420022,0
33,2019-01-17,45,40169.29334740478,9928.096400264538,598.9202220209653,6.489869935908342,0.4236811498117994,0,24,2445.9409619059093,30951.6534605696,0
34,2019-01-18,65,40476.23136435689,22027.303836061237,515.383125683528,7.947950741337147,0.296295593037952,5,12,3065.293720725584,36004.64412106782,0
35,2019-01-19,54,32249.84339449047,4974.335670065029,665.8035929682551,7.668240681241951,0.3290904199005148,3,24,3344.2993023185136,38811.56834084787,0
36,2019-01-19,20,15523.969003334289,29181.78481404708,502.3325080023182,,0.4609479727587007,1,48,3431.355455779156,31145.199641044303,0
37,2019-01-20,62,31568.59284777721,15680.569113589065,616.7090876003805,7.613544585771471,0.063596586873906,2,36,3676.187977965636,50796.87132748238,0
38,2019-01-23,32,64891.292482873134,2309.3193989448773,443.226390089618,8.095389984455071,0.5477453487279004,2,48,3115.623751732101,10114.119792146796,1
39,2019-01-23,21,56185.17043620304,19025.89923101778,493.7451160881256,,0.3609020786494011,2,60,2349.9662596687126,57048.65056216194,1
40,2019-01-23,52,28409.370098035288,18601.773065781992,615.7488988695299,,0.2882760283156729,1,12,3435.924924145306,39821.82822526196,0
41,2019-01-26,51,31324.193174148408,11499.05580570768,659.0773263996329,,0.3366148768667826,4,36,3109.76105133863,59524.70702193139,0
42,2019-01-26,53,72026.23013395195,22514.427068498702,613.7094624951976,,0.3443644032530777,1,24,4614.1403859673455,5000.0,1
43,2019-01-27,23,24697.671662096694,10041.178973142489,590.7481374089408,0.0,0.0903198044832611,4,48,4771.760209471283,5000.0,0
44,2019-01-27,21,29268.61719134883,20055.89706539155,575.9117043528569,6.286533645237581,0.5742407341179854,0,12,1618.2327890370564,35620.3216062175,1
45,2019-01-27,66,33556.27531612425,14721.759441048463,481.7182407706058,,0.3561988448405927,2,12,4104.776518855521,47588.73082000841,0
46,2019-01-29,47,19629.84911437741,12731.302718244931,542.4124633284233,7.966024398724462,0.4164503195671062,2,24,4355.513534695719,31676.009259952385,0
47,2019-01-29,56,31937.34593732434,25743.9606219224,563.148898323217,6.131449515875863,0.4927324655861064,1,12,1651.0442135031587,48757.68745123773,0
48,2019-01-31,35,32165.375087904624,22868.36633926051,684.5697780975132,5.444156412756196,0.1968256313659549,4,24,4057.674356974226,54719.64636164445,0
49,2019-02-01,39,26466.25186803598,6140.313757201831,627.4894631654769,3.8093728614993454,0.4210207848552842,2,24,4453.276980541209,49989.99320532052,0
50,2019-02-02,27,59919.56753961864,18042.414419558627,458.9567875709813,4.656472602595914,0.3098538363651809,4,48,2146.275035985096,41549.02756570122,1
51,2019-02-02,66,22497.56072618337,30147.61858259615,625.9267175515836,,0.477015616282474,2,12,3037.906304432035,41434.042744810846,0
52,2019-02-02,46,37871.11114589679,25951.076682479463,569.1934175666947,,0.0309158869472757,3,60,3566.2332531086104,30778.07370417424,0
53,2019-02-03,40,26844.98255902134,7725.042618910227,545.8462399755233,7.711222810872221,0.3351358549638096,3,60,4046.405908457431,39169.38513694333,1
54,2019-02-04,21,36850.39057939713,27767.83788029812,648.9341031072694,3.4421149242052094,0.2595769016324057,1,48,2097.784070273829,24636.53669147909,0
55,2019-02-05,36,26148.02505163071,22440.29757778625,682.4799617996761,8.250814397619436,0.4148394425951233,0,48,4779.591705602848,28229.057989584137,1
56,2019-02-06,43,41138.41947760138,6611.420254014007,674.5024095292958,,0.4205066281052303,1,24,796.6481707513298,47715.46299320133,0
57,2019-02-07,24,44821.94630954474,16661.39824387398,532.862598142189,5.608345605142308,0.243856115776696,2,60,4988.015269490207,33056.78302702976,0
58,2019-02-08,30,61032.728107020856,18821.29710476401,575.2630099319028,,0.2431739203735934,2,12,4021.167668070732,28936.571587460006,0
59,2019-02-08,20,31171.075231565883,6384.546029944488,626.5010745122851,4.704668575790333,0.3334001947164006,4,60,2556.118944404828,46738.465197774894,0
60,2019-02-09,57,64267.400853519706,20648.75307257504,678.0436101697887,,0.2155036659027187,1,48,4413.840636717184,45698.494853956254,1
61,2019-02-10,28,27895.326000400957,34438.048206429165,561.6660609723768,6.528067791603579,0.476297554317819,3,48,2023.5845288306712,36770.50621827083,0
62,2019-02-10,33,36429.71379326663,25921.80854144134,585.1472818668947,5.675563692705211,0.294618919932883,4,24,3477.0034013256773,37765.96853917543,0
63,2019-02-11,37,66471.09628662694,16295.906749249678,511.49320207951774,9.235886017848983,0.0,4,12,3631.464425594077,46239.21834819861,0
64,2019-02-11,68,83544.12442758013,12749.035715782056,504.3034700735464,,0.2937766915067291,1,48,3628.501850782101,54534.35674575836,0
65,2019-02-12,40,65289.048309359976,17627.10833242402,665.0020657915359,4.523572626892979,0.1942184268734041,2,12,2283.6863869391505,43016.28488730642,0
66,2019-02-12,40,36646.12330144198,7198.257651056001,708.4992022856659,3.5008794545418853,0.1053086276808581,3,60,2713.236867886362,22119.491344343314,0
67,2019-02-13,49,47723.12854494191,11179.641661319769,594.2391902735733,2.4273654826919504,0.1643860042666141,0,24,3491.764416021853,36678.58760854823,0
68,2019-02-13,58,50239.55321819335,1000.0,680.2826318313619,0.4140531044159212,0.3664112707749455,1,60,2424.90365462511,33892.75243309874,0
69,2019-02-13,59,45181.35728560707,18476.476375307186,628.9308820038108,4.342739005364832,0.5492961242372346,2,48,3672.649326179093,24205.20840438331,0
70,2019-02-13,55,24882.30176399286,12299.992920088673,548.39041963159,,0.3969776710797469,3,48,2565.67587305011,47468.99148403151,0
71,2019-02-13,20,43518.737006130206,19944.411702705384,628.9116484406732,4.559362486714195,0.259024491767639,2,12,4583.333365929888,48622.78869093001,1
72,2019-02-15,69,32412.31496120567,15958.159852325987,723.0429253172775,,0.4183856292756054,1,48,5286.689521547003,50893.1263255894,1
73,2019-02-15,25,25473.80929435,6913.555435905586,597.1339168712038,5.214486027372584,0.2811364534671512,1,12,2961.5031150117597,25136.30568876865,0
74,2019-02-15,55,35329.4613809351,16603.91204013437,725.1714924651205,,0.2458099446255283,0,36,4483.656784545965,42361.7640561876,0
75,2019-02-15,57,44729.972059666376,9292.239605685863,390.4203916728204,,0.1768455997650523,2,48,3067.952656362584,39905.871507338095,0
76,2019-02-18,31,55020.74718490972,28243.46464722495,665.7522003500179,,0.0872256789872421,2,60,2162.794337406654,44611.04640012829,0
77,2019-02-18,25,36191.075349836254,8252.116029783378,606.9637654590537,0.2589456561932657,0.2915114440160832,1,60,2801.1861576393803,41945.89737247289,0
78,2019-02-18,28,38820.85297370114,11239.410241536352,576.0794119627305,,0.3737080234880197,2,12,3440.2955092786,39811.810826255416,0
79,2019-02-18,59,52058.93919377312,6891.219595914135,607.3408621228402,2.359552920039823,0.3355064494977665,3,36,1099.6362527994936,38009.143607881786,0
80,2019-02-19,59,41063.07805713044,6198.204962553129,440.9944868319286,3.228497057108413,0.2876049608078962,2,48,4115.404285140204,56602.60915038281,0
81,2019-02-22,60,45723.27363833891,15240.503705465972,582.426248972999,8.416082323461012,0.2081380908954828,2,24,3440.8593945037883,27072.78988721071,0
82,2019-02-23,50,41169.52708290913,5036.078359048404,628.5690057209397,0.4967084898888947,0.4412369287527452,3,24,4584.013280169776,37402.43693852427,1
83,2019-02-24,32,43040.97532359534,13496.846213690887,718.2315235793213,9.524407246316464,0.1524302120080122,2,60,4093.5052755475313,56220.560002089405,0
84,2019-02-24,54,23814.63311098152,18440.17659320137,558.5383825381082,2.5826616351250884,0.4664041870765212,2,48,3483.268729788193,27834.161139528864,0
85,2019-02-24,31,41834.90029247284,11610.847923095704,535.320511768545,1.267969953991661,0.1996674471609912,1,24,2888.539664146505,28598.6810838402,0
86,2019-02-25,43,61417.93573127943,1000.0,559.859436513237,,0.2371347143970447,4,12,5236.910485462067,51009.11416677714,1
87,2019-02-26,69,42534.87147121497,25671.691138314654,673.2321694161659,9.497052947876467,0.1299822214076484,5,48,6045.674191878375,18641.29239029436,0
88,2019-02-26,25,27493.735872434205,17132.66668342735,626.3000887727748,2.863120708114897,0.2747896779671545,1,60,2909.396577008569,49909.46684539741,1
89,2019-02-27,66,62147.95056179054,17228.592211505245,557.6191836986369,,0.4962968687716967,1,36,4636.200175461522,32655.48131129555,0
90,2019-02-27,21,50820.57516683138,13143.498491215994,641.0613946490685,,0.4273442132665934,4,12,2449.896259626705,46150.00923280634,1
91,2019-02-27,53,51514.41643401032,21487.14420603603,607.7662039478432,,0.4967633168042052,2,12,2598.725891222008,21688.981494165604,0
92,2019-02-28,35,51107.8343345865,22503.96276072957,677.4915992426311,3.66148147963844,0.4283213818900903,4,48,2850.5271439602097,57776.143998375526,0
93,2019-02-28,44,23104.444057825214,23303.76716563496,543.8357524898119,,0.1844495257204446,3,36,4189.18669284127,21741.42025165686,1
94,2019-03-01,36,49717.07457926236,17149.783990263415,573.7870282721785,,0.3003816163508663,2,12,1989.6917154095108,50874.25530319981,1
95,2019-03-05,20,60769.45687264815,3992.19851747362,568.6313477494274,4.670008673471986,0.2329701306323806,2,36,5270.788617088627,22368.064243360222,1
96,2019-03-05,26,32796.974119824445,18241.38035677916,482.9188041494305,3.5040065499131057,0.5495862356058561,0,60,4505.67365504962,67124.51306633596,0
97,2019-03-06,56,11070.794044198592,17139.464279603315,623.689622165166,10.906945132397494,0.1704817030360532,2,12,4160.227340119434,38929.27327217306,0
98,2019-03-06,19,45483.57331957207,10610.803502876,620.8844217743912,13.376179624352972,0.4840546534083666,0,24,2966.065000829972,69262.85642495475,0
99,2019-03-06,26,40491.214712941,8585.151243652388,600.4090765313969,2.349614914752288,0.4839430805163153,4,60,4370.192820654261,27716.687688840106,0
100,2019-03-07,23,16785.767299606687,19344.306885985687,581.2330293299882,1.7857493601154153,0.6244430302574131,3,60,416.6666666666667,33360.23955926807,1
101,2019-03-07,55,49080.67833720283,14393.306238038243,486.7703406359669,5.122335997355134,0.2885470111055753,3,12,3884.460037698957,58160.78805598254,1
102,2019-03-07,45,47954.38538598915,11879.034484628852,566.3483741787713,0.0,0.4568483239370243,0,24,3533.485917911765,18607.05967337326,0
103,2019-03-07,65,18007.913000625376,28379.248256961266,572.5828386778585,5.144897581806146,0.6922477754808264,4,36,975.5638768109652,29511.00016195087,0
104,2019-03-08,51,68339.6083356798,20372.3354676119,535.8178184622705,11.021558650957823,0.2573537484599454,2,24,3841.149561748544,47426.02644533998,0
105,2019-03-09,46,51266.81786170722,18476.290716187865,587.0971430667192,,0.119743962870146,1,60,4071.947990678424,24718.29134955501,0
106,2019-03-10,65,11646.097049692436,24747.45825101518,632.3240685451631,,0.0679984949138354,1,12,1016.1674022906104,47827.26133028567,0
107,2019-03-10,20,52282.96098377659,17643.03054209346,750.8948720968424,9.40803421544159,0.4569068043291996,3,24,1849.8690612682324,42556.06577532578,1
108,2019-03-12,33,51847.39105626529,9367.15403070237,613.9662250265471,2.4152400586603973,0.0675274687912124,2,24,5913.819773147022,17295.315643867238,0
109,2019-03-13,61,61225.12096428792,11883.24503573082,620.6040312578211,,0.2941521420593115,1,60,3100.3914007052504,54516.531819752,0
110,2019-03-15,52,30641.861922126474,20855.54170766025,594.0443267387067,6.062230411344109,0.415596978055844,2,36,4552.865907706318,21063.503602081462,0
111,2019-03-15,28,52499.54580010446,19998.710417296323,446.4983027760767,7.186653292384404,0.3777763305244871,1,24,4741.835738695428,51569.186454594055,0
112,2019-03-15,60,36450.22141955031,18570.50745181182,597.8788899640626,,0.4138167296276258,2,24,3825.754350827418,41927.13097366421,0
113,2019-03-15,40,31652.728447918336,5898.383984564081,604.8184167952821,8.367499390578296,0.383343478370128,3,48,4604.885022319932,33174.81302941387,0
114,2019-03-16,47,27024.902497399133,21506.84761771964,797.059368998823,2.653627763034743,0.5418298719970089,2,60,692.2228856274356,23418.962125586742,0
115,2019-03-16,65,11452.851910394827,14479.88941777555,584.6111228175102,5.522068314873054,0.2071525428891804,1,48,3045.171568732512,44939.03988112224,1
116,2019-03-16,22,48106.36003795643,19799.5328715268,624.123787386689,9.447240952822158,0.2484507292312203,0,60,416.6666666666667,26912.12809783709,0
117,2019-03-17,69,35904.26376227264,8358.687021717371,597.2230584235805,,0.2341010832093764,0,60,1150.7162526242737,58119.30214078865,0
118,2019-03-17,25,5000.0,30728.27425971685,506.5057569904374,5.675270987512478,0.4745287717793915,1,48,2650.815212102149,58666.75913955099,1
119,2019-03-18,60,41130.32799783495,16979.967231344217,691.4258251612016,3.405133716233485,0.4850597882592595,2,36,2501.602784588107,64630.51031478995,0
120,2019-03-19,60,57367.702771893615,11659.62154187212,660.154642614942,8.105698264113636,0.4176837978977762,2,36,3385.096194761433,44213.46155612962,0
121,2019-03-20,67,20395.21811296109,20169.48809709222,663.2825557634437,6.608656775549552,0.5275240500334891,2,60,3307.5201938295963,33935.35291752436,0
122,2019-03-20,68,29311.01377132311,21864.465804367712,527.2490036164209,6.543908972200071,0.1732938698935428,1,48,3500.511370809873,35546.46128994015,0
123,2019-03-21,27,46613.82564123831,20072.61328831388,712.2235448748879,7.327317198802797,0.6000836167326705,1,24,3551.7203941216817,34448.68625796619,1
124,2019-03-21,45,5000.0,7041.566068784635,487.8519149766176,2.1478596779764807,0.5784857932568387,2,60,3749.486739087047,43720.08307493661,1
125,2019-03-21,53,31994.780502014703,24141.339990580324,646.9485675040216,7.541393460569431,0.460343299586862,0,60,2134.527486568381,46549.10883382904,1
126,2019-03-22,27,45199.0951070875,12241.117975257745,775.2364500647983,5.463580335355075,0.617269836315659,1,12,2427.3429341285814,58473.46549025347,0
127,2019-03-22,31,31583.229291146323,14871.244502751504,520.757093989545,8.424493505401886,0.1015065188483339,3,36,3287.2357592148924,40301.85123394048,0
128,2019-03-22,55,20529.87270862513,1000.0,554.6961816317782,,0.2713327795606022,0,48,3306.654644992179,18951.590041996624,1
129,2019-03-23,54,21248.669873591152,11287.594989893438,607.9721092070113,,0.2397044808977071,0,24,1980.92412671296,33888.68610307147,0
130,2019-03-23,64,15818.297027118406,11237.218336723749,559.721947670704,,0.4582218985636014,1,24,4685.282559599647,63337.77670084784,1
131,2019-03-23,22,30504.468991574773,18604.86268332576,475.9469255147094,3.362164360806768,0.1924788890596781,1,60,4239.334180271865,16651.32144291979,0
132,2019-03-24,23,55849.92923891541,10800.02938521404,605.4850379844822,2.2947949008480237,0.4636242724006228,0,24,2258.6874766294227,51087.249406020725,0
133,2019-03-24,47,75428.3605475532,2027.1886167640787,515.0157029019116,,0.555580421599507,2,24,3072.875817187476,34141.40329624839,0
134,2019-03-25,36,40542.74094164637,16950.74937994805,637.8873944508146,2.4294001408021098,0.4542804350125998,2,60,5845.257896829728,26748.035344007192,1
135,2019-03-27,69,51523.72865728815,12996.56534231743,526.4460612612958,3.991790422336459,0.3925626535492251,2,36,3534.0546306261854,45934.16573668188,1
136,2019-03-28,66,25887.668887119544,9171.598525353102,723.9947524014032,,0.2018189988648876,0,12,3827.940777333415,63414.29538434148,0
137,2019-03-28,31,8625.221449534376,15700.210798760156,537.3397366131011,,0.2229723550811952,3,36,2572.163894419421,45106.66265174757,0
138,2019-03-30,28,67774.13615559175,1000.0,574.2350787035459,7.027242952536758,0.5374428357945,0,36,2941.9431976729065,36061.83684938141,1
139,2019-03-30,63,31073.518884282552,19963.67841969869,665.0813773895736,0.3302145340669336,0.4669023505857998,2,12,5222.490815562586,20559.261405904464,1
140,2019-03-31,22,50780.62438864179,13537.579586138694,501.5308546852836,2.82456820855297,0.3441470720933683,3,60,3474.951367449004,38517.26258345895,1
141,2019-03-31,62,42376.91777678294,12861.591404879644,618.1967947683304,2.6833740110972304,0.2873135681351164,4,36,3244.6730597422315,20017.752695658382,0
142,2019-03-31,48,54918.86393253584,22622.400860843176,704.5714203425943,4.315904851128796,0.0461288190332934,2,48,3342.8846907539155,35351.13667869655,0
143,2019-04-01,61,54311.46490563963,10713.434754246064,471.40134123510177,0.0,0.1893721371973341,2,48,6515.061818852314,39054.13527412594,0
144,2019-04-02,49,44165.88484501765,17069.24823986521,614.7707086825843,,0.6367128630709584,1,12,3383.092712268189,5000.0,0
145,2019-04-02,41,45816.718140435805,13963.864615495995,620.7906235398739,5.181192037732916,0.1579316643496299,4,48,2295.737459316332,60824.83306881831,1
146,2019-04-03,68,58188.76872960326,40727.57794489332,662.5458297421849,4.597127204060482,0.378421973183162,3,60,2514.144706314285,21422.177903193424,0
147,2019-04-03,27,33854.60685559976,18907.19649889956,501.0439431297534,7.264919973412383,0.5011165959792797,3,24,4309.278336318464,37210.61198243958,0
148,2019-04-03,30,63334.22442194089,5868.345606338889,494.3634709532579,,0.1617615997996561,2,60,1547.7319250248622,48007.49868718775,1
149,2019-04-04,64,29382.156288926075,29017.689257644863,641.7553252493518,,0.3777065712171624,1,12,3896.562060163621,59628.24577268769,0
150,2019-04-04,69,41148.69896805201,23343.948997272342,623.7587738586549,4.953097101632485,0.4906873306265982,3,24,2428.5614237715304,28117.70490440752,1
151,2019-04-04,30,49437.69786811832,15359.694094066812,620.0394280276702,5.314129853660194,0.3518748982860875,1,48,1009.8713877683236,5000.0,1
152,2019-04-05,53,15563.600670540209,11501.378521221968,627.715856759758,,0.7802604583500152,0,36,2108.2430621913395,56179.9557401693,0
153,2019-04-05,39,60727.72053689624,4388.986830589845,545.5980222737207,6.596145150930189,0.0997101111682707,3,48,3367.750595431658,21257.576703606854,0
154,2019-04-05,26,47138.51251787471,18444.303145585043,618.5802957728803,10.184827497885664,0.5088092794825818,2,60,5077.292575199354,45391.648653755925,1
155,2019-04-06,36,89514.57841452291,9598.748997999155,623.4457978638945,5.420413410830116,0.3240797393905303,3,60,4474.995098266631,46323.84550203469,0
156,2019-04-07,69,71210.38765645446,7960.25313914793,542.8518865578906,6.952088272673693,0.4657880232255012,3,12,2966.220550619892,5000.0,0
157,2019-04-07,24,39836.48303494428,21203.276275231787,749.2619608915805,,0.4161960727548868,0,36,4548.567170605949,15777.448426833404,0
158,2019-04-08,32,66783.80053714108,27359.237589673157,637.906633672943,5.971130455401353,0.2400265704335005,3,36,2887.358546784515,33087.83189924297,0
159,2019-04-09,34,52710.04488031365,11189.815817860976,504.6957202237881,6.127411982691283,0.384349458868901,2,24,1500.1938524009718,5000.0,1
160,2019-04-10,63,43466.60752770188,21447.147682657003,652.5242886907064,3.6683060380985024,0.0713147822902569,2,24,3359.692877874179,19929.23085613881,0
161,2019-04-11,31,15109.563111553443,16697.75302700821,522.0254663818143,,0.440487125085709,3,60,1450.9158395748525,41843.17840190001,1
162,2019-04-11,58,18646.97288544653,17870.628261162165,662.9667682993961,6.923483368662955,0.3947237698985788,1,12,4322.593717689661,38672.74521863097,0
163,2019-04-12,65,40065.5537737445,8451.031302686533,692.6876463205923,6.363225261061336,0.4457990252964653,1,60,4340.68344459193,44539.816459664085,0
164,2019-04-12,19,32569.53059815082,13301.20868772522,534.3454145318632,,0.5087177487630725,2,36,2233.3709089205054,46738.31468093278,0
165,2019-04-13,31,43377.8383719554,6226.899930889444,677.0700903395457,5.013627139339958,0.4051429760314566,1,36,3515.3302168654104,14772.556495305798,0
166,2019-04-15,21,60585.54746404452,5219.221216091268,633.0224741549199,,0.3722134129697414,0,60,3503.394876072635,20727.27604881041,0
167,2019-04-15,20,52974.37308756514,19146.20182429083,665.7648127995592,5.034576728305568,0.2178397495008061,2,36,4423.287560542385,51420.49284268075,0
168,2019-04-15,20,29555.708756321168,10805.688711749706,751.7434386123158,7.308515153883948,0.2431668854526423,4,24,1776.9980158535234,62864.9536150402,0
169,2019-04-17,28,53874.36841758639,7679.336057181195,580.3689507197704,,0.5280101930265997,2,36,4082.692737793559,25488.87926706681,0
170,2019-04-17,22,26289.29018739223,5323.929273466018,539.7011068514008,4.981481077160053,0.5654503108558968,0,24,1687.3717695764462,43883.58391145436,1
171,2019-04-17,65,22866.39622023335,2890.099342600517,528.8388456299581,6.999148567632673,0.3142834345531918,1,48,4304.8192554244215,52106.24339970843,0
172,2019-04-18,46,45724.55601553052,1000.0,534.7351772027649,5.7043081030780005,0.3569004120879911,5,12,4661.705084999766,43563.33425783928,1
173,2019-04-19,45,27782.461115763734,15887.558385962677,593.8318632468716,3.924983660254053,0.214307843750935,4,12,2496.344091283468,36268.50541868529,0
174,2019-04-20,40,30372.313258520397,1000.0,627.2921579853315,,0.5259135267901167,4,36,4857.244416510258,30390.250083265106,0
175,2019-04-20,47,54909.580961132175,18770.553363863342,622.1352639464016,,0.4498125235537668,4,12,1365.7921295598478,69779.03807148311,0
176,2019-04-21,40,49864.50536511536,18714.19717459972,666.1746599228819,1.3270993572665637,0.6411826154695623,3,48,4707.812639846518,41443.13562290462,0
177,2019-04-21,68,34422.914788249946,14207.001668897152,601.0401513502326,,0.2182515384230391,2,36,5131.403631036635,45834.13046825912,0
178,2019-04-21,58,15623.515469232058,15593.072320413254,716.2827261725854,5.183752241463092,0.2932988151472674,1,24,3765.602326022748,44864.80121120368,0
179,2019-04-21,39,28972.565348995497,12717.118833775085,578.8274533409635,9.484937040662349,0.3847168883788358,1,48,3088.9261070466323,27813.723894987816,0
180,2019-04-22,60,69131.17015247801,16801.538619927465,817.6135333271695,0.0,0.4469734306588656,1,48,3723.858108458237,40762.315349714576,0
181,2019-04-22,29,54498.1062249912,16708.535466340072,650.0533878212005,3.980094485422687,0.3176498543678551,0,12,2578.6353724194246,35166.35968182847,0
182,2019-04-23,44,61353.864265304175,25412.090907839112,531.4273954866974,7.20012555908985,0.2190558364319449,1,24,6614.116682286764,34897.78613246673,0
183,2019-04-24,57,43840.37117352812,27262.632781300308,514.328600155111,8.427986848747228,0.4822111293385356,4,60,2600.169220290469,44754.38711528146,0
184,2019-04-24,63,34734.27613791668,27017.553737185543,638.5977932194548,7.32161751473819,0.4581703043818372,0,48,4980.084795404981,26265.355401469897,0
185,2019-04-26,66,53577.88851057833,8618.129009600627,582.122977173932,2.1407666351014067,0.2125588849154412,1,12,2406.799061553156,21928.17368794378,1
186,2019-04-26,69,59227.58542892942,21061.80141124444,657.1200395273673,,0.5533164201658243,3,48,5329.343682712894,47540.8759060813,1
187,2019-04-27,32,32803.87157056657,19048.5131031444,637.8590099658836,0.0,0.5255298063794905,1,24,5848.744060527296,32025.84111056995,0
188,2019-04-28,64,29301.92795532949,9808.361714904144,594.1736869874502,5.136280360885333,0.3701444745871689,2,24,3815.821847107512,34824.764195848955,0
189,2019-04-29,40,17181.105404826096,7909.172181514096,532.2565025545276,8.489843927225067,0.3619396793564054,1,36,3691.654919042272,11068.05170985008,0
190,2019-04-29,61,28923.62491084204,11986.396109022162,478.8122220251309,,0.433108665667386,2,60,2137.60955235261,54446.24173264951,0
191,2019-04-30,58,50033.78314515583,6512.932627501716,564.2788038346383,,0.2207445394615612,3,60,1988.748821372977,47860.2431787354,1
192,2019-05-01,61,31056.0867318257,3885.74985101384,668.5119035458778,6.650139902951198,0.3545047218746123,1,12,3705.726589790369,50621.03177967745,0
193,2019-05-01,36,53975.95076456274,18979.056693536164,617.1274995304163,,0.0271424683086229,5,60,5156.073929809734,45809.88430596617,0
194,2019-05-02,61,69507.62444204718,15261.859821256256,500.3408977030409,,0.4814683468254402,5,24,2648.080221897045,17260.645694646035,0
195,2019-05-02,28,40372.30831937201,15220.69081298842,613.8544740680945,,0.115776016633721,1,60,6093.244855576067,43434.98447018728,0
196,2019-05-02,55,39755.95358635503,22413.573875069294,630.8253903783069,6.296000691583553,0.5755129742643499,0,12,2570.650908796036,30862.997464825763,1
197,2019-05-03,57,48229.172906817694,13433.004907974682,529.2914051039094,,0.3004819859050324,1,48,3620.073259270797,25557.143421496912,1
198,2019-05-04,60,31383.962940925056,21642.935640342585,612.2980084756422,6.112633710367013,0.3182499527103234,3,60,3623.353916337903,47500.723621685815,0
199,2019-05-04,20,30290.19097747702,9088.186523249817,604.65669747568,5.600185499198766,0.2558399140873241,1,60,3206.4153642889373,64877.63375129019,1
200,2019-05-04,33,30737.38464654525,9038.261730179163,508.56237617355015,,0.3067941689116885,0,24,778.5489379255456,62400.09128434512,0
201,2019-05-04,49,22816.336968478678,15111.904927101705,628.6229888278626,6.416237241728991,0.5627797017722055,3,24,2559.491957794713,49332.17527765924,0
202,2019-05-06,55,53496.80276144527,31970.527437874385,644.8627621094588,,0.0,2,48,3582.882448711924,39546.57760811205,0
203,2019-05-06,26,32551.30069390124,25283.21872127703,686.6440994540221,5.597986567084439,0.5415448079132281,0,36,3213.351963358066,36766.86518621631,0
204,2019-05-07,58,56670.80388146888,23784.18839408136,684.3041641627922,2.690833307384344,0.4007035221652562,0,60,4128.586657586812,26432.4462033516,0
205,2019-05-08,55,47939.24488046721,4024.469195611549,489.7864505634327,7.018235582860607,0.1689467528214176,1,24,4279.378223323148,35954.00224439985,0
206,2019-05-08,22,39658.290543323725,16160.830351069037,524.9739968067902,,0.1887031410426143,2,36,3033.235256859696,53627.85939382217,0
207,2019-05-09,18,52144.42417093239,21568.85403170712,641.2028213766928,2.141640934299565,0.6014589540812304,1,60,2130.2953679390253,67347.08698037405,0
208,2019-05-09,52,25848.07631958477,31682.6224057405,641.1028760729768,3.0228829361698595,0.2081739680085903,0,60,5268.7304650626,27752.780395539416,0
209,2019-05-11,52,28293.935834342334,1530.1784535093248,641.2038149044838,1.5915289722599093,0.176997423410606,3,36,1639.0054201887683,10074.797729924518,0
210,2019-05-12,29,50703.96232835967,20847.67493050835,850.0,8.179045801413551,0.5205971813547093,0,24,2589.1993040431475,32036.890058315425,0
211,2019-05-12,53,7064.913380113801,23514.988655176134,645.6712408554533,10.936358277249148,0.4007829314428871,2,48,2270.8834283660817,53559.31169306702,0
212,2019-05-13,38,40219.167704505744,18613.937726072578,690.8452512144479,8.465485094681028,0.2093111635195401,1,60,4266.405360585967,71084.15935988605,0
213,2019-05-13,65,48857.53478192918,4197.457521347786,676.3201410794562,,0.3824937463106928,1,12,4979.610801434072,59650.61809985206,0
214,2019-05-16,60,59663.24090033044,17026.06897813835,652.1113001044638,4.803639139162337,0.1961370974539583,3,12,3116.216613944652,59279.27818567566,0
215,2019-05-16,25,62732.19498531416,18430.58043701336,574.7784604287724,,0.5151232097633908,2,12,3620.554283751974,27256.59469487889,1
216,2019-05-16,44,38045.70626074125,16422.276451236008,660.7175376394614,2.041112117391487,0.50920564473097,3,48,3869.2981095697705,27679.159396764877,0
217,2019-05-20,26,51553.99792724656,9520.268241181227,538.1739828369942,,0.4298009298232914,3,60,5588.33845656941,20142.855441006883,0
218,2019-05-20,45,27934.747632518516,8529.238793112632,581.0545114607993,1.897930072027611,0.4042491591870524,5,24,1116.3665305668617,30017.803958118537,1
219,2019-05-20,47,33347.70341472617,18649.329016108422,561.1709161736717,2.4515899573685145,0.614178218730106,2,24,4263.610707241994,53711.46675116748,0
220,2019-05-22,31,60514.90770476744,9589.073954912488,606.5499311509058,4.413495572202519,0.3499529491082337,0,48,3803.989268257712,64367.30780402389,0
221,2019-05-22,40,39401.43532616422,9771.59624315349,785.1726853338807,4.661240683475984,0.1727188811868798,1,60,2869.783926776058,45182.75906924294,0
222,2019-05-22,46,42395.16642746231,13882.85087006735,450.6187845926602,,0.417421086924846,1,36,3741.116752983703,36173.18559985122,1
223,2019-05-23,43,24502.956398821472,16278.161088895044,654.900815229961,2.97971410438074,0.6629070574305671,2,36,4259.36955312073,23999.12773489867,0
224,2019-05-25,39,46338.5074701136,23309.87795315656,470.9827303048279,,0.1977860760221221,3,60,4062.286723936837,38312.27265980061,0
225,2019-05-25,32,51310.81427268569,5431.533060192223,562.2454507368453,4.30572849268518,0.2957805849959021,4,60,6031.4590907287065,43046.89491475832,0
226,2019-05-25,68,50845.34355595258,4641.074786990423,687.1160477573893,4.507828375371483,0.4124669057152179,0,24,3492.68531807544,18053.91890840206,1
227,2019-05-27,26,21829.58299075702,11943.243249323375,605.142401527637,4.264175993703747,0.3419142726491391,1,48,3366.964812446241,53822.09392760183,0
228,2019-05-28,43,54999.165149665445,1000.0,513.7804177656556,4.2242743787875385,0.2026544629434028,2,48,3106.709851246115,33641.29005537011,0
229,2019-05-28,34,25028.490096467023,19692.474507166786,542.7757032592026,3.9481279683448256,0.5182786784345705,2,24,4024.556879765694,52921.23761651801,1
230,2019-05-29,26,39603.77501369432,1000.0,654.367819914774,,0.6980061083025888,3,12,3293.260506475898,39836.20056923524,1
231,2019-05-30,20,15728.212444096936,20658.98813691796,541.5706694626291,9.386600252139372,0.379419718853586,1,36,3349.844764664292,44458.2503933096,1
232,2019-05-31,33,37307.97463486044,23872.059492438457,617.316687166558,,0.2143897565395999,1,60,3355.6206583411545,29470.761848780385,0
233,2019-05-31,30,24946.20297757837,17077.66540479829,603.6457471923051,9.186276518600195,0.1176559212419787,2,36,3165.072621470717,34830.77071276826,0
234,2019-06-01,43,33267.14260487937,1000.0,547.8719721915346,,0.3886963971831771,0,36,2572.492330642824,49630.63185042935,0
235,2019-06-03,34,40898.65659526723,15848.995257705445,771.515527146026,6.211425577095475,0.5155816014974386,3,48,3855.966506079472,38027.52647892439,0
236,2019-06-04,49,52408.37210310623,8626.078213535046,650.7135217854409,3.731462904851704,0.4212751619743072,3,24,2977.02387706256,23425.389764542462,0
237,2019-06-04,41,51893.55200038441,5383.973286354463,437.9885930673914,3.5683819334462656,0.3496394238621719,3,12,4100.432711858888,41673.6108257842,1
238,2019-06-04,53,5000.0,19635.464743724504,614.9163451815542,2.214067533604476,0.261609252231604,3,12,3471.7928694933294,45785.12525257602,0
239,2019-06-04,39,50174.77409701242,21134.88693917376,547.057082818529,,0.1861754550922865,2,24,2850.114737922025,60593.32788508046,0
240,2019-06-04,26,43094.14608767352,25285.539571832986,668.1946667836979,4.25378190365674,0.4752126989487323,5,36,5289.371339627164,57288.29902989208,1
241,2019-06-06,39,31596.95961489657,12721.676365737869,536.5983409253839,2.2340182935201573,0.4870657432078378,3,24,3205.4426013996126,39030.466804691976,0
242,2019-06-06,58,26793.89046120399,16375.531225392027,590.8210846826481,,0.11814053199639,1,24,4111.862101535591,31789.97253003632,0
243,2019-06-06,67,39063.57793787304,28322.87049944414,640.3989823184365,7.289407524952183,0.5884758467271025,4,60,2458.354700843207,36575.47900957464,0
244,2019-06-07,63,43458.97028340865,31762.308088948103,669.2604155336097,4.575995222605095,0.4361106831341002,2,60,801.4091694193588,32143.997389331143,0
245,2019-06-07,37,45668.23423421847,23642.965465425325,503.9762874355378,5.732773002426291,0.559939196771869,2,36,2624.5843737370246,47592.418385559205,0
246,2019-06-08,20,37040.64866319897,12200.333774111838,573.2399011327241,8.005629152819164,0.1486808377272327,0,48,661.5224503335912,55624.97683923475,0
247,2019-06-08,53,5000.0,15058.041389088006,562.0043751071235,2.136211472902194,0.1451263766876841,1,12,3037.254749809273,58597.51538941133,0
248,2019-06-09,50,32570.45136094877,13574.436626314407,547.733661394103,,0.3276546035349054,2,60,5169.142101507151,33816.90321253503,0
249,2019-06-10,35,22244.614869458102,20645.04987044104,741.2363392224877,3.082939335012324,0.4254176640342791,1,36,2201.7270557375195,32319.604008788225,0
250,2019-06-12,53,70828.31452774518,8442.745906932214,632.3985368768764,,0.6194541234390445,3,24,700.778511340598,33694.08363162054,1
251,2019-06-12,27,40889.69148129067,17570.665450512795,499.1292836531964,10.25592017139478,0.4559118370722697,5,60,5208.654572098992,11019.445748707614,1
252,2019-06-12,53,51116.800193248935,17611.02658095637,673.4289557643821,4.731831914181552,0.3135978084781949,2,24,2739.139879178019,21957.814621796224,0
253,2019-06-13,38,49526.90640626152,18070.00420478553,769.7724957610106,1.814230500089466,0.1960446188501161,2,24,3313.660355622473,39481.70491091975,0
254,2019-06-13,42,44654.9271394262,6820.837673032116,682.5972208440918,4.665400029858938,0.5345000859078725,2,60,4318.68329474718,45689.07610665954,0
255,2019-06-13,66,33756.735701510144,16977.62719701306,478.45040272367896,1.3715465435310563,0.2052941861373927,1,36,3987.29928956977,47367.59586823819,0
256,2019-06-13,57,31842.564191081605,29154.3819701054,561.2612741706998,4.347683850609937,0.5942702832158482,1,12,4271.473857848169,28292.58367194198,0
257,2019-06-14,68,9691.09749501492,11344.379542851462,701.3528919349299,2.964548537066401,0.3073423025590235,3,36,4458.869570265113,32633.347782709687,1
258,2019-06-14,26,42132.897027119645,17077.901973259693,543.3864427504975,6.5328322736764255,0.5885873108926776,4,48,1150.690042596515,35957.44290040809,0
259,2019-06-15,65,44505.71405436828,1000.0,635.5055542516983,10.811230210946473,0.4518396935088917,2,48,1565.3986581583092,34283.11151746661,1
260,2019-06-15,44,39282.5523070313,17023.155334737603,661.9707242743469,4.475223013131032,0.3294506765836312,4,12,4797.295411619384,50320.26580996996,1
261,2019-06-15,32,42151.32803072614,16732.554449367086,525.8455622737533,,0.272090544226081,2,48,2356.159404468725,20377.38835057107,0
262,2019-06-15,69,21903.844990688067,15931.792618335916,595.237971515056,,0.298863818398088,3,24,2492.5260271288844,22760.56592435587,1
263,2019-06-15,49,35589.29029050657,20842.916234017164,340.6986127944742,,0.4142475038562856,2,48,1754.7801806279358,35523.470565288306,0
264,2019-06-16,65,30252.193093273178,12767.706127542207,518.0489886932568,6.548993195298404,0.3615734744326574,3,60,2827.148471648981,19515.944449934883,1
265,2019-06-17,61,49975.088734525154,24411.212291309494,579.7945478885472,,0.2609282887896942,2,24,2896.6882537277447,11492.94581565008,1
266,2019-06-17,67,40614.76492352874,7934.951573929722,500.17734544281205,0.0,0.3251552884523551,3,36,2161.5074737268865,17597.84260570368,0
267,2019-06-18,56,30402.81041212196,26546.26825958894,730.5929043145309,4.843022156753912,0.3617865544578724,0,12,2016.9799022386528,36359.2811732685,0
268,2019-06-19,33,37600.73673147546,16701.240653759116,485.5886897631494,,0.0306898858377781,2,60,3731.6621985529655,49457.96224488213,0
269,2019-06-20,45,24407.12986418536,14426.876696872612,564.7964410642413,7.872566385237674,0.4187252172183048,2,60,2323.7467497227967,49770.49801589239,0
270,2019-06-20,68,35077.373097382704,3545.5951516834866,610.4592461828873,8.932525341599039,0.2030418162924789,3,12,2575.4430121105065,63818.73148808637,0
271,2019-06-21,23,48740.30442522427,6122.4082372237335,715.3018631252893,2.9765188820058386,0.1770001395191382,2,48,600.4853998657327,41524.97676356291,0
272,2019-06-21,23,20015.57689717617,17806.71579539713,485.1310279056448,3.7908572785889945,0.0968983479333934,0,12,5756.083636497114,43543.00768493242,0
273,2019-06-22,55,39082.65095731661,9265.535215398308,693.0531001723967,4.63937553977511,0.0809161253198164,1,12,4510.613370176709,36243.89444457484,0
274,2019-06-22,64,28750.976293326217,22960.421973256365,600.8186448815669,7.128881426110572,0.1466828745331566,4,48,2714.825766674656,36972.603013959866,0
275,2019-06-22,19,20026.275079634997,17299.486013568672,521.4793079161639,,0.2436468563554264,2,36,2209.4821637611826,71208.17997392819,0
276,2019-06-22,58,67979.40398933468,3599.885315488931,636.9682779410616,6.5744952341430425,0.6429888706289852,2,12,3346.94432987474,43920.27155882548,0
277,2019-06-23,57,58806.6102699714,21088.692844869853,615.9247756458776,3.846893976115121,0.2711180486157194,1,48,3312.6663463362656,45224.11403641183,0
278,2019-06-23,24,31029.050145267574,13700.711311854182,551.9826498272964,2.8824760713749145,0.3766625159402046,2,60,1738.3751214400245,22823.285456245503,0
279,2019-06-23,44,35653.46354906546,14633.920246704763,605.5841667992015,8.329185426303608,0.4100722079759493,1,12,416.6666666666667,46156.33412357602,0
280,2019-06-23,45,9666.312861948998,23356.68483633173,569.1749122510591,5.937082617875159,0.3696597779323773,2,12,2675.738448937497,49874.97968985197,0
281,2019-06-23,33,16112.691915326202,3845.601815986378,609.0813876200998,,0.3383834808911009,1,36,1379.1151697089415,56654.65191906798,0
282,2019-06-24,64,23079.573894527748,6002.924482979144,652.9704539616837,4.3811201120303975,0.1707059354601132,2,36,3547.5582667377607,49451.26787352252,0
283,2019-06-25,26,39496.22537230007,17604.636246998067,726.8813452916281,7.412380920361729,0.5676391322418818,1,60,3555.9352916591765,38098.92657874025,0
284,2019-06-25,69,38279.17732309126,1409.845548333502,500.97476009385207,1.8119897274893404,0.6210794965456827,3,36,2116.817460405948,37458.65030705187,0
285,2019-06-26,32,44975.82919934932,10142.818586981504,770.6426699725014,2.2897067166219536,0.0976011958815971,1,60,2665.102998764017,38918.78981846646,0
286,2019-06-26,51,50179.11488605286,22827.678399879474,443.83297603819983,7.826316411107182,0.196395711367043,2,12,5537.135448305938,41607.80565341355,0
287,2019-06-27,37,44170.1392732975,14130.167092248836,587.8571923971533,4.789279847065744,0.3080284486434491,1,48,4302.243991172037,59014.75661209268,0
288,2019-06-30,31,23778.88228058086,4004.559145224306,647.0653765187661,4.260351635209187,0.2053193307634712,0,36,2768.0173699472034,56089.59323801811,0
289,2019-06-30,28,44860.35151333098,16512.781044377385,622.4793494188026,2.241397446536612,0.4258948330183797,1,60,6198.282492003306,51293.66430588671,0
290,2019-06-30,47,49530.277169487104,11760.93111952567,550.1840384143525,,0.240759169639008,2,36,1837.1615683687776,70438.14970705447,1
291,2019-06-30,20,33590.91127351695,9381.672759697867,583.350219971418,,0.6747584101709903,0,36,2317.46492731264,5000.0,0
292,2019-06-30,19,12303.675114212483,43451.66459501452,560.5599252272934,,0.5285822891515394,2,24,3195.190619948424,33099.12138510954,0
293,2019-07-02,67,57761.035876658105,19598.623075050724,552.8508194444631,,0.3818861045948322,2,12,1419.5745016129388,39830.910713284255,0
294,2019-07-02,31,41324.71824197863,12732.303637393334,667.968167761682,9.16038092247953,0.5040479394979598,0,36,5571.219789118142,29916.557890585405,0
295,2019-07-02,46,5000.0,22186.444110855176,628.5612388772038,,0.5158850636535963,1,48,3562.2733817199337,26053.739130214133,0
296,2019-07-02,22,71053.79627300793,12672.106071198925,544.5672323791476,,0.2654078767912635,2,24,2345.89726220859,14242.605394551894,0
297,2019-07-03,61,32818.56221372748,10854.91384595977,671.96799003466,,0.2275674133187052,0,60,3893.067022589285,35330.07081873606,0
298,2019-07-04,63,76585.34780765974,17395.568032438074,624.5839616701287,,0.3617214594454471,4,60,3515.903143705698,53410.40580762747,0
299,2019-07-05,23,45660.46549202871,19069.520641521667,665.0289695071168,0.6719513357820324,0.4792454186746916,4,48,2952.519478176025,51609.04513456409,0
300,2019-07-05,25,36959.80487393239,22405.956805620564,650.370307353889,4.047149259874011,0.3708590597980126,1,48,1822.689374806483,28718.051706389477,1
301,2019-07-05,56,42753.92086460959,26389.32464193912,533.6803991262342,6.596247177996918,0.1134505276713504,2,12,1538.0684264219497,43303.6761779753,0
302,2019-07-07,56,29360.924242842266,24500.044164101244,555.1855167842424,2.84702553331213,0.2295763334073736,3,48,6066.834580137366,60363.99722824137,0
303,2019-07-08,61,40919.65596334055,21852.560910112377,659.783488409861,0.0,0.3389040704608432,4,60,1642.414726945837,17198.994319821508,0
304,2019-07-08,46,70159.30949812285,22674.13966938149,648.8296212346772,9.409476856773622,0.3386501593511254,3,12,5455.790232522552,37617.460294412056,0
305,2019-07-08,56,26520.663546238706,24477.600066152067,598.3278724828682,,0.6458813265184712,1,48,2277.3843988133885,44297.44436213409,0
306,2019-07-08,61,48000.4706340277,20678.60790821811,609.3861906647026,3.573589036942445,0.1421018086401503,3,48,4320.874042758736,40150.23010055185,0
307,2019-07-09,44,29203.617329096727,2316.794904487666,702.213191663074,3.110523801412003,0.4258383862753812,1,60,3915.124695934308,52759.50091026091,0
308,2019-07-09,33,37478.78523392776,18981.15849490714,552.6742888931336,0.9587247208809488,0.5733669662492434,1,12,4165.106708703855,17532.609555072013,1
309,2019-07-10,44,69649.15500820908,26015.817004390607,643.767790493603,,0.6907174618134193,1,24,4248.351173633571,24912.720088038805,0
310,2019-07-10,56,47896.92720117802,8577.446616664056,583.8245878052885,,0.2893403865224058,3,24,1318.876305411445,50230.62014043993,0
311,2019-07-10,57,51185.10285210377,11863.558717988144,582.5855037418223,1.0850785073442897,0.4237144179080299,0,12,2487.900842740612,14466.639083574775,0
312,2019-07-11,18,41062.69594078426,14519.176465468248,687.9021481589753,5.006738321093759,0.435464053579797,3,48,1623.2733843111907,52176.51761549915,0
313,2019-07-12,62,80432.33064203628,16520.83249160433,666.0333079190424,0.2629073283317424,0.3793222597329936,0,48,3569.959659392829,46747.2723434787,0
314,2019-07-12,68,25755.418823638647,10559.189803046653,665.0807708800511,0.5947201957972226,0.3351732198141041,2,12,1679.1529181780506,51128.79609558041,1
315,2019-07-12,50,16309.42138693697,15458.096914722762,704.4383045723463,5.621061528172487,0.4153963084250068,0,24,857.0243619918068,32960.65520860444,0
316,2019-07-13,67,65290.188757915465,19106.01831755397,601.6803073306207,3.147593981007616,0.0,0,36,3036.4866626538656,47647.57655070178,0
317,2019-07-13,56,34276.2467702737,1000.0,654.5562377035972,6.070020326155785,0.4523104235093946,0,60,571.9845177240259,22415.686447738197,0
318,2019-07-13,44,46153.88603471161,15598.214772972431,575.1786594725235,3.973983225306024,0.368926685549295,1,12,3656.756076734529,33782.425863005206,0
319,2019-07-14,34,65745.3774819918,11939.380367631931,625.9333081990753,4.44332478960186,0.3166287654832602,1,36,1761.2964291111566,40545.084104163,0
320,2019-07-14,32,46353.38255525082,1344.9634591410431,589.5885556505852,7.340318945297247,0.6570293293579337,3,60,2282.6086482330484,26518.758631646357,0
321,2019-07-14,39,73462.27407716727,19513.59750447144,607.7596771994174,3.353928770600252,0.2487598971814171,1,36,482.8133668862077,43271.60302051392,0
322,2019-07-15,36,42042.93794208247,17490.333202131475,647.612562034953,7.129103109007851,0.2895386016402453,0,36,5395.961100594016,22836.89156810101,1
323,2019-07-15,45,29378.09703987328,16319.433990291072,534.5423453413222,3.740456854781037,0.64873299533071,3,60,1504.6897246107349,44029.762147525165,0
324,2019-07-16,40,5000.0,19883.88241208569,767.3909820548369,2.5377744088963605,0.2251908042725214,2,36,2878.3317901484647,66127.75456580918,0
325,2019-07-16,53,44508.21172601497,17569.999389526572,519.5186094800239,,0.2674827075595191,1,24,1093.6600927567758,21150.015420739623,1
326,2019-07-18,66,6453.606947422544,9096.813319053525,502.86491097698143,,0.3279461864853725,1,12,2288.748572857368,39661.59825586112,1
327,2019-07-18,56,44869.59611719973,20783.86249101752,692.6488698800055,,0.4761101723194323,3,24,5523.110559613597,15730.584129322782,1
328,2019-07-18,65,61893.07262316912,22153.90010569334,663.3330155170348,0.0,0.381170376102997,3,24,3705.179252415018,27505.68972864374,0
329,2019-07-19,66,39744.08969289303,6313.540691947726,649.9295853641725,2.016471154478966,0.1561061979271606,1,60,2428.794587945109,50529.23757609169,0
330,2019-07-19,37,42851.59439273919,22044.116593571824,650.2676407411424,7.46301757979765,0.2701747155309215,2,60,3290.616483764004,33540.57097314799,0
331,2019-07-21,64,53734.97044726105,12731.68097540064,599.0202581722468,4.975057362596004,0.2588968350181683,3,60,2632.634512475069,51136.15208152696,0
332,2019-07-21,26,50043.01365334008,19902.56835554332,528.2196502811335,3.836372485011241,0.3384168432165431,2,36,3217.8076085488497,45338.25038015136,0
333,2019-07-22,40,57407.47734115047,16215.61502354908,606.0643646554981,2.926130769772786,0.4138765487944743,1,36,4263.169232124535,39032.22592990012,0
334,2019-07-22,62,39712.32062249287,13623.807623882089,545.8270630790311,4.756243092499729,0.4127308633831957,2,12,2919.4608459495344,24558.811079148003,0
335,2019-07-22,24,6232.971639848583,19313.68107187696,678.00957867342,,0.0835982368927396,1,36,3608.3226757397138,50282.32327746307,0
336,2019-07-22,48,57640.26537676093,12334.925358736631,588.235409479829,1.654832857816407,0.5095911481341284,2,12,3628.952705393652,44562.00592677242,0
337,2019-07-23,68,36417.97168974135,23642.342064971534,533.9602242565991,6.390674962488692,0.3878853268994935,4,24,2925.651274211154,17079.393879859676,1
338,2019-07-24,28,26820.209790563276,24957.84933944339,574.2891326677606,4.023100785720853,0.5576798071390859,1,12,2413.425846245764,25532.116100750216,0
339,2019-07-24,57,45039.03087094688,10623.40914782722,633.03451634205,,0.4166297490936007,0,12,2676.854137577757,5000.0,0
340,2019-07-24,34,42798.12731803937,13662.176245208584,554.9020357756821,4.90395927471095,0.5151984436603643,1,60,4207.314897752179,19515.59790574361,1
341,2019-07-26,53,28758.06304925214,12006.842871936731,534.2223683546855,,0.419981796717519,4,36,4311.354214552647,35299.356084694395,0
342,2019-07-26,43,20716.23347179813,18002.042053951656,619.494976919353,,0.5519338634304122,2,48,1911.0904192477444,24162.16539478461,0
343,2019-07-27,53,47026.23037283168,25480.44972298538,619.5973256886978,,0.4283375954026667,0,48,3007.096665348323,27525.001059194696,0
344,2019-07-27,35,27251.924928902085,1659.448192413849,559.4445459703096,,0.3353127130335643,1,60,2392.1809969554147,60858.552363636656,1
345,2019-07-27,48,41715.752127039006,3653.576734609147,562.3169355505341,6.747667880414279,0.6908652080670322,0,24,4333.273870478509,55432.199860571,0
346,2019-07-28,66,45601.68033166659,14331.794590514432,618.563994988611,1.5280151928015329,0.4833555683419838,3,24,2744.329533608457,29579.97718359097,0
347,2019-07-28,52,54522.64229313137,16487.442360457328,484.15325268021405,0.2771389080492046,0.4360616631506619,1,24,6084.488105297543,51903.06451603773,0
348,2019-07-29,58,71786.55403539352,7469.654910907348,487.4028980498756,6.669763999108175,0.1585543375192496,2,12,3605.705070704649,58223.09279356262,0
349,2019-07-29,45,43558.13801913488,16445.92172262673,542.5244622998051,,0.1567538573804693,2,36,4810.828901112361,49278.227373786336,0
350,2019-07-30,43,33619.577946017125,9072.346663550692,582.9242278630522,5.859246813382516,0.393907322321278,3,24,2065.0697998291257,44483.91224562843,1
351,2019-07-30,23,64876.53860514235,11425.780562910884,624.8726052478404,,0.371828179665236,2,48,3347.986019690665,56474.84616577607,1
352,2019-07-30,51,55721.39093272264,25157.033764667234,718.0284973559642,,0.2578816152487525,1,12,4103.549706296112,51542.76969936119,0
353,2019-07-31,45,42525.74541674632,12254.935095522402,668.6127698561615,3.922177659907797,0.371147404941809,4,24,2041.7080310560832,21803.58604663884,0
354,2019-07-31,61,43547.30419219872,12114.20144033109,587.2049176029259,3.025868228739727,0.5882940392065393,2,24,3358.761723096555,37166.0161909155,0
355,2019-07-31,64,40403.67586212041,16054.09500800312,598.4787033677849,,0.4543103711825448,2,36,4648.157123584004,31718.963784106803,0
356,2019-08-02,26,42433.17257113725,23738.325616197868,519.7976508289753,,0.1788487235370892,1,36,2924.020823428976,57287.10225890618,0
357,2019-08-03,46,38472.01972536076,14655.821416285926,598.5189491206088,,0.3332736759285584,4,12,2268.642702617552,31293.669238218616,1
358,2019-08-03,51,25377.54276478051,10534.071548532876,576.9073088863889,,0.2292550278721158,1,48,5587.032652673981,28717.225430352344,0
359,2019-08-04,29,40133.10188278619,19633.00309714005,625.8174848270471,1.605563708374817,0.2918450125387158,3,60,1868.65170627546,55400.23111707459,0
360,2019-08-04,33,66359.11325608217,21501.885317615248,533.8215245158142,8.987236021967059,0.2879576501555536,2,48,3528.196618810318,43895.06523897655,1
361,2019-08-05,24,27759.369985170237,24157.29167679693,641.5477211392938,5.078331058865557,0.2783531626093992,1,36,2447.987910412325,71676.7352594746,0
362,2019-08-05,48,35930.930208145655,14714.698771025316,722.6191130402062,8.194642943726414,0.1617296942039907,1,36,2162.290534761393,27066.37715790317,0
363,2019-08-05,50,26621.21100767991,18801.40125515269,591.2991881234514,,0.3308517977722714,0,60,4260.404686712408,32217.46105801001,0
364,2019-08-05,24,57359.98443510325,21323.13288148803,632.1369377679154,11.61155629133661,0.2659088544729034,1,48,3076.4134437551606,56829.51606141738,0
365,2019-08-05,20,52445.56194060568,16454.903306040185,655.211519336889,8.533989484878443,0.0,1,48,3840.691415107956,20813.49443108468,0
366,2019-08-06,37,20825.30769469272,25555.530685369245,567.9023622491331,,0.6579458036752495,1,60,514.4011819268404,59795.38536888831,0
367,2019-08-06,22,9723.06357291976,20211.073284047397,617.9273985448333,5.061586705295813,0.5133154481325007,3,36,3962.233060785909,21888.169267231424,1
368,2019-08-06,20,52985.51768251919,30062.92599712295,601.0073920625435,5.071962578526589,0.2935548912612505,2,12,2432.588443562917,49153.35344816551,0
369,2019-08-06,64,19910.99317017876,22341.684196482023,607.8140878839065,1.5918218336880492,0.3528228574610897,3,48,984.7683943854976,12354.234603020832,0
370,2019-08-07,55,52423.995351834994,1000.0,538.1592172915626,3.5541652409014497,0.1742518479023657,0,24,5689.257776817303,40676.947599824685,0
371,2019-08-07,32,30428.90447099822,11813.0229033781,601.9608139407154,3.3260693317405883,0.6043584316716297,1,48,4084.6002414516174,19457.042659227565,0
372,2019-08-08,52,50424.99503331648,2057.2388019449045,639.839863299636,5.697540069158205,0.6345933042159667,1,48,3617.430099182831,68894.1285551723,1
373,2019-08-08,40,46661.74639252622,9889.434921421484,716.0914886236034,2.5545851540901205,0.3735040592369786,5,48,4895.1068955081655,23925.54230806728,1
374,2019-08-09,50,31953.18827465598,12029.102965344877,676.7416660868165,,0.5035295966278017,5,36,3642.7949350690033,27567.14486528737,0
375,2019-08-10,19,26815.119802058347,21949.80820035053,772.2545966009245,,0.3762930168400885,3,24,2335.065820653826,48031.38934454309,0
376,2019-08-11,53,48636.95069336399,11482.753158932132,538.612194968956,5.227488598357363,0.1494911841686103,3,48,3114.6238202303616,30985.635566548925,0
377,2019-08-11,38,29611.21420134252,26153.66603691912,669.7856509376543,9.404318804198596,0.2882264946554513,2,12,2485.375566843268,50499.30035528802,0
378,2019-08-11,31,56634.70357790653,9651.750588597162,614.6673604590682,,0.3697891950157935,2,24,2707.892217302446,29336.647320013188,0
379,2019-08-13,31,27514.75128117868,12692.174376928791,775.1842346574138,,0.2818178421884834,2,60,1761.2037510092816,28180.735650961677,0
380,2019-08-13,59,45255.25481208246,5082.318400237209,535.3361371715879,,0.3172020083847446,0,12,2120.8076135829338,39586.61940879179,0
381,2019-08-14,28,34146.93241059617,26556.38460383538,532.8222526255379,4.091395416284638,0.3362900663736328,2,60,4451.565249169177,21746.042395597862,0
382,2019-08-14,21,40085.711658291846,27626.69356270961,552.0485883644782,3.060201117382136,0.3378682253201808,1,48,3748.4276318373936,45945.49547001226,1
383,2019-08-15,64,29492.09514083451,13943.000999086686,430.0883420552154,11.459064166903602,0.3578387735746224,2,36,2704.567017668948,53159.47779804633,1
384,2019-08-15,69,37320.90346885163,3154.6737704264724,557.9395982655391,3.419696582947755,0.1909092400405098,2,48,2048.293502754414,48294.94959988656,0
385,2019-08-16,47,5000.0,13334.50284975028,539.2693870757041,,0.2424475776308095,4,48,2826.587109823417,49649.21307067382,0
386,2019-08-18,53,27806.162764607565,16857.238145308267,612.0315029180966,10.263168080818511,0.1573123601450045,4,60,1228.5210796244974,11127.171700519995,0
387,2019-08-18,37,31185.82474884757,9921.10098686732,627.3404780621728,,0.49667233245293,2,48,3491.621582613774,33075.28381211414,0
388,2019-08-18,69,38921.85205621502,33806.816209877,750.0936671372709,3.670105171518824,0.0341529587239513,2,12,4515.172685824039,36594.02251534432,1
389,2019-08-19,33,59397.876530532405,29602.731725044883,676.033907054884,,0.5230385514975388,4,36,6292.049158407112,61816.79007693399,1
390,2019-08-20,51,29534.04226005425,1009.430084170026,553.8477075470078,4.281694690235032,0.5579524095894265,2,60,1954.2599301281853,31280.3891749006,1
391,2019-08-20,62,61209.77735496704,5769.570454112742,528.1268262921313,,0.3046729119526067,4,24,4463.086390771595,5473.982608147562,0
392,2019-08-20,25,27078.720428536664,18669.78276161653,639.3535337205204,2.5838514491078675,0.0,0,48,2449.319026210989,24940.45739504761,0
393,2019-08-21,62,23378.170538362432,6424.973119418162,494.3813434383486,,0.2958034157049064,0,60,1922.762970769568,30082.10173918315,0
394,2019-08-21,37,11736.755972170413,16463.24127566603,746.5167012683482,,0.340372375806677,2,48,1922.2106722633623,7652.767991085191,0
395,2019-08-21,38,49101.769704315055,15085.634613729975,694.355209657703,1.6861831849517106,0.1984102670106629,2,48,3509.252991367042,54530.537810588125,0
396,2019-08-21,57,41290.33637561344,14683.457393616389,562.4659478316236,6.257011321599345,0.2727172409287636,3,60,2169.8413037167466,16456.29951722412,0
397,2019-08-22,47,48213.04328922992,23150.399841224124,462.9492376727298,5.460314913107412,0.5795292798295026,3,12,2574.776119216477,46690.323223481326,0
398,2019-08-22,53,41974.31033483399,29459.355035380617,708.309789933233,,0.4497390743452611,4,24,2782.8316699117563,23614.049114551977,0
399,2019-08-22,22,39862.042539236114,18168.620223748672,590.8368123797906,1.3899894692421737,0.211315382843285,1,48,2408.373533459695,62604.76550957616,0
400,2019-08-22,38,44266.35610677957,5303.365639123465,699.025304957877,10.360371456319015,0.1103601245606851,2,12,2317.602642459401,35857.69453332767,0
401,2019-08-22,55,72287.29199195976,16151.085013213937,472.44578729645065,10.083061680636805,0.3009474023585343,1,48,416.6666666666667,32813.32518121859,0
402,2019-08-22,40,32890.92705965232,10326.791521591262,552.0499981636982,5.106309950143729,0.3179814830974342,1,48,3442.024945973169,47923.81669984988,0
403,2019-08-23,36,70814.83308344099,30938.187773932856,600.4194959774546,2.9412488688092093,0.4244298781044974,5,12,3417.9226952813983,24890.49273218887,0
404,2019-08-23,27,52785.44702200536,20545.292142423496,603.7584475011794,,0.2697024931148511,1,48,2336.652271163944,48633.19710841302,0
405,2019-08-24,44,45477.968626171365,18220.155545953865,563.9947622816605,5.5944068245679,0.4267249363042792,3,24,3783.813671318797,32774.97062745261,1
406,2019-08-25,52,48317.92855032712,20196.84730800253,649.8279945877999,10.647785909166751,0.6402731060090343,1,60,5079.467748415441,31080.972300849084,1
407,2019-08-25,30,5000.0,14693.093544752384,514.5903656493924,4.715239281707432,0.4723251533666394,0,12,3362.808124376188,38686.46934574079,1
408,2019-08-25,26,36075.046236538365,25016.44073246463,588.6096411982966,0.2539022672955333,0.3427867239003841,1,36,4996.155557278617,23654.94346019992,0
409,2019-08-26,34,29946.499566798448,10432.88799824598,609.6236505369519,10.686102962299415,0.3225274293420058,0,48,6130.9982338672335,37136.624731199976,0
410,2019-08-27,48,71685.8999247164,22680.30084537396,641.1551067246999,3.798841670059432,0.2964990298730193,1,60,6496.489194733676,45092.27570683909,0
411,2019-08-28,59,34879.02020299587,27736.02189586273,656.9291902471111,,0.5270961368678216,3,24,1848.038225195832,5368.8790192335655,1
412,2019-08-28,61,39553.00035707768,8488.41102519949,510.0286326529705,6.877329544491851,0.2559029831073045,2,24,1854.5045753099955,56369.612943064,0
413,2019-08-28,62,39309.34398442436,17701.254381551713,477.2708663411502,4.554713370648057,0.3567834063499974,1,36,2777.7958374261943,52239.67195191848,0
414,2019-08-28,41,20402.010375067,18332.43009303238,702.2141457518808,7.8978186645791055,0.3576796852821627,3,24,3494.227334908134,12181.342381504426,1
415,2019-08-29,59,31596.675583526983,6403.8819871731575,626.5851209583674,,0.2747323710782702,3,60,5316.648333137809,9843.51556467028,0
416,2019-08-29,68,52253.468669598406,4048.148114320982,540.1210770754757,4.127129406978616,0.1441301678173848,0,36,4117.3848596970265,52628.59938401792,0
417,2019-08-29,36,8022.898236217698,7672.017043550795,724.0921580418019,,0.3984461755426502,2,12,1829.2244212427088,51467.78362774082,0
418,2019-08-30,66,44670.28574521077,14583.398688456158,609.2539707434287,,0.3408494042216924,1,36,2568.7615727404227,49345.52130987091,0
419,2019-08-30,47,26477.80316712352,18350.93541533457,694.3437747251061,6.643251767896742,0.4250360704154854,2,12,3280.83307337644,18596.14294746523,0
420,2019-08-30,22,59498.784670927176,12043.030140959623,605.4014785128087,6.6208464920776615,0.2699599540341249,0,24,1471.8833606514645,67429.63335615225,0
421,2019-09-02,25,45923.82650812039,30445.136019699818,764.859833990559,0.334049000621051,0.5331231948219571,3,60,3350.418905259476,28674.98699776708,0
422,2019-09-02,54,17203.481757849408,23209.40773488297,740.4272673954563,3.3933806871934893,0.2184839328182232,2,48,1847.7888445092765,43592.14811527375,0
423,2019-09-02,64,33757.82175232409,18621.433409280504,580.0828681216741,3.911326403844884,0.6068060426026838,4,36,1269.9319163866185,43776.68532758256,1
424,2019-09-03,53,46803.40045396883,11556.421290588562,677.7256760763485,,0.0878545235257607,1,24,2149.6017339963155,63893.96729196035,0
425,2019-09-03,42,35440.68905394188,15558.652866354289,651.6300759668118,0.7990481082930128,0.4152155096835336,4,60,3847.109651948753,41877.50949915616,0
426,2019-09-03,62,42176.804993914055,23812.437200452405,709.4905246025879,7.11940324669393,0.4213146023789935,1,48,3838.4779720664815,46237.62033511796,0
427,2019-09-03,66,39711.44858403911,22360.11044433801,522.8061231535917,1.6198731249545792,0.2306664398088676,1,36,3454.150729192633,38843.11183818876,0
428,2019-09-05,22,53002.31628874986,22273.58679223471,654.8841167998752,5.745043052005883,0.4136590906791518,0,60,4572.850409009429,22051.00916932453,0
429,2019-09-06,50,46593.48661998909,12570.67376869438,684.673958947967,8.343318995001269,0.5419278004640238,4,24,4440.312376100126,5220.091053445292,0
430,2019-09-07,39,39276.87421536159,10816.846701653398,459.30084108615085,,0.0174771740968903,4,36,3588.8100109211805,40488.698121909765,0
431,2019-09-07,64,40268.76607332875,3581.000263399488,505.339318986738,5.725249026641484,0.4254117211236222,2,36,3416.310645865464,18814.553642278323,1
432,2019-09-08,59,23757.48906125432,19228.36075031171,436.861425779192,4.4435562628053695,0.0,2,12,3495.2667148584537,45252.65822970808,1
433,2019-09-08,42,62010.730158032384,2851.8096381648083,578.4474532444353,2.0676570000949424,0.2051502794715188,2,12,3148.776858411981,42231.25130776234,0
434,2019-09-09,60,84433.20796630817,14875.91704149302,657.403380463677,1.325111730409163,0.5943749547351418,2,36,615.4049250487384,41866.5054407104,0
435,2019-09-09,67,35044.76130172793,11637.89556247138,720.1885641676822,,0.2627326949911919,4,60,4752.689389358107,24206.130708063018,0
436,2019-09-10,46,40715.49206310443,16779.718898739782,605.927582433582,2.568500777244378,0.1739180053386541,0,24,3830.236873200429,55548.1611454205,1
437,2019-09-10,62,55225.70415187714,24324.427603943997,730.2892436457033,4.383213706863987,0.3203093406522977,4,48,1812.9240260495071,47121.56645844422,0
438,2019-09-11,69,55142.04508738189,25829.204863044703,489.5918833428087,3.720126858866308,0.6601859507245328,1,12,5118.104107423879,22274.503254031257,1
439,2019-09-11,47,42674.64934473541,20619.08579483687,463.7294048515876,6.270848636217513,0.075247662919096,1,24,2595.85849806737,71028.21375883397,1
440,2019-09-12,65,25357.46472297193,8885.972760594157,595.5561840882705,,0.1923035132540983,2,36,3198.622080010056,36838.13023622788,0
441,2019-09-12,68,67272.38255013681,14821.329458254902,630.7252359151446,0.4129830902085727,0.5746147524769439,3,24,4612.80282779365,19985.70249011789,1
442,2019-09-13,47,50218.514799925,8009.887258019991,597.3844201524726,,0.6286553515306599,2,24,3608.50753132032,28624.72023607257,1
443,2019-09-13,61,43308.23360342833,9766.303074093234,434.6046319968098,,0.3344853163564574,7,24,5002.553135728208,17366.637076500894,1
444,2019-09-13,63,29157.5855479214,18859.345797798025,592.870396838977,1.744501036688323,0.1641420946210036,5,36,2893.2064595298466,60391.40376530355,1
445,2019-09-13,48,40869.32752961758,7206.323408887046,495.64243995961175,0.293595094746057,0.6643765252713738,2,12,5447.299847433754,56206.72490243781,1
446,2019-09-13,51,12783.289491061763,11364.747900868091,653.5738039064031,,0.5891663587623794,3,48,2361.0797085426807,51092.19362104556,0
447,2019-09-13,45,51113.5694957669,6441.714383371953,629.3278596877478,3.442622000838518,0.4518420481643349,2,60,4980.361244970355,48267.12852779275,0
448,2019-09-14,27,54771.02028626808,20266.377801631585,524.8096170938115,6.178723500003908,0.228139647659387,2,12,501.94680970908666,58725.132412245584,0
449,2019-09-15,21,43446.38487914131,12115.60779062384,558.8906466130645,6.16804106842037,0.3426455988742944,2,48,1958.093269165646,36370.086813670925,0
450,2019-09-16,50,25596.20613371557,1000.0,515.2629182488839,1.8419621482907504,0.3259459878432754,2,36,3705.7910064449834,46339.93215218584,0
451,2019-09-17,34,46778.46379174707,28069.12792322864,594.9856722181463,,0.3996276956923366,2,48,2832.776550654449,27821.627044240027,0
452,2019-09-18,28,51810.37070041504,23107.016973165635,676.4113856400991,,0.5676502157197004,1,36,3239.897558455129,37698.2717133829,0
453,2019-09-19,24,28851.454498328585,1000.0,521.1419162931566,3.704772028089489,0.4819125561706104,0,48,3385.3969835342227,46751.15759751085,0
454,2019-09-19,34,54009.88334730679,20878.65021492161,640.3237212414275,,0.1883935884522862,5,12,1844.705073174515,5000.0,0
455,2019-09-20,45,47867.76151891264,27181.575788126695,557.5793905302047,1.667836565845107,0.5564744675029306,5,36,1938.4213147426244,30704.33836547925,0
456,2019-09-20,34,35889.75529271355,13508.320455870462,536.5701734190125,,0.3969698210019732,1,24,3623.4858943438594,42474.80709661274,0
457,2019-09-20,58,31635.16631352021,16192.249010752132,591.4375712036353,,0.4530598693788374,2,36,2500.417143556109,38837.25901087939,1
458,2019-09-20,27,37316.88092727916,12450.271129663648,517.1806142064501,,0.5699811288917904,0,36,5009.625657034794,33214.05511381704,1
459,2019-09-20,43,25439.98348925839,19157.913962925533,555.7080555722255,0.6626002932609723,0.1832629625729673,1,48,3093.399389042352,48837.27908211217,0
460,2019-09-21,23,43903.94094866457,23265.39008594794,504.1697685928921,2.992314830907359,0.3446261631940305,2,36,4231.772387216872,29384.314401879183,1
461,2019-09-22,34,48377.2678116885,5471.254702403243,757.1780106333111,,0.2702818172961177,0,48,3886.8979199672176,21671.388100201948,0
462,2019-09-24,33,57528.948891932334,9350.70234542344,602.8210841577383,6.804431982699915,0.1148210861951816,2,12,2581.882011867476,57756.49159434333,0
463,2019-09-25,56,44461.72907835924,15813.176663587785,544.0219593605932,1.9573454688814504,0.4020064966407379,4,36,857.9223496428676,55639.72788905796,0
464,2019-09-26,68,45869.76649315804,17481.748202038503,617.1183928587377,8.953135178626662,0.7267334827376635,3,24,4814.510042859642,31012.76353596062,1
465,2019-09-27,43,35979.88386241964,18259.65036940668,591.0137560247337,0.4517042545995906,0.073988338324137,3,24,2109.696987461905,38969.581454699546,0
466,2019-09-27,21,26888.446557059902,13459.838151432885,582.3224320373422,3.8841831797975934,0.3451579083425794,5,12,2828.635763984903,52689.84531035568,0
467,2019-09-27,37,33551.02043613688,7943.525823684128,649.133336003474,,0.446081440261216,3,24,3144.7802813751155,40660.51490096123,0
468,2019-09-27,66,61421.06217853731,22882.09656403087,660.6006168037844,7.649280947595431,0.3684617302484271,6,48,3269.568873203732,47953.11410307021,0
469,2019-09-28,58,49511.21405129464,5226.817117650013,557.5599081911578,,0.3330307921226389,1,36,4535.781661507106,47133.50190590117,0
470,2019-09-28,28,46110.95766466556,11061.78901281564,553.9345407484255,13.123832425350605,0.1551175454831263,4,60,3340.6134057374293,35212.446742677894,0
471,2019-09-28,40,12769.43815454882,15142.50338144666,577.9958642278684,,0.3849180114410245,0,36,3174.1407205091696,47738.86004022109,0
472,2019-09-28,50,44692.19975115548,18881.11199465578,415.8463068211532,5.835336012257018,0.236485403447611,2,36,4606.4032790146,25525.84560963073,0
473,2019-09-29,48,20054.760889110574,12665.035830560257,478.7847150241158,3.999083360084296,0.021511744253217,4,60,4084.1487981918144,45914.11477117833,1
474,2019-09-30,24,21124.471085426758,21024.60452665701,709.3499413955619,11.405461663985758,0.5291888330770596,2,24,2413.8702758575146,38888.535153824894,0
475,2019-09-30,39,22804.71086732378,25006.309562903087,731.5974170801027,,0.4937578729763063,3,24,1899.389111484792,34589.19352127111,0
476,2019-09-30,22,28407.498099455515,10017.389003574128,580.0771168354897,11.32252081471496,0.3577491465276619,0,36,2303.708614333434,21298.961958049826,0
477,2019-10-01,54,52500.842349421175,18132.573631080693,646.1245570444613,6.419699224677096,0.3843612032308554,0,24,3271.8086455980647,41974.88891438786,0
478,2019-10-01,18,43398.881892669975,16969.363442900572,624.9000123634829,,0.5111477019073342,2,48,1775.7661143703056,40577.95416484667,0
479,2019-10-02,23,25852.805830337467,12271.982254843602,846.3104646764191,,0.3836509485167124,5,48,3446.7746422864184,27405.45306766352,1
480,2019-10-02,62,31288.883225747937,1000.0,689.5659929147662,4.206210902848473,0.4856026332141971,1,60,3171.835446095407,16046.92269671803,0
481,2019-10-03,64,47474.71630679857,17833.512745719636,589.7665926815387,,0.3053776698689224,1,36,416.6666666666667,15332.873490528107,0
482,2019-10-04,21,50467.107036004825,18712.51734164139,523.5567647519659,5.9547369139624,0.546797560786092,2,48,1575.6143504992149,36188.90515660661,1
483,2019-10-04,47,42004.49789783101,23698.250764967237,471.4842943793942,5.31711301614933,0.3981178588899026,2,12,416.6666666666667,44597.46459132684,0
484,2019-10-04,47,22787.64377389337,12319.68306910541,616.2770908693778,2.6729936025961214,0.3791077915408811,1,24,2903.454507027947,67749.57391451436,0
485,2019-10-05,34,33812.108911940755,9663.477739761864,539.4919403772558,8.496414262307876,0.1594908366931951,0,36,4675.850390015834,39322.67732424228,1
486,2019-10-05,41,75714.8723400901,7683.480640059057,486.2197032321861,8.453840825214296,0.3930433781452563,3,48,970.010889048328,15619.209226323004,1
487,2019-10-07,48,21836.889503234976,1000.0,548.2741692605979,,0.2252067623758323,1,60,1680.4748085916278,36896.22747630593,1
488,2019-10-07,45,45623.99302671523,11762.26359054144,513.4761597108484,,0.2542575910207258,1,48,3128.6609992418566,58770.47347778424,0
489,2019-10-07,62,71812.49493001054,37131.97991299196,734.9713308058051,5.03031365316779,0.2276936557525818,1,12,2003.6420472665488,29758.065872481297,0
490,2019-10-08,60,35897.73650042556,25167.529548618622,670.5311805559561,8.372397158696256,0.1900647602151162,2,48,1997.4923744998432,56779.05366101337,0
491,2019-10-08,21,67507.05789045672,7062.522178887143,599.3621886946706,,0.6687157104525442,2,36,4010.3259660497824,42635.87069552494,0
492,2019-10-08,56,29684.73068855067,10882.516932601848,718.3955311112021,,0.5497008592982604,2,60,2714.714027617182,49703.223317812844,1
493,2019-10-08,36,10376.574533959008,10831.765785344827,606.1894646118095,,0.6380551253216391,0,60,1474.9272240858566,67882.83997306065,0
494,2019-10-08,41,31310.8304058071,26188.257957424543,531.097263893739,6.974154277415834,0.1665657470666654,3,12,723.6884707619574,12441.041389475891,1
495,2019-10-08,24,28634.424979410906,32796.27471016969,721.8499261815725,,0.3606880624866339,4,36,6093.843045912997,53447.56274512359,1
496,2019-10-08,63,14947.327113756604,15718.368695919551,643.1128034947727,,0.1559738562193856,1,12,4743.719651536672,38579.48323178025,0
497,2019-10-09,65,33738.26546417021,17109.35475746161,517.0203076538835,,0.2456457684204404,5,12,2768.7916507558125,25762.29199969553,0
498,2019-10-09,26,54864.942695874255,19163.140996474667,584.7729057533113,3.751084176264342,0.2122809524875137,2,12,3443.155847913255,38490.4804461534,0
499,2019-10-09,39,31088.197171826472,14873.158928899336,529.9505397292194,,0.5359376009662342,1,48,2722.6695057120983,65364.56414727315,1
500,2019-10-11,19,34359.95264405539,17255.873941555386,489.3760215228531,,0.290565548284736,3,24,3971.404246822397,60024.1896963348,0
501,2019-10-11,44,60557.62979662352,15385.386430024922,674.0942038025313,,0.5102569000541024,2,48,2265.565373685982,9989.283082130452,0
502,2019-10-12,33,28775.935030389024,18823.759820793883,752.7533312376104,,0.4406181334382776,1,36,2654.3668127373044,28452.4044097625,0
503,2019-10-12,22,49283.914203928565,1000.0,488.1145940944687,6.9241495322096105,0.6955458128157184,2,12,3902.584383576454,54143.41353354052,0
504,2019-10-12,29,14388.506343266745,11164.156356557112,645.0375389352457,1.503994509219945,0.1280833665290413,1,12,5150.657213891343,39673.83883325452,0
505,2019-10-13,69,25507.86956815246,5532.846604563443,547.9485944702539,,0.5388849859680198,4,24,4260.102201660964,39729.79990184153,0
506,2019-10-13,43,36798.53402202638,20520.758380821462,561.0299692988243,4.665616977254657,0.5219661305601091,3,60,4875.725680321993,16475.10316311024,1
507,2019-10-14,32,58136.79714925893,8715.141751004292,552.6084860608905,,0.2039931742959448,3,12,2942.8116614443597,28817.847365514583,1
508,2019-10-15,20,26311.899738691405,2480.840647713776,530.8807384256147,6.319356539415327,0.5010700004709739,5,48,2554.570324112154,19626.91379449129,1
509,2019-10-15,26,26131.60257693749,1000.0,603.8817302355861,6.204180188348419,0.4004217444539343,1,12,910.3569094809284,15200.237828777572,0
510,2019-10-15,45,44085.287313879446,18595.013112198478,533.523990687117,4.117572291274171,0.3158785610069888,3,36,3423.581280009938,21133.930249037094,1
511,2019-10-16,56,46493.29741960673,7569.947522490719,621.6365460623871,4.96179753170895,0.2264096769542,3,24,3807.142122528884,26078.533638304903,0
512,2019-10-20,53,24466.03037830111,13894.556053341816,595.980951244069,,0.2421335822826221,5,60,2958.326588674326,28583.29796637867,0
513,2019-10-20,42,32171.56393587639,27663.04036258898,580.8841562506872,3.1381734736039477,0.6574718143678888,2,36,2362.456675708665,27368.05416909363,0
514,2019-10-20,58,56299.91241776473,18001.45849960868,527.3949070366722,1.605932367044273,0.3501024228436223,0,48,4887.587633137248,55306.84110126401,0
515,2019-10-21,45,22299.8636897897,10918.999605089775,553.8582935545334,1.53387035152109,0.4673195002297188,2,36,4123.08867982915,26392.836924694617,1
516,2019-10-21,64,45122.15108570618,5598.704030976929,660.4312980660604,,0.231365092749867,4,12,4974.365146482098,61392.77038278448,0
517,2019-10-21,38,32236.99766630209,18479.77178138851,640.0733750099505,0.0,0.2330220580667541,1,24,2141.359464563078,32740.36183616561,1
518,2019-10-22,46,61038.721255646014,13967.178332210213,521.7955804161159,3.4690296119020774,0.5122977213874913,4,12,2448.040675148304,46587.97989626378,1
519,2019-10-22,42,48706.29634701038,19628.68246570042,607.9465844343381,2.093991494950203,0.1475635682672701,2,24,4837.304887397829,47067.14622098302,0
520,2019-10-23,47,53208.44341461501,1000.0,660.1109698697431,,0.2877179348142092,1,48,3274.149483638595,26532.348688108043,0
521,2019-10-24,56,31936.2391721806,24099.631263390376,466.4475775102903,4.840702101183882,0.3551041116608348,2,36,2621.95319373514,35078.64152488449,0
522,2019-10-24,28,52367.72734027894,1297.5390952264695,643.4688153903948,6.034223863301133,0.3667058902760078,2,24,2708.939553629784,32455.842445894694,0
523,2019-10-24,36,51977.1551566787,11126.715957851262,546.9900992843322,6.846557070276376,0.3231360072475765,2,36,3319.4826756654534,45586.610692162416,0
524,2019-10-24,28,47792.333112220185,26119.880346179238,645.6478934874527,8.425391298843254,0.4093729671643884,3,24,4587.023103127595,38067.332658732346,0
525,2019-10-25,42,35760.86098763162,1000.0,538.9392674765986,,0.4539283633726717,4,12,3132.6922682188474,28774.02589079529,0
526,2019-10-25,18,42439.08017575057,14305.569583459528,455.60943194683847,3.001028655366428,0.4601956318188995,2,24,4321.499371055556,41785.87432988965,0
527,2019-10-26,49,12209.35697702082,12801.89619127203,469.79660496934696,,0.2021294286998259,0,24,3917.5555543908936,45094.2412469494,1
528,2019-10-26,38,66385.06927019333,14769.916995918178,603.8467957329106,0.0230931263220615,0.3073767353106804,2,60,2235.409533107116,67750.67017813881,0
529,2019-10-26,62,30941.161093844254,17849.604709857012,620.7778001377186,,0.5292144292815406,2,48,2234.4216233494294,41021.89684143852,0
530,2019-10-28,30,34977.23905583232,15120.61631026259,527.6546699916473,5.42906872624067,0.4841970781360808,1,12,2770.500093418985,40150.12520212808,0
531,2019-10-28,51,20233.022013708996,4279.9680398033615,651.08739670219,,0.1440710822778404,1,12,1662.286265005498,46425.97915690005,0
532,2019-10-29,34,50093.42299448718,15778.446015223446,467.0783950184832,6.094902140775353,0.4027219850528302,1,36,2690.659763584092,25758.96456005712,0
533,2019-10-29,68,47938.15065866552,14853.547002345686,594.7136161082146,5.409289912698096,0.0532662125937784,1,24,5225.125104247564,14117.35598446762,0
534,2019-10-29,64,35567.25560116723,14518.288963082196,503.1187040190035,,0.3570402353090554,2,24,3294.0954135491206,35318.46862418767,0
535,2019-10-29,36,5000.0,31688.04148417711,547.8531113758272,1.6682347630367138,0.6346650525118965,1,24,2375.2675007240164,56081.48646966611,0
536,2019-10-30,27,29326.667589557543,25699.410030403407,603.7918937053131,3.0462254459005265,0.207816092409652,2,12,5728.01414810893,58503.27569753037,1
537,2019-10-30,59,46900.340481914754,29617.25406063446,531.1669307772838,10.331917105377777,0.2248515431762626,4,60,2170.0616836755785,11809.229414027832,0
538,2019-10-30,26,43771.3241110697,17752.755453314636,569.235556461614,,0.4646044672359289,4,36,2130.9796248265984,49991.192207402,0
539,2019-10-30,68,39306.97793336552,29282.7130935745,680.5034247371552,,0.1185797727185531,2,24,4870.190435591708,7228.029972585107,0
540,2019-10-31,28,33640.785068878155,8151.991717804444,553.8486504381481,3.963884546962599,0.2550867455172441,2,60,4159.980907833733,46887.70832248879,0
541,2019-10-31,55,16320.697773563414,12126.107597218372,666.8553689652114,,0.4394661706372629,2,48,3170.7597676753503,45990.38969344983,0
542,2019-11-01,48,54458.05778499109,10358.837878275524,509.6234516273905,6.580082304400074,0.2548571228465895,0,12,4373.219458319785,14140.299557266848,1
543,2019-11-02,19,18398.18306380881,11032.8147496322,642.3843342332226,,0.3146045019183542,1,48,3709.083334869793,55000.69214697531,0
544,2019-11-03,41,36936.26031881033,15330.411342918916,715.3254896526321,4.542088876639237,0.4616278565472551,0,12,1850.592813659801,66157.53851936378,0
545,2019-11-03,59,24476.63471966324,16631.72480728996,402.2684399898168,6.431202031128184,0.4132319125304842,1,36,416.6666666666667,39062.79503496286,0
546,2019-11-03,64,54905.34514450956,18447.929754227105,536.2483795623618,7.132090501966408,0.3900227594443102,1,48,2624.1518936992206,42114.99812465445,0
547,2019-11-05,22,48730.41030425902,28957.240495269514,646.1657701744432,7.804728750899731,0.2991316581094941,3,36,4689.489378206183,62186.74304480359,0
548,2019-11-06,67,34641.965631089624,2802.949442231664,583.7563691165606,,0.4055091672903432,2,36,2797.7457229000643,23105.0194886803,0
549,2019-11-06,47,50367.76237565863,5358.022684008332,629.6916698697047,8.845170618784593,0.3314400979850365,2,36,3908.454831269889,23483.83813565661,0
550,2019-11-06,56,17623.910386879525,1000.0,551.6811850627344,,0.4186708414888677,3,48,3563.9401438896675,27409.247441211985,1
551,2019-11-07,52,38807.53081197101,8264.187767503186,606.927182997832,,0.2754601962323032,1,48,1216.457965065334,40556.231564664886,0
552,2019-11-07,65,24177.04855264615,11446.660629090287,587.5458211686337,,0.3226146538430688,6,48,2825.338716200438,40516.2376639372,1
553,2019-11-08,34,55375.94944076677,9412.620490475052,693.4225649327846,,0.2015063311171979,2,24,3781.932496391557,31700.645870796197,0
554,2019-11-09,48,45614.34265196269,5888.414346400259,620.353667464097,4.2951580064040655,0.3447488584990646,4,36,2349.400513952875,35492.79382813693,1
555,2019-11-09,19,49749.14526718591,15712.590157712491,627.0082129660161,3.6731483121150266,0.2283498704556732,2,24,2880.1606370483933,31906.476475738706,0
556,2019-11-10,33,31701.36723696368,11906.50942412807,567.0498427102026,3.71314682093305,0.182893032475701,0,12,3823.017198454723,32622.999829290828,0
557,2019-11-11,38,51172.16573795139,7922.121300215418,560.9915020742005,2.302853978476305,0.3887991721783081,3,48,3424.1208322620582,28472.178095821204,0
558,2019-11-11,47,23245.29537114207,16208.446055338172,565.3953449744304,4.865179771690653,0.381910966378649,1,60,4641.970509489227,28593.403922887224,0
559,2019-11-11,69,25397.112870288176,10414.433540248912,631.5561713902638,,0.4674310602422858,1,12,3812.9219747876823,9985.842476085996,0
560,2019-11-12,18,37372.6531846066,24252.224687840757,566.3212415343789,,0.2853311645637351,2,36,2138.520835330812,36644.87358433024,1
561,2019-11-12,31,25979.152287872486,13690.980367327846,623.1819885517131,6.145625531544586,0.4112079270255133,1,36,2736.3999409214134,10666.310166740965,1
562,2019-11-12,33,50644.07332244182,12200.284675952951,766.0320638916351,8.88130377020375,0.4326196358410494,3,24,3358.70368861618,51258.38678061133,0
563,2019-11-14,26,32898.15610517954,17092.33832340651,669.6899762745354,5.483131522290993,0.4167160711747392,2,48,5006.352178975885,31601.2323378226,0
564,2019-11-15,66,23790.108556386254,1000.0,573.9181174265727,,0.2261519475796786,4,48,2741.426295480451,38208.85631925509,0
565,2019-11-15,25,21847.27142354077,24708.42356314802,696.0971137731156,,0.3724045223406783,0,12,1167.622330335798,34401.855508720655,0
566,2019-11-15,26,50460.89989292919,21279.197757988943,567.3539701582758,2.901406435236544,0.4046210444081992,2,12,3884.0419626973194,36338.29336977659,0
567,2019-11-16,51,5000.0,8655.452874296847,436.9500371857717,1.2696475942265657,0.3510767700361912,2,12,2388.8355229033345,58950.622233950766,1
568,2019-11-16,62,24834.417058987,5954.747915634018,519.3530951266076,,0.0370283512443372,2,60,1726.7066838646226,19727.553821090776,1
569,2019-11-17,50,61043.57175943285,6920.03411643387,450.3366463179316,3.721092445462241,0.374073443596022,3,60,3356.837099365632,15650.246164862736,0
570,2019-11-18,39,34834.55003984709,3720.428784883416,571.8789212766953,2.349954186026162,0.6818796559095863,3,36,4549.4178855937125,41790.58489995946,1
571,2019-11-18,47,50746.797895789554,1426.1124579916504,601.4734703351642,9.046154609930422,0.2959941096864525,0,36,2615.98265875706,32561.804143910216,1
572,2019-11-18,24,46412.48981338026,3460.736158111815,734.1149849820226,2.8838911851646234,0.2407884353217018,2,36,3954.050692311621,45394.35882015919,0
573,2019-11-18,35,37136.88546469332,1000.0,626.154189901133,6.1808753275573824,0.4060022839567097,2,48,4185.725412136374,50748.65859611973,0
574,2019-11-18,38,15116.341256750766,12091.118910063911,582.4719576952908,,0.3968567315699857,3,36,4323.07895041662,23404.851151522224,0
575,2019-11-19,22,20111.948669132787,13907.547711076297,666.3524464946792,,0.5289102748124621,3,24,2417.992946310081,49050.83264897221,0
576,2019-11-19,24,19859.20502743308,25248.61113672945,423.1091752793692,7.044985526773036,0.1613197766136668,1,12,1931.9807609166016,24670.84769620741,1
577,2019-11-19,29,47230.76092450465,22896.674733998407,618.8491646486852,,0.4597070378862488,1,48,2102.391952135089,41118.62786407187,0
578,2019-11-20,34,50043.70860220458,9128.045768970856,661.6692155109573,,0.4385633091877194,2,60,4322.05167348642,21446.294146092925,0
579,2019-11-20,41,26817.781314428204,13018.755169300955,481.7131003376127,1.2679652474795322,0.328678019458918,1,12,4167.574776671848,41982.15635786992,1
580,2019-11-20,54,38818.4225587465,23824.737868471013,691.5003234565543,2.179770314192083,0.4008030976882534,2,36,2136.8950824579147,39686.84078617149,1
581,2019-11-21,61,40121.72047708317,11411.979727495567,627.0797125995531,,0.5044186222397535,5,60,5999.138366262879,23456.057670907823,0
582,2019-11-21,36,41172.92697540138,16364.702505226189,566.7769668879359,5.257633562509563,0.4808473070042675,4,60,1987.8783750993764,19623.829879783832,0
583,2019-11-22,62,28570.200308187523,10152.446697223271,650.6225492885028,,0.1785471031889406,3,60,4582.663439209241,51259.57876145483,0
584,2019-11-24,33,64570.83397556411,15313.90443855979,781.6554286243517,5.481655814936831,0.4730237280133226,4,12,5232.915132339847,33204.99320982427,0
585,2019-11-24,42,50168.11279563005,15669.518559815097,614.5493004046796,,0.3402967092451222,0,48,3470.530340825039,55180.46443348519,0
586,2019-11-24,44,41096.25647186257,12208.6261884719,619.8576469040269,,0.3609311147023273,0,12,2371.178528857295,31849.09405262991,0
587,2019-11-24,68,32217.54728620172,23527.27829721299,563.2511280367805,,0.3609795486502541,0,24,2398.4857990229,59532.69603428815,0
588,2019-11-26,59,27496.47322746192,8085.538279764238,532.0124504428167,7.0387819610954665,0.327463551680261,1,36,3005.720582879741,25774.15667518254,0
589,2019-11-26,61,45968.42640198923,15922.718323150692,666.4268653235397,,0.5287561245660597,2,48,4684.421805918375,62091.19836266812,1
590,2019-11-27,24,32893.4192834614,29268.00010637032,531.5132939272906,2.9309938948191707,0.3374423060226181,1,48,1833.488567458524,42615.57794587093,1
591,2019-11-28,63,42005.9788989302,17490.38893944313,605.7252989775513,,0.1820680807425246,1,36,1034.8757928173638,45996.95111153067,1
592,2019-11-28,59,11510.332437321493,8627.829538371658,561.7874042587906,,0.2909705216045407,0,24,3785.902071544963,24939.630798333597,0
593,2019-11-28,25,32053.09269536957,17780.12638581527,638.3183860597113,5.507882674306774,0.3768042075215713,3,60,4060.349272407184,50938.227743961805,0
594,2019-11-28,32,38363.68154324989,34456.215801440994,626.6929684229559,2.9194765239736924,0.5343822176445575,3,36,5793.295141832419,51458.92198616759,1
595,2019-11-29,33,54517.18316206803,15313.817842894652,683.003195540632,3.773929356953128,0.440464202742325,2,60,1605.43461424992,35133.477137121794,1
596,2019-11-30,25,26165.139155983958,21348.965981824345,559.1986880916203,,0.2224197081879434,2,36,3164.825068380535,7990.069119989246,1
597,2019-11-30,53,17712.501406792246,15041.459874829252,578.4100051765303,4.0967014355914415,0.7227784875018337,1,12,4785.63012348393,23300.071511299488,0
598,2019-11-30,49,46670.83393111266,17203.608786906512,521.6989027374154,,0.3897162966466969,0,24,3484.411042836748,23297.79007912062,0
599,2019-11-30,34,39039.15348031391,14373.958275732211,564.4565391939111,,0.5413086106998521,1,24,3089.034347006429,46740.29226312021,1
600,2019-12-01,53,14169.64628778071,6855.6437007594905,630.1840394435882,,0.3272428349634156,0,36,4320.71520449526,33024.51490719785,0
601,2019-12-01,39,14917.607295332573,17991.662904478584,660.5590893316281,3.983169148820924,0.4300038867058173,4,24,2584.097128075085,33315.854255916245,0
602,2019-12-02,49,30296.861468946023,5215.884308521747,526.22677406579,4.170453910422124,0.4759202756777607,2,60,4397.596885776019,31505.315952078738,0
603,2019-12-04,28,38743.78918522431,12500.47886570578,669.5684736084528,9.705130265743003,0.5327292067631384,1,24,1766.379343095489,62039.35416732937,1
604,2019-12-05,62,60839.27693640399,30293.59151088427,708.4510287043961,7.772523048931146,0.5086052458067337,5,24,1434.0437042297124,40680.27941244772,0
605,2019-12-05,23,23782.91000990066,14424.27477624331,633.0747922578961,,0.4808295500109466,1,24,2991.348309692921,42966.10503374945,0
606,2019-12-05,39,48081.65690378424,7614.066365032644,750.1436650046453,10.587175904611358,0.3027369903208837,2,48,416.6666666666667,30709.15732843017,0
607,2019-12-05,31,10587.238032506608,16927.08480156402,538.0968640717142,4.653371488174323,0.2642380937065908,3,36,3439.2078792244624,39555.42014489206,0
608,2019-12-06,45,45414.41331587577,10571.34391250962,500.4276237350866,,0.3998911265486296,1,12,1167.6316549524445,25364.659859421787,1
609,2019-12-07,56,62598.772692003615,15868.890864334568,457.7023800876577,5.986440959126782,0.4899692108511604,1,12,3686.358984041304,45155.87016336894,0
610,2019-12-08,29,42125.570749808976,5587.616208470052,719.6835449191346,6.417636552657234,0.3165918948835089,2,48,3565.157630979515,22801.696330404546,0
611,2019-12-09,44,29977.531138397087,21237.40011497573,652.3492525083246,2.7547340919590573,0.509775794857158,1,48,3248.380350627312,51163.29768398737,0
612,2019-12-09,18,58488.04232500853,15997.114751582789,595.5532263271635,4.086687269734176,0.5678925118229269,1,12,3878.844167755948,28975.71590842359,1
613,2019-12-09,27,45233.22746955507,6984.809994606914,622.3974901055856,2.565404236101213,0.212551862138987,2,60,3588.580169100942,54225.892194823056,0
614,2019-12-10,50,42303.91910103267,17877.783401148623,509.96087621612986,,0.224461894430558,0,12,2967.082579169244,68609.41386522964,1
615,2019-12-10,33,24734.00589865809,30481.42001571045,795.6601583693462,5.009982258749585,0.3289437411641995,3,12,5622.092058929748,40016.51667287738,0
616,2019-12-10,56,45456.54860091746,8633.007313330658,610.3376945580183,0.0,0.3961419002283794,1,36,3824.971700273887,59674.22683214334,0
617,2019-12-12,69,29729.257684778982,21061.028580780352,608.7515835683914,6.540656590588675,0.2713149479349423,1,12,4298.21844247193,51271.73423478128,0
618,2019-12-12,23,44671.631269435005,18343.47728498807,658.0613299118953,5.650209362598928,0.5528304018300716,1,12,4674.6830132990735,18508.26941446311,1
619,2019-12-12,42,40728.08709733953,18226.389944414288,638.4807385389371,,0.4136100292277677,3,24,4168.5200571359455,41663.916662777614,0
620,2019-12-12,67,56261.7481885736,22202.07218576453,617.9107219423305,7.781040334549507,0.3559170572361109,3,48,5911.87448198934,47517.98058533834,0
621,2019-12-13,37,31359.91119257141,12783.990535969107,536.7620435643751,8.338510230648367,0.1346135714197208,1,12,3540.8419393598288,48965.72973139444,0
622,2019-12-16,53,37759.799070058274,16218.681278618138,637.7174685708796,,0.1526276275358739,2,12,3324.6316510382567,42673.10207462488,0
623,2019-12-16,40,51974.69855351707,15786.072120545548,750.5619597180028,,0.3921513875422709,2,60,2521.3682235750643,42479.67094490832,0
624,2019-12-17,33,36459.43642669688,8154.147290857001,707.6336036923982,4.415310822474542,0.0301106560767745,2,12,3012.9909126333564,40076.31037172851,0
625,2019-12-17,18,39677.10781466776,18670.379994186715,727.4549301311517,,0.5018956114466108,1,36,2419.3026220193806,41997.64128990528,0
626,2019-12-18,47,33899.029277272304,12100.46543127526,559.1027458855052,0.0,0.3262769233441519,2,60,4179.848224585257,21644.81544551432,1
627,2019-12-18,44,37545.31241777457,29641.74727952433,520.8316143793136,8.940110753533983,0.83646394543921,2,12,2192.9380241850354,36456.83828531983,1
628,2019-12-19,69,50064.36358143718,10937.12334503452,589.9370463920282,4.146280264163063,0.6961874375924166,0,36,3425.573545705993,18205.279677827075,0
629,2019-12-19,19,67538.68600301242,4437.53539097417,604.4579929830956,,0.3227826396128724,3,48,4032.767001211303,32535.58475869036,0
630,2019-12-19,65,14822.48217177644,23963.32985345002,687.5353214776759,,0.3340494496203027,1,12,3521.23819157736,31137.916733486672,0
631,2019-12-20,38,21024.716075298045,9046.031510881823,464.60282962281445,10.58689940704146,0.4993372271003044,4,48,2213.4397388709244,30180.05539494189,1
632,2019-12-21,26,37877.85694801605,5293.664351568641,722.3640255568491,,0.6054758914877056,3,12,4207.014475840814,24219.877633164288,1
633,2019-12-22,64,40744.65645351278,18100.223665937163,587.3593681136808,,0.1042956413845974,4,60,3226.6586976633994,44039.15910695331,0
634,2019-12-22,41,36735.221638224,25659.95487960555,565.8495144042064,,0.0820436801967969,3,60,416.6666666666667,35228.94541432209,0
635,2019-12-22,65,31700.82140697894,20898.78208046457,519.0316499791866,4.162656406610181,0.2566947791668428,0,36,2104.1437201041003,33693.606163705,0
636,2019-12-23,58,21514.63743517985,10426.024884655344,467.6114662507384,,0.4374106374760796,2,24,5084.74862883675,18886.39008255585,1
637,2019-12-23,56,30838.52639301562,16028.471370955092,665.8536467169531,0.0,0.4245310385761395,2,36,5188.735635226688,35532.08211704515,0
638,2019-12-25,59,52258.54928496832,12701.02688241762,605.8654373750724,9.008852190501154,0.5104657182475775,1,12,3990.9723459148313,57182.99199873947,0
639,2019-12-26,24,41396.00164422339,28286.83929283304,496.8031280207157,5.716184985068229,0.1700453707452037,1,48,4313.419554531246,57412.09464790512,0
640,2019-12-26,47,50133.42846857354,11501.550190497666,496.39369823491074,,0.0025784205546685,1,48,2360.465856761002,45602.68869577669,0
641,2019-12-26,62,21948.78895043306,15791.984460998376,573.1372240567897,3.5414804388083003,0.4787021292953217,4,12,3008.15280990951,35572.690373202415,1
642,2019-12-27,19,61662.14981069301,16353.986093941305,733.5217220231514,,0.2257705590552148,1,24,4877.5415839078805,48384.742453367886,1
643,2019-12-28,29,31571.730231062724,5718.263543737676,579.2326918909116,3.2486109024377354,0.0472268203417042,2,24,3865.727386535926,29989.69617734963,0
644,2019-12-28,30,47128.02441920647,13456.662619759558,479.7485637505515,,0.3717595618939072,0,24,3414.518813192148,35511.21616174929,0
645,2019-12-28,20,38123.79202044975,13587.186249072454,580.3405548731245,5.323411872585859,0.4689763532328015,1,12,3099.82265471706,28862.163361043666,0
646,2019-12-28,60,31899.784921449067,26014.7009825509,578.1821144201864,8.38801303755955,0.3316914301818084,4,60,4801.4233348767175,53625.49640746135,1
647,2019-12-29,57,46492.27811897984,16561.120398071944,384.2490685646743,,0.2813227420726266,0,60,4735.873525271017,51700.08941487455,1
648,2019-12-29,60,49007.64695840781,11973.420416071249,595.6564106785751,3.120376656768147,0.326095665178114,2,12,4145.423021794285,39479.7661143101,0
649,2019-12-30,35,80320.21435736588,13839.051493310912,581.5252375833057,,0.2944125856398825,0,60,3416.177165936535,65968.78463935846,1
650,2019-12-31,56,49589.04921216693,14464.325328788596,655.6965091850734,3.898637019539095,0.1477929332089749,3,24,2887.3877261248485,46187.7187115642,0
651,2019-12-31,61,49364.03731511238,14688.690040720192,747.9164875956276,2.563314509625582,0.2427978984514352,2,60,4199.600482939225,45343.41319504468,0
652,2019-12-31,23,57173.224355472106,22419.43815353284,690.1252023638206,6.652938962910536,0.4281919857520722,2,12,1955.946027115233,43736.80369810132,0
653,2019-12-31,59,47977.81030710701,22829.649037238352,578.4889047556136,,0.398251781206475,2,60,2215.121023850156,21065.697734001344,0
654,2020-01-01,69,39419.27846580234,7074.377928532409,511.4779273006664,1.4122101236079274,0.375208970895023,1,60,1519.4691323521592,26585.80252888944,0
655,2020-01-03,44,44885.87551365445,23543.67739627273,805.8687842599888,3.4543891119270733,0.200727727721993,2,60,4877.37055582474,39180.43069470684,0
656,2020-01-03,32,52822.1055347704,21010.77968920104,604.7374747211591,7.236229276086732,0.3227745256796499,2,60,2432.5000531716523,39304.247818430485,0
657,2020-01-04,69,60861.44758050221,14578.19932612015,601.1143433530357,6.167344863033549,0.0234402430335717,3,12,3838.343066772865,48846.44050315654,0
658,2020-01-04,32,17339.729448789105,3208.286556991239,598.0699930311997,6.293136914976017,0.3767714995828084,3,36,3176.3864324464244,29981.99336418429,0
659,2020-01-04,36,11646.390037945055,16701.139858614602,615.8467808614284,,0.5643286561720351,1,60,6955.257070985751,41060.30051134816,0
660,2020-01-04,55,60225.63172507071,12168.460139784223,588.4511670460846,7.987996893159421,0.1288801801936841,3,36,3885.715150878129,41328.40196655224,0
661,2020-01-05,68,28038.092157903644,19439.05844076548,554.1070394495811,,0.2621108490023366,3,12,1005.6573842766538,41922.926226641874,0
662,2020-01-05,64,15131.005094185612,20172.82718003012,556.2512847007687,,0.3993660168065194,4,48,4802.628029079063,40246.217755799225,1
663,2020-01-05,37,13720.546979416276,25552.60502447376,597.3797383827201,2.9596099553306434,0.5379263951641226,0,36,2849.394628826228,18942.39972172006,0
664,2020-01-05,37,67027.72038453835,6510.498422073359,556.5260183092988,3.620651564706232,0.2827663075549775,1,12,3082.173580897016,6081.723045133302,0
665,2020-01-05,35,53164.19221791986,32106.93793582841,542.9723373858269,,0.2461624506101155,0,48,2492.693004570779,25873.545462891107,0
666,2020-01-06,51,28073.60778042471,22162.298615204763,608.5144182153517,1.3517122850774,0.0546615286375875,1,60,3577.848981631411,32033.154658016432,0
667,2020-01-07,56,28693.684891489545,20714.006767191204,579.6018226063316,6.973283611834016,0.3655157193962159,0,12,3561.47475542686,22323.221964243432,0
668,2020-01-09,54,40822.949307342125,30331.270499188624,720.3194390866151,9.604332793083268,0.6563114060215616,2,24,2526.486861272548,39164.89196688476,0
669,2020-01-09,52,52890.85746729777,17542.701055797574,387.9224153285591,,0.3916037692947013,5,48,2698.152682725298,56351.60453182298,0
670,2020-01-10,55,35589.88358301433,23269.177421429893,687.320548153797,2.8921347247580984,0.3466581531224429,0,24,3459.940999693729,50890.49748141819,0
671,2020-01-11,55,28209.57588395149,16358.171198674174,699.6868153998104,,0.3983123466150478,6,60,416.6666666666667,46994.99943120416,0
672,2020-01-12,18,57025.69842804536,21726.551245405688,434.128781407348,,0.3483361994077096,0,60,1531.4614952037057,54779.66107993755,0
673,2020-01-13,68,39612.427829258006,24292.8555237345,572.5849924735721,,0.2280478441609805,4,36,5420.823453455857,26130.65433504655,0
674,2020-01-13,29,37125.61126513873,23471.42451293921,570.2847307203367,0.5836708810180813,0.4734919873516557,2,60,3743.109513733636,33148.055954936135,0
675,2020-01-13,22,48881.86937118023,2904.117675454074,487.3990644225743,4.107646347026805,0.3838642284667631,3,36,2677.1970999073587,49222.70294587333,0
676,2020-01-15,44,7955.0243254602465,11689.458911566431,537.77466499273,,0.3526419877900485,1,48,1213.229793912289,32882.04986242009,0
677,2020-01-16,56,47112.02201774647,24374.417363341432,511.1539323627337,5.031089339329644,0.2036950959082624,4,24,3262.938127150237,33702.602647733045,0
678,2020-01-16,37,46163.7420038955,18985.08981312101,740.1816354738899,,0.5455261897902138,2,48,4564.823448059716,67936.28682863901,1
679,2020-01-17,57,19316.25176924001,14604.567678340138,674.8542714517969,6.247139971093846,0.4497054117999665,1,24,6632.340964145759,41431.63116794984,0
680,2020-01-19,36,10879.403065259849,19061.200788405786,701.7244075995327,3.434702162432781,0.2670618743949047,0,12,5698.403864577956,66454.39300301106,1
681,2020-01-19,55,31534.576696582608,6170.441838765702,657.7337651234589,3.509133555291537,0.5002737280522905,3,48,2224.660808172664,12650.550003958451,1
682,2020-01-19,32,42744.60040457892,21291.82815168638,509.6758583026217,4.163859279696785,0.2753643742422189,4,12,2713.5839191029704,30537.005430950583,0
683,2020-01-20,23,44273.06526116264,17971.672431608127,558.0383786976181,2.9692569195455896,0.2326994761233444,2,24,1493.959295537493,46132.24870977891,0
684,2020-01-22,26,65560.69719732876,15681.999810342775,639.1499648982334,1.2371312032678787,0.2360445323779569,4,36,2281.264500053394,41405.98869659619,0
685,2020-01-23,53,42751.29188531804,13568.705263037911,502.2297752886444,,0.0843397170367863,3,48,3067.279379427393,9166.80605204371,0
686,2020-01-23,65,19017.600097576524,16848.464425855862,657.039874413791,1.6845463020918858,0.4207313570627308,2,48,2874.4120875506537,36556.31229141674,1
687,2020-01-26,40,36235.42833955002,12805.81487780558,580.7739681473493,,0.0753282682492474,5,36,5901.542466557622,77095.26394928055,0
688,2020-01-27,27,20520.349075166752,12408.942072951537,570.0143353960322,,0.1657334253101356,1,36,1689.137155238064,43703.69157745146,0
689,2020-01-27,18,37313.44669551024,29310.931954272542,656.8767974562793,4.193730877885183,0.03866179863822,2,60,3276.9652718484617,49066.53999998181,0
690,2020-01-27,28,61133.66136224389,2307.778850738854,635.5410649188832,4.342692547411822,0.337089546081366,2,60,754.0086304625289,30340.852481122864,0
691,2020-01-28,66,46888.64209568967,2472.249629225362,571.1227067344736,8.502616620876745,0.3274519309592191,1,24,3746.9468089430006,43649.26221094511,0
692,2020-01-28,67,29188.22804785017,21252.14522170963,692.7463842691399,6.542624457946221,0.3009955680220453,0,48,1656.2016574883962,39815.07702647018,0
693,2020-01-29,37,48885.111547320856,5242.115149389216,513.5149337920082,,0.1936133457994135,3,36,4711.616218811824,56782.21647608362,1
694,2020-01-29,45,28333.267544434013,1000.0,649.2748485555411,3.2680656178856484,0.1741649369845039,3,36,2969.550967064218,56305.01330169741,1
695,2020-01-29,39,5000.0,23114.13590375926,647.4481006374707,1.5051330185511451,0.4196554795319861,3,12,1580.852997979717,46112.7421723111,0
696,2020-01-29,37,21497.741351198107,25080.55516936141,575.2362848548808,7.990712994190578,0.2674172102437268,2,60,704.9561413858859,41064.487233918175,0
697,2020-01-30,64,46876.60602779947,4535.713781113562,626.0906417793694,,0.3974537482304217,3,12,2110.0364725712443,14813.38696155938,0
698,2020-01-31,55,51585.04060441464,1000.0,499.9109138891757,2.5914852988319974,0.2172126970813666,3,36,3632.559446761881,14290.668443567596,0
699,2020-02-02,33,65764.71530021209,5249.790134486544,673.922161536552,,0.3771594114156623,0,48,3860.225392278911,41228.66370096276,0
700,2020-02-04,19,45117.69443505035,9400.7247058608,585.2078290845609,,0.5454917055974096,1,48,2710.2858568667416,53119.51167192483,0
701,2020-02-04,42,60207.38940112907,30311.30277098924,558.1821583584768,,0.4379248700589174,4,12,4490.579637624544,59976.19085434257,1
702,2020-02-04,44,49451.39737197257,11562.02330969723,683.9207380669511,6.457855012873912,0.2881379272675279,1,60,1913.654717214495,26653.918744395683,0
703,2020-02-05,20,54061.04065708049,21654.86162890876,543.6525047565792,,0.3885798455533891,2,24,416.6666666666667,17361.42109538082,0
704,2020-02-05,40,56525.80729883619,20774.13804688924,487.32309629091526,,0.313900223820468,3,48,3686.5253967614576,53994.38729341873,0
705,2020-02-07,49,47305.25734630421,25579.36945683073,475.4696661180877,2.2305086607833,0.3511820277042092,1,24,4945.953099187563,27779.62349352461,0
706,2020-02-08,34,56122.73082520954,9992.15397975823,648.4807961076511,9.555062952637169,0.3011583421777244,1,60,4957.500425405512,16343.97598490777,0
707,2020-02-10,57,29521.70425925924,14918.446977208743,497.56565180029736,10.236433231158912,0.3253497191171913,4,12,1708.571782564165,32594.82762821349,1
708,2020-02-10,37,5000.0,13246.406233803666,740.3835345587491,12.779765438249898,0.3818140029611263,5,60,2652.466849181385,32333.51549913632,0
709,2020-02-10,47,49761.09556139738,19303.965192550677,433.4456473693023,6.201146700221358,0.2009961950627073,1,36,4238.108353008967,59802.5661446102,0
710,2020-02-12,45,45621.677962880094,24727.07159406469,735.716509463203,1.729727911754973,0.1976181759515032,1,60,2549.45069838487,52984.50872022303,0
711,2020-02-13,64,26870.91852137497,32427.329664302983,616.8813973762095,9.017017993763528,0.1417186169253183,5,12,3465.06440909395,28939.19345855004,1
712,2020-02-14,62,21063.21397503008,11874.970857866609,592.2629510503687,4.207495681232265,0.1099593343244434,0,12,2437.7834635704808,60969.31513834064,0
713,2020-02-14,40,41960.12349838929,16131.045410410596,556.406473055284,2.953031664295059,0.167407596166928,2,60,1971.597386506616,41875.387868715305,0
714,2020-02-15,36,50753.82928578266,21933.743961676417,631.9308891481656,6.004232080466887,0.3739193760206193,1,12,2212.8662690748865,55912.53452941141,0
715,2020-02-16,42,47798.651085048776,19894.14805558861,596.9892238060121,10.690787134907872,0.2160818726762173,2,36,4527.989824522373,59907.67762183318,0
716,2020-02-17,41,24705.319963824404,28720.705562660187,688.2641505613217,4.684072701997563,0.4270421696346644,2,24,3350.561789121926,36061.10649895707,0
717,2020-02-18,18,28069.244809439413,14137.11176858915,609.1382118929632,5.051004748961044,0.3552070623128842,1,60,4923.18538134028,48569.79361190525,0
718,2020-02-19,45,50042.28032762076,11820.496728957409,612.0241409169502,0.4035559038516743,0.0547243679842919,3,12,3983.859202026358,33898.62303349874,0
719,2020-02-19,46,41090.29187595551,26010.368622502392,570.9110230228915,5.323257510048218,0.4482463376332534,3,24,5341.414872684512,53951.53392878902,0
720,2020-02-21,61,55902.308721186266,17424.403388961196,595.4443501023146,6.996443154774722,0.4716197968387564,3,36,4355.918574531753,41354.127157055846,1
721,2020-02-21,67,35150.920904270984,19321.924352673654,624.6241415113648,4.737066769593743,0.2009205987747719,1,60,4282.509371141714,54404.83328598545,0
722,2020-02-21,67,51092.87201206441,14418.53797436572,463.18652858747,4.959512564939462,0.4130287314342487,0,12,3182.723460038731,62871.349957276936,0
723,2020-02-22,52,39405.25260955722,22416.77983112909,492.1451662315429,,0.2215252643886201,2,24,7094.841553954146,48208.47747692457,1
724,2020-02-22,67,29157.98144353041,8079.38461892706,659.4611275218172,1.8524683465304757,0.3646505565122503,1,36,3474.206108201501,38598.102163872216,0
725,2020-02-24,34,53922.442502651735,11333.808676815152,613.6692350502353,,0.1603252389567551,4,48,866.554121925983,38847.58185115004,0
726,2020-02-25,28,25111.586269107374,1000.0,585.2813330917857,4.690135449706534,0.0810340321198134,4,12,3668.375257850792,5000.0,0
727,2020-02-25,54,41112.27843896666,9979.426556615526,601.4747146452314,4.32314488541406,0.2925774215580546,1,36,2105.468029286545,29308.08520252984,0
728,2020-02-26,24,42662.29623216721,22452.63698402629,627.8065364289337,6.71000582387871,0.3314406580587745,0,24,4604.610235335353,53988.602805030125,0
729,2020-02-27,43,38195.66932744306,15371.330689878328,556.819225575251,12.1913107966021,0.2903480459578094,2,60,4240.604281059506,54548.218105222535,0
730,2020-02-27,40,54861.99250188045,7608.652871173858,537.735621967815,,0.172395416266616,2,24,3093.941270917519,28981.48512849208,0
731,2020-02-29,35,48589.23088085241,26435.71767261244,615.6676204078145,0.0,0.2900151406803294,4,60,2223.467066529382,42468.61926608104,0
732,2020-02-29,46,46801.42733833524,16108.08466414188,521.7301777907975,12.562350118683518,0.39039421288711,1,36,3516.365491734338,37161.00366880768,0
733,2020-02-29,56,41026.945965575935,28550.00499371804,632.6602204571577,,0.3432660454816194,1,36,2531.791073512015,50344.03568063939,0
734,2020-03-01,67,67844.91570043731,21853.502314548903,463.7933116609728,,0.3773751545898819,2,24,4318.088324313129,73129.22145018847,0
735,2020-03-01,51,61970.00888322701,16505.616707382538,682.3324509860515,9.4291661287718,0.249482719931865,6,24,4028.3529761558902,50627.02867002886,0
736,2020-03-02,55,53791.43673757679,29680.039642089505,637.8077985930435,0.0,0.5257576872074239,1,60,7003.291573950129,29947.338181451287,1
737,2020-03-02,25,51326.540961900944,12002.707499941984,620.48237874511,3.366408279982202,0.1735739995167829,0,12,2776.940160019677,38823.7070786399,0
738,2020-03-03,38,30966.127340769308,6240.876914583263,678.6152787156411,5.591244850946443,0.4231340445630077,1,24,2954.051297727528,61028.92379654098,0
739,2020-03-04,38,39263.81193659772,27794.80696651205,733.2379555570061,5.201967708716291,0.5272836639439942,1,12,3139.863740912367,18869.846134235348,0
740,2020-03-04,66,49537.31354721428,19836.24244943944,681.1496052014504,,0.4221362139123343,0,12,3194.601415494482,30774.13501766711,0
741,2020-03-05,53,55773.71568139741,26150.41880914615,452.7300614934684,,0.3196213659402754,1,12,4617.182005785183,50649.45898010064,0
742,2020-03-05,34,53380.7170514091,22050.91545401942,497.6338426611439,7.04637090614879,0.2707554430005531,1,36,2987.9012770056675,59414.96879808088,0
743,2020-03-05,33,48714.43442085402,28147.810167815387,550.0145137843457,4.169108437639215,0.5054131476569383,4,36,5798.810478512703,49134.51853410419,1
744,2020-03-06,32,70009.388983215,10907.830652993547,602.0872840168666,7.8839973071203024,0.136553761210749,6,12,4061.177220490461,30899.57627174041,0
745,2020-03-06,32,37966.1778545675,13490.922689182593,641.4127216375298,3.205806328203836,0.2044813609430534,1,12,2726.1632733483025,48048.029519895885,0
746,2020-03-07,57,55197.84706765584,13406.63847951686,541.9404949477228,7.316961145320437,0.2903663351762418,1,36,2406.7762271074944,46214.39150104871,0
747,2020-03-07,34,53371.60070101247,13514.524030970835,614.9413411581662,2.813067203161765,0.5356480636267997,1,60,4634.423575093904,45262.3265053438,0
748,2020-03-07,68,46660.98966885041,2463.62741755195,539.5693654117342,5.882581769513786,0.4069651454061344,2,48,3368.9835231918464,38543.89484556489,1
749,2020-03-07,18,47207.50349703488,16307.49857771314,551.0785757606442,,0.2047931362234631,0,24,3344.658400529277,40794.9146227844,0
750,2020-03-08,30,46905.17207238466,21328.60355098041,487.4671122521422,8.106556410382952,0.3034538441922644,5,12,2585.233050303185,26387.502091918635,0
751,2020-03-09,55,29376.45521252975,9555.855421732682,526.1413403111277,3.6662780418887753,0.2578515283855558,2,36,3256.526232182699,77203.0633749624,0
752,2020-03-11,27,46012.9151720024,7690.6504204300945,491.8652315506933,0.8928759820870917,0.2435316511649697,2,12,2534.6397698298683,42354.99161015784,0
753,2020-03-11,50,51224.20970722897,13912.416335538608,521.9301397618134,2.1090319173125014,0.4968334337835168,1,12,5035.472653615831,48227.68421576215,1
754,2020-03-11,43,44829.046662844565,21276.358980596517,684.2913437286272,4.080625019511949,0.1442385306104741,1,12,4229.65852365258,36731.33175357487,0
755,2020-03-12,29,12368.758635868162,6394.476600620686,524.0480888934445,2.2633702945873453,0.5913171283601559,1,12,3114.8722842073657,52679.65494069177,0
756,2020-03-13,36,16207.466995887,33682.22229261404,810.5905651869913,7.160502314622105,0.4742344535276934,6,60,3096.4982295174195,20523.50587656797,0
757,2020-03-13,32,27726.520247464905,4606.832465954447,639.4654320704711,4.166793833400522,0.5136292505905546,2,24,3448.551043632355,13815.916967287529,0
758,2020-03-13,22,38321.091243924384,10434.34037820946,614.7868898955899,7.80491107407529,0.2805590731962112,1,24,3326.408034743167,39542.92738863761,0
759,2020-03-14,19,28531.796423387328,24072.6423685519,531.3313775855029,4.1512884151932585,0.3275088921381335,0,36,2137.163109196874,70810.82912676598,0
760,2020-03-14,68,49688.68023128803,22740.254820831677,656.0247903527193,7.151237087197092,0.1350272278212932,4,60,957.3656728521058,58124.81251809691,0
761,2020-03-14,31,57879.98373298424,22039.900122399416,553.9489739009781,5.0269541738593375,0.2713006389399795,0,60,2336.2075002820475,27873.3035540434,1
762,2020-03-15,46,60005.04611721932,9516.515524483832,609.7607851716289,4.2218704801788745,0.4240482271464726,4,24,3172.686470002045,47741.3111495964,0
763,2020-03-15,58,45052.16908581198,11034.716688649767,804.8067630615036,1.8781060109342975,0.5444094592672094,1,36,2411.04183618647,30460.15783254162,0
764,2020-03-15,18,56262.41525432299,8148.643416309045,592.3152080220281,5.203556725428651,0.1839264774796322,3,60,4357.505871327795,46396.25031166453,1
765,2020-03-15,30,31561.723395719,12438.45584292282,691.9418661028541,7.206187978086008,0.2951741094522101,2,36,3046.8919134573903,47565.90814369056,0
766,2020-03-15,66,37725.19491948694,18061.970519585768,543.745885989929,2.9374628859194507,0.3273051169651216,2,24,5675.300302119108,53897.186813472,0
767,2020-03-16,49,22495.17726789004,8109.81703685682,597.2009207602431,,0.1406316196711272,3,12,2631.465510546897,16515.04454263587,0
768,2020-03-16,51,58103.49023457597,1014.4972220747022,741.6640508508408,3.345267666332502,0.43870238626376,1,60,3509.2293317102794,21016.18016717721,0
769,2020-03-17,31,69489.18778009826,24353.75683478104,549.8426353769786,,0.2414014502386086,1,36,2972.256138121103,38866.44163142562,0
770,2020-03-18,69,34771.034251977566,13558.670449268851,744.9958846397543,5.935977286072686,0.3206914473234464,1,12,3883.0559055018616,24513.649965031716,0
771,2020-03-20,55,7447.585921597674,20984.69557794569,656.620154836438,5.269831619746526,0.2822075942132183,2,24,4665.522244579638,23354.16895022616,0
772,2020-03-20,55,25668.972023401708,12526.852126808462,555.0026579284586,3.542740490912166,0.2315992241420488,1,48,4093.684531992204,44077.86068834401,0
773,2020-03-20,67,30247.41591870763,19342.3668044009,650.5926191244416,7.651770503687427,0.3489432521779168,1,60,794.8379965007604,26259.466533304483,0
774,2020-03-20,68,20106.958159544647,33609.51247090893,677.8043559701384,4.997964209988977,0.3176585632147966,1,60,3958.1603464244176,73864.85335582687,1
775,2020-03-21,58,24545.38524139981,5853.708266125188,649.7447969773757,,0.2942213176582001,3,36,2069.735655482035,32002.510190591456,1
776,2020-03-21,32,43069.27338385692,8776.615753336515,474.3820224087635,,0.2407307567479485,6,24,2946.121860312986,35946.51873688461,0
777,2020-03-21,56,49895.83704081656,7794.092507050317,541.8290259340105,1.6820684638548542,0.3979287006174433,2,24,4194.994816880005,44463.108107757056,0
778,2020-03-21,23,9034.135539567334,31833.434200934145,580.1985091558796,9.487515799652186,0.5980425902738427,0,60,1933.632197814534,17380.669282813797,0
779,2020-03-22,46,32017.57729777825,14855.3926931542,594.0453256719964,7.758822144887452,0.370983084925869,0,60,4778.268342689647,47627.56768248018,0
780,2020-03-22,54,40565.143070628816,22099.82048487808,649.6537678040543,5.026759615541786,0.4994177322366693,3,36,2891.6009588942925,45122.0147475083,1
781,2020-03-22,36,23998.48667973009,1000.0,614.2160800746603,,0.1414667112269806,3,36,6047.005049480977,34760.417269334495,1
782,2020-03-22,69,43542.76232946835,17995.67045759296,493.1724513031919,2.3552174893825644,0.3736642158940654,4,48,3419.180615575536,44108.90961394425,1
783,2020-03-23,18,38232.55423610119,12113.518806573586,630.415828080477,0.5719463319271769,0.18539475215434,2,12,5465.011761648046,46424.23769235954,0
784,2020-03-23,38,33271.14067824907,26108.87829514349,648.8468596227059,,0.1284612608702147,0,36,4830.432364000219,61527.86068450449,0
785,2020-03-24,56,27032.62582365044,20270.08686259285,644.7832358344832,,0.2390942888811445,2,12,2569.451980765211,77503.92201970129,0
786,2020-03-24,35,44101.1168462559,11642.309307892783,686.4624580443698,3.8399057351138617,0.5287849001620359,3,60,1706.2199237914308,24077.485185479916,1
787,2020-03-24,44,28547.68562929561,27638.553958663106,666.7137723639123,,0.4925023743004468,2,48,3475.367534880266,20539.78885087684,0
788,2020-03-25,45,14004.79317262991,28373.027663304827,636.734406338275,4.9099954363392335,0.3864507083081599,1,48,2605.0294351806147,41541.24416962023,1
789,2020-03-25,25,40331.48985326404,27045.51079473664,594.3867430833083,2.3947595912142403,0.1200949160165103,2,48,5307.981808442091,8816.222789809399,0
790,2020-03-26,48,21414.651095352056,21099.94346838245,467.1231253187207,2.797984199783303,0.3205579022918094,2,24,3024.7593687425547,49741.22847738256,1
791,2020-03-26,29,15307.055494319377,12781.73341889909,634.3694575306068,5.739798745727791,0.3952550013352603,1,60,2957.828385184866,41696.21144609286,0
792,2020-03-28,59,41942.83117404829,16856.609572021,616.6150149730489,0.1415229430484217,0.3763304344367896,1,24,1588.4602574120595,45509.29898892065,0
793,2020-03-29,23,37556.36265571027,11666.277950174825,621.7263069756299,2.698893093018696,0.0734309624778881,4,24,3857.354599683045,35446.4209732008,1
794,2020-03-29,43,27004.950742182067,16770.43915181245,497.8601139343753,3.6391697824068223,0.2164523227970192,2,48,1865.5554808997924,43825.236489526025,0
795,2020-03-29,33,43434.10365844415,10242.96233397286,513.515476767339,7.461645900200967,0.3403883353776925,4,24,3886.3794744342263,47083.59366465802,1
796,2020-03-29,47,46358.98467420322,13642.561372253964,684.2522282666323,5.848828660576098,0.4304436364275784,1,60,4058.447991455837,43000.35108499887,0
797,2020-03-31,36,43597.4280688536,32148.390090975725,596.8355876914676,5.562195844981272,0.020580826835008,1,60,2396.2394433653776,19823.520768061862,0
798,2020-03-31,35,43052.87132822307,17487.523566133164,654.5200557898099,6.390140913169345,0.3256814036780212,3,24,4529.058247105474,42580.08740802282,0
799,2020-03-31,41,15919.254594102917,11561.018126303255,602.2654700904369,8.102350192718019,0.3714573154818428,2,60,2989.7390342192853,67809.47029074753,0
800,2020-04-02,62,59398.5557852441,6197.986217592284,602.3804911596596,5.151704039624878,0.4774417982774319,1,12,1494.2787134530583,43613.380877197946,0
801,2020-04-02,37,48362.05792137805,14201.546310768554,675.0627044780798,1.8971545585340173,0.4539286376356155,1,24,5264.9425087254485,42055.83419152247,0
802,2020-04-04,24,25738.13622200837,20962.871798322143,558.7164217426101,,0.4373856978213207,1,48,2178.9951157404344,63400.56486836239,0
803,2020-04-05,24,39823.629124091785,16093.642582058095,607.6896621552787,2.4788202075834724,0.2300089239947098,1,48,3967.1715099164335,28815.766633526917,0
804,2020-04-07,33,42674.36411688488,14568.29871948213,563.0179769035966,0.0,0.0637996794315038,0,60,3865.5764258923887,53345.16460130157,0
805,2020-04-07,59,39409.90066108959,18404.528367060662,565.2403018054148,,0.2910420864407898,3,60,3819.814175738764,32047.63970421739,1
806,2020-04-07,64,66895.91487715724,18154.316367689185,575.2662301225089,6.550187057377407,0.500244773781284,4,48,3798.1607282460022,56298.750150177046,0
807,2020-04-07,31,10821.224545581244,20642.267919813246,617.770701730697,6.0405948990997,0.5590181791286647,1,12,2120.59878763333,51970.72231701345,1
808,2020-04-09,29,17857.038389411362,20855.40996308549,561.7001102669218,,0.4565823653446678,3,48,5447.520335211734,33815.8170500917,0
809,2020-04-09,46,5515.962412559231,14291.437941449256,700.4604900458817,8.344041443614415,0.4144011234202601,0,24,4528.644771084132,36010.58310500587,0
810,2020-04-09,32,41198.14081405338,13891.246006375324,528.4314158224397,,0.4069459472578948,3,48,3927.154247396333,54667.173121273416,0
811,2020-04-10,25,48160.2240745962,15006.565026744254,585.0502684670913,3.835988532115655,0.2665821879858829,1,36,1667.1130389387972,12168.236481650234,0
812,2020-04-11,56,45423.98551218254,19482.16381694868,564.821515338066,,0.330490955966957,2,12,2110.3734887640417,33371.06335157953,0
813,2020-04-12,26,35663.13554823249,23969.243385481142,715.7582307482986,,0.6003604288739497,3,12,4155.154116694788,49306.26225436775,0
814,2020-04-14,63,46098.10440627971,12305.012378347328,615.724382120926,,0.2086162991312185,2,48,828.7281937123122,35378.398429075205,0
815,2020-04-14,45,35553.25728102913,13690.176377458632,682.5475631574908,,0.5922168186064777,1,36,3756.7131582587967,42022.950703103874,0
816,2020-04-14,44,51110.88524473963,8492.362210168143,481.1551701570422,,0.3016957768261912,1,24,1669.362336601307,9382.735815093918,0
817,2020-04-15,24,56609.41386078416,3037.963855974387,621.3640212695407,2.691937515006588,0.5488148163642618,2,48,2248.2936114463173,27182.82856495681,1
818,2020-04-16,61,26032.17951319687,5097.332238837276,671.1704636498749,6.936456451688151,0.1389777485753692,1,24,1569.498823748838,50191.79008227713,0
819,2020-04-16,31,35685.4380844448,6970.248023914827,606.582719142034,0.0,0.4378856301746973,2,36,3640.966353061211,28734.8893440338,0
820,2020-04-17,28,38115.019220912174,9673.852353536888,685.2384300052281,9.567919675019516,0.2394844796078566,2,48,4728.785148126205,20463.104337669807,0
821,2020-04-18,49,61381.49919294448,18679.05794971056,558.6169239919702,1.7291790071674922,0.1377099212113718,3,48,3768.3552380991896,55924.12799431894,0
822,2020-04-19,68,27798.36915991814,6429.289998735505,712.7477952148464,5.506829523921304,0.3827801063616418,5,24,3905.624644486142,47735.26081104554,0
823,2020-04-20,45,56464.94217394901,15141.46616034512,783.91184988954,9.214413655806569,0.5014207682893953,2,48,3543.2819535269355,23671.999707743635,0
824,2020-04-20,23,18009.104944025956,21702.728835087168,570.9729151648273,1.495927424504777,0.2232587842109755,2,36,4186.700221921632,42077.55766648148,0
825,2020-04-21,52,58653.1840164671,8361.145854899929,564.3597982879382,10.278641815488688,0.1251476059312398,1,48,3917.1903511458513,24160.78307912069,0
826,2020-04-23,23,52778.25114065567,11064.96227375426,716.270758169416,11.309263186004689,0.3362232853497567,4,60,416.6666666666667,37713.114146865766,0
827,2020-04-24,41,37665.1369256515,4439.531472737661,726.365771658457,7.066950640044683,0.3368847006834228,2,36,4466.216755410389,42639.82284288191,0
828,2020-04-25,26,53750.10567770776,7379.847509790059,558.1711978277385,5.050430430715681,0.4322479441331748,2,12,4334.773285784459,27872.554011994067,0
829,2020-04-26,19,32485.89194205128,25959.493758946144,566.3850546323314,,0.4924391857046732,0,24,2880.442295010325,51134.99400287859,1
830,2020-04-27,55,26157.805750263484,19039.935719277008,577.4572312911595,,0.3410877228091258,1,36,865.5749236674677,53460.27553482484,0
831,2020-04-28,31,65596.93683620212,32196.44071382404,492.4439591172578,,0.6283254972191394,1,12,3636.425865376341,43953.48287349785,0
832,2020-04-28,68,31882.282681998084,9103.986521578,526.5078442812642,,0.3836352116802937,1,12,3741.659338503957,46209.73227310602,1
833,2020-04-29,48,50155.03595970604,27067.38502899927,519.6687386598346,,0.298036024098965,2,36,2782.728980132278,18207.567424468856,0
834,2020-04-30,47,56632.62128607559,9169.416075985428,538.5761947916698,3.2458657888558813,0.1082648961345758,3,12,3566.7079887666973,60432.80840265291,0
835,2020-04-30,44,52094.980285883954,10990.611734393373,597.2252090090575,,0.3106010719525748,3,12,4673.133655796296,38630.125179152965,0
836,2020-05-01,53,48989.07506309125,36778.48746065301,618.7371786029216,,0.2995419581883295,4,60,6330.235481202292,25971.154523118763,0
837,2020-05-02,63,50202.64120094914,8319.550198618548,724.0400394251261,1.1176535758360018,0.4940457194422205,3,48,3516.962924478166,42187.53718683888,0
838,2020-05-02,48,55861.7970915129,27693.347049647924,520.1316767408968,9.649615112477791,0.419372543610028,1,60,3750.725435024886,51182.04988583325,0
839,2020-05-03,59,44765.82602519401,14744.071227708811,678.7457918781267,3.2380694064554376,0.1730946317551074,3,48,2303.5972393515917,47685.24350580955,0
840,2020-05-03,23,39405.3688315763,6384.48597867892,582.8808924619593,4.565480351148993,0.3758381579616556,1,12,2706.59327586261,23729.64452817353,0
841,2020-05-04,60,19465.891649452085,3554.405027105302,596.0429032278054,,0.4507296757593579,2,48,3163.280045368984,51364.56834276248,0
842,2020-05-04,62,44771.90293560544,15841.469276511389,653.9855593733283,3.35373164024304,0.5792047039081749,0,60,4805.480877571581,39090.11377301215,0
843,2020-05-05,35,55425.07565436822,6011.917236932417,510.1822382750161,,0.4831255951121088,1,24,4357.030528368406,47518.06273576182,1
844,2020-05-05,69,23489.167005047628,12635.641589927887,630.5927796947241,,0.4641269981467216,1,24,5745.025013343286,27976.7274912805,0
845,2020-05-05,31,36564.14916787465,1000.0,613.3161766570445,,0.3590128991922745,4,48,1470.550613758072,55688.67384079978,1
846,2020-05-08,37,46380.59660198482,17835.298093686903,639.3961011206519,9.710152692410336,0.4082468008135174,1,24,1678.6646200221176,42740.73289397232,0
847,2020-05-08,69,62685.48696056903,2660.439331874184,623.1334915126255,1.6994812672851918,0.5374257351059237,2,36,4710.9370023782485,57832.34971207345,0
848,2020-05-08,28,22621.46263680504,14519.315460961758,796.4240111928716,5.968450514380256,0.1500833903780525,2,24,5144.408803726444,16976.978367158168,0
849,2020-05-09,54,51901.78733251651,3929.651752887252,548.9808012598947,5.879732140936906,0.2975841009174566,1,48,3374.743485421999,18978.71320577481,0
850,2020-05-09,57,34633.19637278782,24807.03238579363,557.5202435998546,,0.2341146876865638,3,12,416.6666666666667,36399.58230047041,0
851,2020-05-09,21,29895.51135354227,1000.0,550.1487578860189,6.938494615664509,0.4068729678089186,4,60,2403.9218809598988,62014.37529959173,0
852,2020-05-09,61,26229.876023279503,12736.440197085129,555.5618304671797,4.213108094175778,0.5345333263476181,0,24,3752.7003985200713,69442.16346510588,0
853,2020-05-11,23,30166.86196283588,19475.26587364332,549.0090298154786,,0.2604538569918389,2,48,2209.0671001111677,26673.605513878007,0
854,2020-05-12,40,47486.59662969884,17871.08492136867,695.1213224886042,7.997003991387874,0.0,2,60,3564.741029505478,40795.70547417209,0
855,2020-05-12,25,36583.43085634054,5025.355838853737,713.6403398391884,4.998487370378794,0.2881668882463294,5,36,5706.527644423305,42327.27962920983,0
856,2020-05-13,47,50713.56201597563,1082.037340154553,554.3402965000419,,0.4870210598026109,2,12,5115.999357827084,50772.364195570815,0
857,2020-05-14,53,23172.267334777946,21251.132009458765,533.4115541516617,10.197766830679267,0.4306444854424819,2,60,4344.448640046007,53274.43999618732,0
858,2020-05-15,69,50454.95654384724,14010.622831855322,637.7132445109123,3.2620755767055085,0.4142279371715864,4,60,3252.7717347856365,23284.02710632498,1
859,2020-05-16,59,46506.90107528514,6426.2553652142105,555.8221564575223,5.793373332333869,0.308001004718828,1,48,2714.9982609578437,40968.90040326057,0
860,2020-05-16,28,17383.05333116214,21542.377988285767,650.6345454204409,,0.158145389567032,4,36,4280.522477430176,9872.2311434512,0
861,2020-05-17,64,62593.49853095331,10498.38267386797,616.233841668104,8.58459101334931,0.42729414824367,3,24,3365.076648958617,52161.86924560607,1
862,2020-05-18,22,45098.57394498581,9740.94673705235,478.74047080022143,,0.2248577284948062,6,36,3407.9638825487964,34920.70197513944,1
863,2020-05-19,20,51481.46093852643,8066.571029173725,723.8004161064049,6.627189153919679,0.6776145100070684,0,12,1394.3138172320496,21919.268810469068,0
864,2020-05-20,32,57342.03622968459,8924.34144013069,743.6702138476418,3.4165848067572933,0.4355760812531773,3,24,2440.1703555509675,44988.20214935218,0
865,2020-05-20,19,54525.62749530219,8636.00476319885,550.9769047612491,4.530509910235647,0.2629027546169073,1,36,4273.158917479352,34451.96135491755,0
866,2020-05-20,19,38108.463751627634,17626.45740497067,568.9838752051213,,0.2582922128917057,1,12,1956.9997823975991,58921.91546164335,0
867,2020-05-20,25,50877.40200105103,27405.08990604363,622.8692312579924,5.746665569433402,0.3360583690079617,2,60,3665.467206586405,26611.26796680678,0
868,2020-05-21,63,12849.353162079726,3826.16442589444,626.756543198962,2.5802429675846765,0.3140747116967375,2,60,3848.962826913508,73344.32800091401,0
869,2020-05-22,47,45906.49363456062,12271.94668964597,652.6835418138264,,0.5175250663294931,1,60,3921.943103025857,52818.33314445024,1
870,2020-05-22,58,65987.27511543437,13687.574137951444,760.816363101308,3.3570361931382577,0.3779624254616069,2,60,4033.663603780444,59315.41619776258,1
871,2020-05-22,22,29569.33801774356,18716.50182132075,585.844221800476,8.077368289502648,0.2402552391637207,3,24,4117.990899758414,24567.456976773232,0
872,2020-05-24,47,53731.80281616048,22906.584924850904,536.1362204369237,9.585451389649418,0.6335661027733674,2,60,2553.591968280172,66826.89065700638,0
873,2020-05-25,61,66594.75778145534,13725.103205562837,489.6544617588378,7.486510655606115,0.3573962497280333,2,24,1498.765128756866,21811.788318875995,0
874,2020-05-26,27,50338.10304473615,9903.302400490493,541.5255968046465,,0.4653259513953345,4,24,2241.4140678541457,36852.82455319638,1
875,2020-05-26,50,55381.10087712984,19624.56478246407,597.3498421700963,,0.258766023883286,1,36,4245.734829464473,59569.8494111014,0
876,2020-05-27,41,16457.91320422273,1879.2190247335748,743.564629081423,13.832348026947802,0.4044673441616785,0,60,1832.275091088715,47601.53608756712,1
877,2020-05-27,36,25976.13877841734,1000.0,558.5910960771063,10.921837704267055,0.3966664986714792,3,48,2032.5699834777,21412.571240560574,1
878,2020-05-27,47,61446.028992851054,35722.99580156346,617.9030361311119,5.9104143701175245,0.066552606185577,2,60,2025.653332386241,57031.150927639785,0
879,2020-05-27,42,54405.25228535452,8536.974667079996,598.6861683141798,3.984883451647145,0.652291266569096,5,48,1025.865264904258,45099.31679113806,1
880,2020-05-27,28,47440.31595281872,11690.197419283002,695.0714618758467,,0.543596669138382,3,60,1899.577875668584,33756.99645917599,0
881,2020-05-28,66,36030.825966479824,19350.5267804138,802.1545940698898,,0.2904207025781018,7,24,4583.8294749879215,16869.861159255688,1
882,2020-05-28,52,44269.315713056094,17775.95407300488,557.5304981663744,7.130924989831352,0.1846595389316216,1,60,2437.377517438882,46521.25794809241,0
883,2020-05-28,18,66072.20137489209,22081.906445921515,560.8448445985422,,0.4021342420705328,4,60,1147.1606376404006,37548.58295550361,0
884,2020-05-30,34,38471.464423368576,22501.037977443844,683.5328701655258,,0.3630046549121594,1,60,2693.778514690105,42344.64023120852,0
885,2020-05-30,48,50488.766332431456,3460.3643368480407,654.5513191701049,8.59542960829819,0.4033503422844844,2,60,3971.517353200417,16221.979597441124,0
886,2020-05-30,23,50094.6994070454,25154.245422921013,747.7365860588827,,0.3787366094291134,4,36,1044.867377228755,33720.1441246548,0
887,2020-05-30,30,30012.23615974518,19085.67896767176,646.7142548260771,4.122558994644766,0.4259361483958889,2,36,4524.971220540848,47204.56932312267,0
888,2020-05-30,69,31169.730347436474,18024.125182081763,571.2566327370353,7.997217058561599,0.567095854908771,0,24,1532.1073141344848,68146.96916957098,0
889,2020-05-31,43,62905.19891838989,18380.14515473282,647.2523864553848,8.090419568247745,0.4352154807692969,2,24,2838.9787845999763,36920.77565724054,0
890,2020-05-31,53,48551.94918276768,1000.0,688.6962864466326,7.750426687651645,0.1925516751635088,2,48,2823.001945838812,61649.48588602181,0
891,2020-06-01,22,29794.86071350189,13320.616082172475,665.6385744957892,3.762174276956252,0.5543844279068678,0,24,2631.533199888925,51810.2263127477,0
892,2020-06-02,64,35330.81074180696,7267.39682308189,640.5819224885838,7.151330284600733,0.5960921845232431,1,36,3252.33121023143,43506.77449380022,0
893,2020-06-03,31,25216.18268992666,6115.091786677269,685.3339751671323,,0.8228085101768127,3,24,4306.533775804207,24814.873245008283,0
894,2020-06-03,68,55997.52488771562,11096.979194540974,693.5436472356538,7.867269458784866,0.1814758950140602,0,48,3282.3313567043224,25442.82184703565,1
895,2020-06-03,32,36223.49759394446,21603.61720624928,710.5727192830021,,0.3864323019725412,1,48,2576.2412582167544,49263.11306059899,0
896,2020-06-03,29,36423.31499275657,17297.546222982353,651.8967910071714,4.3909325660794,0.0376851945216519,1,36,3905.0191892844528,32102.56638842181,0
897,2020-06-03,67,52613.77954795654,18499.797315372907,586.6305535746517,8.217639535833946,0.4329723734568813,2,24,3592.412994111466,30769.559218508504,0
898,2020-06-06,63,14808.600709229308,11429.337622783212,611.7370949146658,8.870195107630035,0.2677699552749841,0,48,2496.453883424801,37290.8449144856,0
899,2020-06-06,59,39446.45738906849,18010.382233528522,696.5207173206686,,0.638516869223743,0,24,3386.210110938791,37542.53754491212,0
900,2020-06-06,25,39836.48204350929,13407.603077273863,534.6451463210211,0.8478013887518303,0.2338077544972127,0,24,2392.905204323846,53511.5196429053,0
901,2020-06-06,48,35715.872239164324,22592.988712369483,629.4938647098321,9.906757996928835,0.0966225443049107,3,36,2251.1599228371547,32417.53452609684,0
902,2020-06-08,43,31756.93302133076,20565.27635439288,568.5328950138112,,0.279310438894622,3,36,4340.584851020715,52018.60054036474,0
903,2020-06-09,46,29349.11415069235,16278.540981817196,602.2995858347854,2.772240208330798,0.0536768343174293,0,24,3892.0318415447778,46595.57701081605,0
904,2020-06-09,21,44236.75733897858,8589.653994931015,702.2761490085838,5.636873964437696,0.4626649181760964,2,60,4296.307877379018,14890.06018956923,0
905,2020-06-09,67,24848.70311710686,17183.9192359236,615.2879254415923,4.190074802723058,0.0402375430615519,3,60,4127.243959772722,44417.61494474961,0
906,2020-06-10,45,42417.77383377788,16939.621627130935,603.7149238524919,0.0,0.3542686371774738,5,12,2224.3092595157677,5000.0,1
907,2020-06-10,42,31706.425924438012,15954.671896576894,491.2115087216065,7.675454534211417,0.0383282270215704,3,12,4584.935745916824,26571.6510752202,0
908,2020-06-10,57,32703.917202618803,11193.095494908392,659.7002852821777,7.60036332676122,0.3019553293195037,1,12,2961.3244454809305,46946.152698433725,0
909,2020-06-11,49,42954.86734175188,9763.664151375331,651.6387344912861,1.9058965962563388,0.59650672337068,3,36,4494.855612417354,39840.353496109376,0
910,2020-06-11,53,32536.138830337062,17578.96319782067,773.0603778644368,4.923616667706526,0.4040971837153692,2,24,3176.937570869213,13481.61841057688,1
911,2020-06-11,28,59005.66993793906,8138.44265653935,575.3777412037599,1.9483544776281767,0.2204759592552599,0,48,3724.787193182487,23212.573495396784,0
912,2020-06-12,54,37899.009605835374,12985.837797880977,617.5320262131152,2.423702502250692,0.3453194766591373,2,24,3762.368244517105,5000.0,1
913,2020-06-12,27,55699.72541262669,19694.943486866687,619.9506946968604,3.194282919958546,0.3527025308066669,4,24,4349.833814938821,19861.551144335743,1
914,2020-06-12,55,28571.082339185763,18531.904314082814,726.196262381078,6.585726521225389,0.4208945518765108,3,12,1290.1506820722443,48685.95023977825,0
915,2020-06-12,53,28238.479397475887,5741.861517005949,592.3763574090439,11.033563049632516,0.144971245507876,2,24,1362.8361924465496,31638.5059213728,1
916,2020-06-12,67,15054.16727679221,17388.197642748604,622.3217220616272,3.7602419181387674,0.4388850910770995,3,12,4172.971914711054,42549.18312589837,0
917,2020-06-13,44,32617.63637811945,31255.051216241343,648.6317207773232,7.51687661346309,0.0,3,24,3778.786414575037,40204.66572309244,0
918,2020-06-14,34,36510.911455161135,20404.76412851455,614.9287298525087,,0.2555173171454284,1,48,2363.7787730975565,40488.74605749379,0
919,2020-06-14,24,41155.42031268809,12803.294035591682,564.2853108359577,0.0,0.2767589236322683,1,60,3788.71946960426,55346.986346695776,0
920,2020-06-15,26,50460.26116957101,25459.95712985393,615.5271994318646,0.8449677919885312,0.4449990239106857,5,60,1573.383070703457,36956.34036743464,0
921,2020-06-15,52,49371.93084204252,32593.504303112688,685.8905399887817,11.13884496886724,0.3533946279015303,2,36,7413.6952219195955,53660.025595898594,0
922,2020-06-15,26,57034.619015122094,21906.852116837665,517.8787760471151,3.4813738473382903,0.1391655419215569,4,48,4972.797566868262,5000.0,1
923,2020-06-17,53,26690.479494457024,1147.544080263533,610.6375739317501,6.359231680257182,0.2022510311274477,4,24,4111.211680093175,56671.3893526607,0
924,2020-06-19,47,40462.36306641347,19934.504629908763,543.9903348048662,6.010389356835326,0.379802001432111,2,48,3427.871296680192,20648.82861835334,0
925,2020-06-19,48,24997.48672826882,25790.30098272132,695.6037303139874,0.0,0.3381398987203165,2,24,2559.923277326712,23905.904153825177,0
926,2020-06-21,36,46213.51628952293,1000.0,478.145047617298,,0.263131383554638,3,48,1695.600534150991,29430.73765763116,1
927,2020-06-21,58,67063.82705616839,22496.924063874078,555.2862522182729,,0.2778749315732031,4,48,3191.0550489715533,56257.82831247155,1
928,2020-06-21,40,22053.576923481894,13375.026109819992,630.1769500051616,2.1866101269337164,0.4544251995738933,1,60,2258.6325387144275,26660.50226283013,0
929,2020-06-22,37,50313.21571931837,25523.50769485744,725.2419223387473,3.865709437445516,0.2723461140696178,2,48,2331.531022516776,30161.668311454687,0
930,2020-06-23,23,55729.61063680965,14430.751745634172,594.739979114161,1.3877314524755722,0.3367863133956389,1,36,1562.3875336151543,25574.684229613315,0
931,2020-06-24,60,26609.08043444078,17745.805749736028,555.5840378645441,2.4784377191179403,0.6754904882120814,6,24,3645.412148247215,43830.92201289157,1
932,2020-06-24,41,46544.922923548285,17879.941115365404,750.4925655552472,3.4197824273542703,0.1364476044674115,2,12,2862.091451054716,51154.12502331502,1
933,2020-06-24,64,34601.00242778705,20712.885504047383,484.1588879667005,0.0,0.0722235902638012,2,48,4002.1728018656704,65564.86773640946,0
934,2020-06-24,39,38182.511607954926,18576.832365794693,424.0955234703935,8.514677031410681,0.4675384497197909,1,12,3904.706825401818,75997.26249680156,0
935,2020-06-25,23,34104.22156181879,7807.222939110419,635.2011560042666,,0.2482035408058845,4,60,3620.164120932912,49752.71129781954,0
936,2020-06-25,69,36626.86933071152,12895.003784316512,559.8356620517911,4.482720314486162,0.3022643708386069,2,12,6657.633655901061,45484.81280304052,0
937,2020-06-25,41,57332.946645361866,14947.35637349586,518.3013746295429,2.7653682687878147,0.2328265432803328,3,36,4362.965225290263,21739.904018376823,0
938,2020-06-25,59,38812.88291131249,24842.861781028023,656.6685157839482,,0.3110299788848731,1,36,1757.6258200209606,68639.54730596465,0
939,2020-06-27,39,30974.96234338837,18874.60350162164,619.5040571016959,1.302853989551929,0.5897807168144511,4,60,3906.7538932351695,43231.04664000918,1
940,2020-06-29,35,41034.96341743727,9739.277741681562,554.8737095410618,2.653810156281005,0.4703192687927179,4,36,3265.8099046227217,35664.027371385455,1
941,2020-06-29,33,8167.998809882938,7642.437449909524,497.57564810632846,0.9886041479615528,0.4793335267830465,0,24,1656.4201198002495,45812.9765358033,0
942,2020-06-29,53,27746.558677327903,20237.977753291736,669.7965862624116,0.0,0.1375659416311031,8,36,1556.2922332375315,30454.739089076786,0
943,2020-06-30,69,58728.86704374028,11201.409726316208,652.0160942366929,6.527267993172637,0.1773269395170696,3,48,3899.8369799327934,5000.0,0
944,2020-06-30,30,37819.82028268392,21025.55355245419,592.0659308976494,,0.0,2,36,4205.267751931539,48577.04381400403,1
945,2020-07-01,54,32829.489810523766,14553.710184743815,747.7309596838132,5.657249946089675,0.2285928768375869,3,24,2025.5118341776756,60137.10777900856,1
946,2020-07-01,69,42594.5471193374,26680.84724998242,514.3932186939078,7.431458742887814,0.4935054779578487,0,60,4546.042149826639,48353.8395280142,0
947,2020-07-03,41,51049.29899350855,9103.872993717903,477.9579863260209,5.324303789375496,0.4275419773622556,2,36,3689.4763293524375,39893.81304997519,0
948,2020-07-03,36,59931.12145148874,26510.104899386897,544.6473544095004,,0.3167730105571814,2,24,4828.157279511482,40199.0762858704,0
949,2020-07-03,67,33234.60822076891,22867.8115245005,596.3531186915602,5.77890849595508,0.346654957442292,1,48,4695.358831257388,42584.1962157443,1
950,2020-07-04,37,33579.71116436947,11476.826855104004,619.4671559458153,,0.2466671686136891,3,12,3135.2871890795927,42124.81331632877,1
951,2020-07-04,44,36652.41638540696,7973.337607090118,580.7011153714936,8.337053232269655,0.3807138323602676,2,12,5377.832995960952,39089.48023779168,0
952,2020-07-04,34,55437.41241204442,30421.50445192652,628.1644317211437,3.913767972323261,0.4648817419220922,2,60,1928.1882206827495,40380.14319203277,0
953,2020-07-04,33,40855.6252701844,7778.970996750242,499.8768460647645,,0.107616981888429,2,60,6321.201464521702,63325.19110660696,0
954,2020-07-04,18,72488.19612086787,17451.062405939672,715.5011683258608,,0.3949471531756022,3,12,2234.851232725965,47084.09821519799,0
955,2020-07-04,38,37584.87750707948,17762.854885876048,593.4279057285945,12.008342431550934,0.4898652306432001,3,12,3273.329918736233,41577.20476036846,0
956,2020-07-05,44,66452.28411126617,15080.035565983026,689.3836665270502,,0.2877349566554945,3,60,2624.3479600673795,49888.40344443876,0
957,2020-07-05,18,26604.542471372217,21250.74751495558,627.4180277102163,,0.4551050918180875,1,12,2862.3445984836594,49889.48480174865,0
958,2020-07-05,47,19152.29400914121,7555.434337946695,636.5402575323027,4.264990984525748,0.7721981666708829,2,36,6987.775411475787,54189.96944154788,0
959,2020-07-06,37,38478.56660229766,30464.521805686323,645.5813824185764,,0.3343485810519662,3,24,2754.932474069486,28646.328822507094,0
960,2020-07-06,41,57090.80395774244,8403.851572263415,635.8166848013852,7.099889198970326,0.4089960575007985,0,60,4397.218798699486,32792.08140778315,0
961,2020-07-06,63,32845.30916015893,13848.532927871456,651.4178207894035,5.592325928701581,0.2392914374507912,3,24,3039.0796942253123,27796.638187086217,0
962,2020-07-08,19,30751.946093076167,3494.5847728349454,706.3322024105945,1.6416433442201903,0.3771876743903075,1,48,4504.021370318017,51500.84385240538,0
963,2020-07-08,32,55375.22044172433,23368.9048467806,615.7216935761176,7.248381619072481,0.4190407437473455,1,48,2653.133935369593,50768.064616105374,0
964,2020-07-09,46,50576.496053571056,30104.88703050016,656.720300607081,10.543007306355666,0.3792263510405206,0,36,3653.4984504072977,20901.35691216443,0
965,2020-07-10,52,28113.77272450178,31065.1354890995,592.8211444570219,2.6029108278833544,0.1970457020436714,2,48,4119.206208924262,45862.56719230484,0
966,2020-07-10,30,27236.70549958315,24077.768283886915,715.2093772359578,5.975795612528524,0.3809542656988176,3,60,2431.069016662732,60583.508018018096,1
967,2020-07-10,36,52439.38167012823,12030.863384361017,545.8886158352584,,0.5693293908076456,2,36,6780.490738615324,36470.0104191327,1
968,2020-07-11,18,15521.941253005276,15013.755480453576,744.0752346328652,,0.4172953646771791,4,36,4184.5096373755805,44709.599108894574,0
969,2020-07-11,62,56192.85274075254,12416.764432266877,596.7873639484525,5.928989179896745,0.4942980783607761,1,60,3050.869640186613,50957.28554236637,1
970,2020-07-12,64,50377.43186967603,5294.794501598082,485.53799183055617,,0.3144482044981058,2,12,2461.790187269968,20191.6264090192,0
971,2020-07-12,33,5786.318376882402,12636.15412378712,610.2483531928632,5.337761779721182,0.4624850359135565,1,24,3447.9871128670607,42279.82238486653,0
972,2020-07-13,60,40233.52412218905,22270.09184091544,545.5158674020096,,0.3918901757324788,2,60,1813.3358200664964,59081.74284612207,0
973,2020-07-15,20,10316.977597898556,8064.127835299956,667.251483919098,8.78005321826411,0.2073633905469152,4,12,5561.202413145762,31101.867748537785,0
974,2020-07-15,57,21923.662504543685,1000.0,547.7900816558088,,0.3977781507198311,0,12,3872.400548834684,52486.99213388243,0
975,2020-07-15,23,32455.434836400585,4975.97344521028,564.3053253428176,,0.2012455004839534,3,48,3223.35074906909,40407.42410708679,0
976,2020-07-15,48,20983.17153607519,21545.743332365197,448.8367415243576,4.883591485235451,0.2550679587672811,1,36,4640.805651279224,29882.430367994886,0
977,2020-07-16,22,73272.4135816634,1254.3688356310158,563.8154944600739,7.768715627058198,0.3783992460938561,2,36,2431.439860725874,38552.37173778377,0
978,2020-07-17,43,52960.87080421268,11224.062619013324,406.0896538696835,6.663428779450969,0.3945866410070185,1,48,1888.3838502952867,32108.08113870652,1
979,2020-07-18,45,60511.58564744591,11931.024543971878,473.28777412114215,,0.1716151302384306,2,48,3170.6669936724115,26675.28937355701,0
980,2020-07-19,32,37895.702374777255,17064.007981355957,660.8331724915438,10.319480298761558,0.5080978656774314,3,36,3492.7628951703214,36184.82841320337,0
981,2020-07-20,26,40457.01110206006,16876.83872850064,662.8640126920666,4.775787602430963,0.4358009417450709,3,60,3996.566091574296,41026.39468579184,1
982,2020-07-20,39,63710.90563597775,18201.747126709382,634.0366049427972,,0.2442907346583674,1,60,1487.9859377930495,37509.184261766975,0
983,2020-07-20,54,46505.98591042029,13810.567289028551,522.641908549663,,0.1193622805326236,1,60,2762.9372958092936,36019.39628306739,0
984,2020-07-21,38,49183.627021716646,7443.764338405593,596.1830915086416,4.588017118554892,0.3282643131377852,3,60,416.6666666666667,43389.93824448399,0
985,2020-07-21,59,26332.30622284602,22211.216721291075,599.7117968727546,,0.2831084429208259,5,48,1855.3968697007188,47971.08962471572,1
986,2020-07-24,46,26262.82293736713,1000.0,507.3308248645966,,0.3669710685579534,1,24,4227.41025045884,22838.571507403904,1
987,2020-07-24,43,43915.599738803605,21250.05752797006,720.271864141372,4.216927358799671,0.295532500826665,3,24,4534.615594051752,36214.06195929088,0
988,2020-07-24,23,45594.54005814361,24152.74155633035,670.1889832460537,4.12947338180628,0.0488814708882485,1,36,1905.8276641920584,10396.886350092263,1
989,2020-07-25,28,25043.633136019816,33693.97163219997,582.3228660936269,,0.2917479592548262,1,24,2927.5776469903635,37567.24961448695,1
990,2020-07-26,53,45376.85449341782,8966.463049638845,602.1508671195625,3.411672668938712,0.304157133339753,2,60,3365.341027243326,42257.93569107432,1
991,2020-07-26,37,21674.955966351783,10518.470554605552,616.6706246358042,,0.4450491537161087,0,48,4680.971006885971,48546.70018248156,0
992,2020-07-26,61,40207.452995855456,15426.623726795508,436.6612105260567,3.23634204971927,0.2452700488083425,2,60,5244.70191647957,42311.57209744457,1
993,2020-07-27,37,18437.690567392438,14829.887583902824,580.2258093983522,0.0,0.6018012010058849,2,12,3524.6861523621114,48222.634660813725,0
994,2020-07-27,44,59919.85882275928,21676.985457982628,545.4412601601762,6.954473447962972,0.0632539174022364,1,48,3007.562513855544,40978.37472503916,0
995,2020-07-27,23,35331.66822047832,19179.712939120764,519.8703992084068,,0.5466751246703936,4,12,1528.7163224575404,29867.224327262884,1
996,2020-07-28,50,29596.47235722957,12184.942606876386,577.5119765691236,,0.3163521543682842,5,12,3468.4198765346587,23260.97247415451,0
997,2020-07-29,47,22813.925754219228,14215.316700829842,743.8149221479619,2.22337295485029,0.4789377308515334,2,36,5926.986460196164,36054.959390672055,1
998,2020-07-29,67,21370.2196007776,22466.56627721521,651.2674289013607,4.938076359811368,0.3619702226088099,1,12,4946.074020754983,28505.85694889565,0
999,2020-07-30,51,46546.15358031062,4870.43272029067,554.3056808173762,5.718936724668978,0.5209333304038204,2,24,3551.9062036569644,38204.21328053545,1
1000,2020-07-30,22,55057.028344533,13130.409491790571,645.8066225084926,,0.2918957053170783,3,24,3712.555594208472,32621.84494768856,0
1001,2020-07-30,33,53555.99176447616,19437.78642120736,711.9484349268802,,0.1852069362233281,0,12,2472.6878815182627,46286.21518846072,1
1002,2020-07-31,29,60948.87343783371,6466.650097801912,673.9706946330215,0.7615694601734369,0.5630756430906594,1,36,2886.9137973626803,40734.32536685852,0
1003,2020-07-31,29,66222.70687103888,1000.0,604.7704295936139,10.166429677568573,0.3329779031176788,5,12,3517.8323028137693,46712.41504385872,1
1004,2020-08-01,28,54368.90298004357,26572.611628014285,548.2450577835541,1.374576514245136,0.3832337710436315,3,48,3521.6262587313868,46635.77084911842,1
1005,2020-08-01,69,32456.60711855001,14836.21438424568,655.8578650890872,0.106508032763414,0.5352127871067193,0,48,4596.770749462158,37304.90434425356,0
1006,2020-08-01,68,42542.2157113092,4939.464561117467,631.47883083374,,0.1952067136858347,4,48,4535.936999259953,38224.95482618019,0
1007,2020-08-02,38,6145.519232849554,22363.3544265082,671.6154576022186,,0.4393236346458886,2,48,3984.041808597187,47524.06732482042,0
1008,2020-08-03,24,49563.70206672718,13333.534744242375,650.8137441345575,9.346535093543476,0.2615157865305663,2,12,2084.4006105842222,76689.08396011186,1
1009,2020-08-03,51,42238.98265589947,6721.480891403275,683.9642172255468,,0.3301745966533442,1,60,2131.56418185608,25163.03279596626,1
1010,2020-08-04,46,63928.42068855171,17957.829928271538,557.1811830751545,,0.3608418448076433,4,60,2223.4689954776013,40626.2723198419,0
1011,2020-08-04,23,28849.611075615776,15412.425457689456,705.3915252507461,7.623614028300515,0.1249667207829595,1,48,3627.733694841661,22064.3747916394,0
1012,2020-08-05,53,47732.73451022639,10094.489484900798,615.807968375392,1.106366039835593,0.2331744435769348,1,36,800.4320148881561,39686.31475663133,0
1013,2020-08-05,51,24949.839043808697,8843.09789578172,766.0208698100212,6.856970987761476,0.5526609338619708,3,36,3325.4894927525565,29889.086445184388,1
1014,2020-08-05,66,38349.49863610435,6790.883379269133,544.8649745528346,2.226547054076005,0.4829286782877193,2,12,5094.136728901004,38201.4038342176,0
1015,2020-08-05,25,15471.011710151968,20884.417083841778,738.87710425322,,0.3406040634009147,2,60,4166.865876684134,42329.65500921788,0
1016,2020-08-05,54,60340.69519947164,5013.148178306488,615.8328626770118,5.957735339037559,0.3864685187769339,1,12,2894.923819651104,32659.13331364058,0
1017,2020-08-07,27,55789.74082971641,8619.947356167933,547.8865597108442,,0.3058636241545313,2,24,2460.514066146108,13243.619857189264,0
1018,2020-08-07,33,32909.73417344512,15809.234357596511,561.2891332756543,5.320261897148307,0.5534875078741973,2,48,4340.477439304186,61383.0351572921,1
1019,2020-08-07,19,43927.529808573054,26671.06629853003,574.3722153444544,9.410530168953546,0.3199471133308754,1,24,3715.9025408986745,52589.154696989644,0
1020,2020-08-07,36,40577.28292511391,16063.199892203382,633.9332757121533,10.14298050403128,0.3847763138202272,2,24,3025.292767604908,38041.61156633703,0
1021,2020-08-08,24,30814.09322918029,19705.385975562254,641.82683904284,10.376966754804451,0.5219045216213097,1,36,2597.044734700657,26579.005026841576,1
1022,2020-08-08,19,41847.90492047196,15817.671997930463,554.1039996849137,4.471796564577601,0.233394277273114,3,60,3428.812070442426,41275.36885424541,0
1023,2020-08-08,62,33358.42664970705,22251.494943456408,598.0516326191214,5.318241488468836,0.583818377674534,0,48,2954.537378349598,45414.832375621125,0
1024,2020-08-08,40,54705.08005326645,30500.501763127235,771.3816286889491,9.134842441239744,0.1204307885384934,1,12,4313.807795729227,51550.17723639413,0
1025,2020-08-08,48,36837.87513240684,11498.195396905212,738.2034536080569,3.044859881321563,0.5944463196669197,2,48,4884.794703306729,52933.33246601179,1
1026,2020-08-09,21,75858.03215718787,15112.326544062726,634.9058935739225,3.71073376264264,0.2940986624072038,3,12,1624.2710485299378,55760.1445796777,0
1027,2020-08-09,33,38832.28327683514,16388.224209075965,603.040278253456,,0.3135951878262077,3,12,1801.0588676722837,13887.104657575306,0
1028,2020-08-09,27,41691.561176276016,19238.48052546911,609.6025061374609,4.942128327264031,0.0664984743225585,0,60,5018.403567894248,35430.35178968284,0
1029,2020-08-11,66,47922.37782567525,16059.319812429076,649.0814378184333,4.140788073949369,0.2817807923933461,1,24,3540.6070116632777,54896.51230917442,0
1030,2020-08-11,38,52555.76506353284,10650.0711170726,518.1765947841276,2.1950601499289637,0.1940290203459673,2,12,1918.770037347281,26145.524460430526,0
1031,2020-08-11,45,41169.61692728098,14943.233123419275,579.4098770061324,7.56278340207085,0.2588530481939791,0,60,4562.397841659136,58289.013657725096,0
1032,2020-08-12,63,47595.69248041993,34453.378740251384,466.5132740897928,3.837839375750736,0.329403355131668,2,24,3760.439708194374,67155.66422707413,1
1033,2020-08-13,29,42742.0594625519,17511.07017699179,631.9378498084224,5.46906656995075,0.4936687421709358,3,24,6087.39053573945,57868.81479188741,1
1034,2020-08-14,30,28321.260313807645,1000.0,651.7756751762192,4.978923741311643,0.3811405027100938,2,48,3039.2062367514063,49923.85610654822,0
1035,2020-08-15,69,24277.74550329795,11840.848164849904,561.3450830160501,,0.396151498010167,4,48,4719.213329669224,33287.40658955728,0
1036,2020-08-16,57,50488.71433228091,15107.161037765374,725.9189410632026,,0.1856720916731656,2,48,1522.2902844173832,44224.52205621808,0
1037,2020-08-16,34,62758.46537515368,13875.404470161237,501.9387469598127,4.234142181027906,0.2178868865595904,2,36,5078.367771037799,19808.58026919065,1
1038,2020-08-17,35,15535.70180061542,14452.493049401388,482.8500095832144,3.755112229301288,0.6198087527526968,0,24,4513.533406097276,28283.34003112366,0
1039,2020-08-17,27,18481.56432298154,17290.13612143153,617.9561454847977,4.667766624756244,0.239719844785513,0,36,5338.76762557555,29337.947762327945,0
1040,2020-08-17,45,18336.680196148885,19068.892555811377,683.7678642089724,1.670601764429175,0.5984312378085943,2,48,4721.5587302192525,40929.588609489205,0
1041,2020-08-18,30,51627.16825917146,17070.691248547402,734.7142153166295,2.587183049816381,0.31354082016787,1,60,3209.523100988736,34117.34101857564,0
1042,2020-08-18,51,52879.04434936748,22604.996361361325,563.2892589704848,,0.3503431904215255,1,48,1869.42512828726,43923.99934930096,0
1043,2020-08-20,66,25354.910211178445,3037.2029904235605,686.2944666745036,,0.5105547740344895,3,12,2580.7672078782857,53167.40237315888,1
1044,2020-08-20,23,73086.79529016097,12978.742274321963,596.9193224399435,2.101895106266136,0.5407838632907984,2,60,1131.895349335684,29354.08685693108,0
1045,2020-08-21,29,34225.50206787327,18474.138153150023,586.1898160047344,4.640504590449603,0.3333781159581369,4,60,2182.209544353696,42229.01639405577,0
1046,2020-08-21,46,61534.67080148828,17049.304157222596,670.6927949989338,0.3106813295045336,0.2917635419717691,3,24,3865.6600198438737,33760.465152730954,0
1047,2020-08-22,30,52128.11137483289,9781.604764043495,652.1858302730735,,0.341611932721668,2,36,3273.64223480185,42852.43740485772,0
1048,2020-08-22,43,25628.48779506708,10744.842057093716,473.88862744126,3.991566915751708,0.4006936292348177,1,12,3053.845658168057,50292.58897317729,1
1049,2020-08-22,21,33729.50957972292,8266.221856027289,718.1232279780717,11.285151821198918,0.4836955530304633,1,60,2341.954688398961,53818.536862633184,0
1050,2020-08-23,32,26913.74271070929,22813.331961812957,710.4073083317961,6.761461300498301,0.3506344788491227,2,36,1117.8345697604766,50054.56178939558,0
1051,2020-08-24,33,19835.21053590118,1000.0,549.9549838792376,2.140535539328309,0.442832944703473,5,36,3560.9372248798954,46209.78443393491,1
1052,2020-08-25,36,36201.6808507511,4747.732420211854,631.6642826749927,2.099249751158705,0.5957539598406412,4,12,3807.283573919138,18696.80090470706,0
1053,2020-08-26,64,22020.99772055589,18349.138539442447,639.5224149026191,,0.4071964418397177,1,12,2093.8788832749387,23781.011056811654,1
1054,2020-08-26,43,37375.78958506163,19345.401518128387,620.8539012659126,7.637976149060156,0.3967479284007167,0,48,2666.532995628684,27637.32580299264,0
1055,2020-08-26,49,68994.35036128991,2324.6309745831386,555.9755876923664,,0.1221633762364898,0,48,5261.000150945119,45379.30310211287,1
1056,2020-08-27,23,50450.32236930836,20011.518003631518,546.2701305649559,8.469077361678881,0.0,5,60,4782.705775300376,20634.926314141907,0
1057,2020-08-28,69,31643.05167102388,16444.037071112693,597.9556743206844,,0.4082563593845252,4,60,1477.8026311721449,45062.83492251786,0
1058,2020-08-29,23,30419.15019210377,19125.302439500443,693.8183215407491,9.269502590533744,0.3357763653078691,2,60,3227.537849294888,43967.03885698973,0
1059,2020-08-30,22,33983.19540743636,15579.625038487502,643.4880123675546,,0.2727825987627887,2,48,5152.0279362986485,10964.663417204729,0
1060,2020-08-30,19,71066.98890641151,18403.771132640748,570.3508534331115,5.090199162935577,0.3865295306279517,4,60,3062.807086698934,23685.95767348672,0
1061,2020-08-31,69,23674.683233904925,18680.22468093271,661.7358968518676,,0.3409394406204637,3,60,2997.15434782438,55658.133622851245,1
1062,2020-08-31,19,39973.46465711138,18775.283321393144,372.11659034959393,,0.5191670375950848,6,48,4699.255366762179,50461.137225923696,1
1063,2020-08-31,54,46980.44385597744,16952.525683945096,691.9012560297683,,0.3629166302388467,0,48,4567.169888677353,27244.090042075983,1
1064,2020-09-01,20,58232.33082437175,14315.505266129132,460.82289769775207,4.704149207510454,0.2379615072394748,3,60,4502.462515059083,24477.08521878325,1
1065,2020-09-01,23,35009.938022307986,14362.864174353715,571.0047246877494,2.6179860359468043,0.4985249358438933,1,60,3005.85239686567,5000.0,0
1066,2020-09-01,48,25559.86458865769,16841.329628635147,510.4264084299085,,0.3174303387580696,1,36,4161.943353677142,62069.46531581972,0
1067,2020-09-02,60,44342.510837006936,21603.31294598989,496.4254819423276,7.959580609757377,0.428980502550846,1,24,5201.765225777359,40615.81552646568,1
1068,2020-09-04,22,59719.95596463066,30717.92801319418,692.8661429902816,,0.2783883940710799,5,48,3270.991210247612,68255.86083017802,0
1069,2020-09-04,67,35906.75045860559,19227.746439756356,562.5839038950487,6.531448279483067,0.2525259671753845,6,24,2829.0713066912454,37124.93369541615,0
1070,2020-09-05,63,27408.732840104232,18019.2606711195,627.7203105384573,7.387952775544599,0.3626252345278544,1,48,4870.924132195377,44238.839483343785,0
1071,2020-09-07,27,41653.103188511865,24723.43850948845,596.2463536896653,1.2611707216339108,0.3519242965315527,2,36,5890.133086954737,53369.47707142893,0
1072,2020-09-08,44,15646.193715477424,18171.677704327525,638.1632661778497,6.923716933052134,0.4219740553050249,0,24,5977.089437790611,64582.64029271365,0
1073,2020-09-09,41,36720.11714122352,6517.521729587508,606.1457512848204,6.322978064414462,0.3097031370035386,0,36,2865.193958614645,47515.32487726636,0
1074,2020-09-09,39,57670.38524788432,9133.35445257692,497.3606220649144,6.869535459292861,0.0745460324344404,4,12,2990.7830214622186,40036.10826907439,0
1075,2020-09-09,42,53122.70240679486,29631.3574016522,679.7013455557712,,0.2850839174617416,2,24,2046.8804169126463,40419.36491673045,0
1076,2020-09-10,20,37842.0358916287,9292.53279110778,560.499473347095,13.884979845780189,0.4690727700715723,1,24,3480.8987388518312,24312.46596689597,1
1077,2020-09-10,33,64889.94089671852,19561.17859717569,475.47344810722,8.708690076840208,0.305393588113534,2,24,1990.684669011437,34271.75699701524,0
1078,2020-09-11,47,68648.12301863494,7090.351075407601,565.750787122727,5.781479650572974,0.3130424896228178,0,12,2675.041531198966,40768.29226922634,0
1079,2020-09-11,65,49961.293431553335,25274.349944482357,720.0607832507449,6.914724798101256,0.4979564758858905,0,12,4209.745581036321,60728.40812652643,0
1080,2020-09-11,60,17983.429890171145,11318.640251656603,668.0177393690794,,0.2432040159111616,2,36,3820.8050960075793,33549.352097779854,0
1081,2020-09-12,21,11801.324419419998,15662.236293292965,572.1078292473712,,0.118579517263565,2,12,1069.9317018745494,55939.81968210678,0
1082,2020-09-13,60,60752.35246656284,13174.072418251428,572.0593836545257,5.412211487927596,0.3259053320711758,0,48,5296.198706176317,38772.42983104211,0
1083,2020-09-15,57,43670.918772400255,19038.93305836224,574.2691959026093,,0.2773739073126894,2,60,1974.5882243936624,58653.37839373657,0
1084,2020-09-16,33,64533.31267523346,16372.360404506566,766.1398386848673,6.646207494476879,0.2050630520370119,1,24,2132.1659284845787,50150.83740959427,0
1085,2020-09-16,57,19919.75887681744,22279.71309929037,630.5548361785243,11.263161445031884,0.3236932316151963,3,36,1784.6806436277718,49137.93044277029,1
1086,2020-09-16,58,37582.221426710246,20242.135110822936,634.4033317752856,2.0940653408835663,0.4237258470870175,4,36,2506.729160128322,54682.39989993293,0
1087,2020-09-16,63,55437.8588530537,17254.652012532057,682.4226763225474,,0.3486067157648276,4,36,2212.325360001049,52497.39866928938,1
1088,2020-09-16,25,29053.1876876721,20211.093697494704,619.1031327221211,,0.3960471609029356,2,36,2242.791531847205,55957.20093555737,0
1089,2020-09-17,41,55221.7758948628,20602.95575718147,579.2766283343437,1.4087669502836295,0.6220111547773135,4,24,416.6666666666667,71976.45938860848,1
1090,2020-09-17,33,38158.307090809925,11820.326641722915,584.2920120732017,2.146489027180661,0.2985681707663654,4,36,3495.7425734006006,64253.42067023393,0
1091,2020-09-17,44,40420.912095758686,11210.32689492311,594.2718992468749,7.82112477936089,0.3917522951967004,2,24,3623.4147931027833,46996.36351247444,1
1092,2020-09-17,19,22245.506550782546,27416.760061376423,597.0222210792127,,0.2736179956101298,2,36,6138.841755698595,33373.7971194452,0
1093,2020-09-18,37,43770.79058286275,20650.265145149984,658.2103634909583,1.1184315138001857,0.223046042016954,0,36,3941.259580415284,45496.26684536238,0
1094,2020-09-18,68,72891.8452339656,18235.196167425303,604.155670864584,7.057034831367407,0.2622638519873345,4,60,2712.5970586856515,11107.064115122164,0
1095,2020-09-18,37,45820.32707947946,8586.567706657726,658.6112061772463,6.036363533562678,0.2781862142717467,3,48,1832.4396102415567,52434.79918751537,0
1096,2020-09-19,37,28124.135891663565,1000.0,593.5426735913134,7.854920186973846,0.4039213696320688,2,12,3212.9877585842564,24099.50208139584,0
1097,2020-09-19,36,60933.12370117076,12658.651100713529,606.2908152252872,,0.7023613680051135,3,12,3894.236945074032,56837.21913961759,0
1098,2020-09-19,68,28576.42709360609,11378.727067217367,440.14394523743135,1.3187277383763971,0.2425934845586239,3,12,2704.147559184527,69704.33550536075,1
1099,2020-09-20,35,65816.54858708047,12517.396341370986,673.3062139761985,7.039643369263276,0.2875062041576806,2,48,3409.6033662690484,18235.984859726363,1
1100,2020-09-20,30,20875.613074267814,21822.85151521412,627.7190780718394,7.47529347867223,0.3405315480333127,6,24,5705.025950906859,39245.4340568862,1
1101,2020-09-22,34,44090.6261093692,27219.273670114824,679.8408087887722,1.686672193643509,0.409369827306462,1,12,2853.19567453438,24033.80720998854,0
1102,2020-09-24,50,62894.68743529223,23875.72945563717,368.2995697445049,,0.3895326217932177,2,12,974.8638898427222,14075.350540952604,1
1103,2020-09-24,45,26997.713071087823,10154.26466681124,767.0699763824582,,0.5426143690922176,2,12,4425.191817572627,38405.175231941845,1
1104,2020-09-24,22,41247.401250989446,19305.39157222008,588.8328297475861,7.913463139555733,0.0,2,24,3726.2351406021503,49527.50555647821,0
1105,2020-09-25,45,57359.33863531056,11101.435711129663,688.6546253390013,,0.0,3,48,1197.0933192609416,51316.00643978566,0
1106,2020-09-25,42,6167.185415024673,1000.0,516.8075258299575,8.656223687022509,0.2756182741984776,2,48,3867.887929928701,42308.88718848016,0
1107,2020-09-26,37,53903.25625832465,14388.32359328419,649.0219124050055,2.4763128825155007,0.5145950281315563,3,24,2086.00389691115,15036.519150796556,0
1108,2020-09-26,38,38681.10263624288,25085.802792442453,515.7267549461075,2.9308179779500723,0.1151527952591605,1,60,3884.986336288841,41850.68143679956,0
1109,2020-09-26,30,61629.31230343653,12322.440251933873,550.0984831443355,3.8882260581966994,0.0,1,36,5717.412719838697,17611.779756316948,0
1110,2020-09-27,23,27587.540716804742,21665.79622515972,753.122508309343,,0.4356769109328813,0,24,3112.121665404307,18595.17612913205,0
1111,2020-09-27,46,19198.36205962637,9675.155376727023,584.7454079389323,,0.3865485835554071,6,36,4687.422332128941,25047.70167615161,0
1112,2020-09-28,59,31854.45257605535,20507.987724632974,617.3946298543779,1.7687594094500216,0.1864687389800855,2,48,1797.724186017862,55747.16787067631,0
1113,2020-09-30,26,31541.25295578684,13051.203937975504,669.6054184551003,,0.2021690598918605,6,36,1434.0594004112324,48178.83018522316,1
1114,2020-10-01,46,36902.71035300904,27186.94842503836,639.6545510378083,10.231483532623171,0.2045384420547988,2,12,5855.046423827923,44838.86046823901,0
1115,2020-10-02,55,32971.30435674525,12493.419263966947,612.0335124114861,8.328328186729289,0.366580297621091,1,36,3718.1021002787543,27060.78728744748,0
1116,2020-10-02,18,9881.521393538991,10660.909890541643,629.196880197298,,0.2560527085725489,1,36,4129.170759785005,34183.369246729104,1
1117,2020-10-06,47,38575.65445745319,26771.901321388377,792.273246819062,4.630511152017539,0.4241095878463279,0,48,4773.361211890054,19448.162407644064,0
1118,2020-10-09,67,43476.95064286944,10385.294050643928,595.3904962373132,5.566725710944158,0.0,2,60,2673.5648210858863,60464.51990338144,0
1119,2020-10-09,49,37101.36336311554,16702.660857002775,616.0879237371973,,0.22147222023083,2,36,4364.728783036668,72958.87011355438,0
1120,2020-10-10,40,44302.42367502814,10442.937571660104,684.0523516806089,5.47229402955962,0.1810919058633424,5,48,4175.263536219355,48348.97621109689,0
1121,2020-10-14,56,41274.22117549944,22392.773707538283,688.4420746366387,,0.3115488982441261,1,12,1714.827307355378,50976.31316515541,1
1122,2020-10-14,27,19270.09673237869,25375.037370887963,694.9624244448304,2.5239556817844893,0.2692928362264792,1,36,5224.564972599192,37615.59791182946,0
1123,2020-10-15,61,35487.208765561896,9603.775376678284,651.0984177623347,9.864225050991845,0.469676566984365,2,36,4966.90897830775,15708.21454512454,0
1124,2020-10-16,38,41708.49878354776,19370.71084444625,508.5596069815613,4.747320711122565,0.0710994842509913,2,12,1728.686784536173,27340.52814059211,0
1125,2020-10-16,43,36442.44053311102,20113.25565631392,730.6745225840876,1.9138273062650804,0.3568237214496128,2,24,3583.691385160577,33019.23176599741,0
1126,2020-10-16,32,17608.148190570842,16009.604044618372,508.29236855850496,4.384073180928645,0.4337504634817558,0,60,3044.4836621921536,34221.15984230867,1
1127,2020-10-18,34,58346.69417602455,27204.729222312133,624.2108372191227,,0.6284971154842931,3,12,5106.217670740755,30769.09557144574,0
1128,2020-10-18,52,25417.665199077368,27144.210332563736,539.6579319984513,,0.2777351043359787,3,12,1570.06832568507,40716.29962857351,0
1129,2020-10-18,42,21367.051080671517,8178.840722914788,594.8689322725606,,0.3986687906528775,3,12,7836.352113596495,27247.463672019767,1
1130,2020-10-20,32,40612.27849584153,24669.264867011472,626.3009928242784,5.029863047129586,0.0794205811156452,1,24,3115.2281216184906,72515.86180929442,1
1131,2020-10-20,50,35263.64744171217,19052.925279384806,625.7085772360218,8.089350265934254,0.0,3,12,4256.389791059822,19519.38977505621,0
1132,2020-10-20,28,49021.62390415911,16952.061037196156,633.7536603388228,6.234358475603045,0.4767161563672549,1,24,5067.706248336837,53309.64316033826,0
1133,2020-10-20,41,53089.80903444321,13142.464040813353,729.0969015246917,,0.3491659559527894,2,60,3088.3341543706533,36072.17934757168,0
1134,2020-10-21,23,50808.47277682073,3141.665413407438,636.2827441211184,,0.5267769034697634,2,24,3189.6559763392347,46941.971428927725,1
1135,2020-10-21,45,39973.25484621358,17264.1729555871,580.4674691767481,3.704012510838963,0.1439895666545376,1,60,2704.7947160600484,47621.723007664375,0
1136,2020-10-21,46,48299.46136601996,17462.940699817944,677.1269734630686,8.89989984921216,0.4279853209293128,5,60,2226.501300669436,42355.64845180983,0
1137,2020-10-21,65,16599.803570528755,30957.871621665785,695.1576391139713,,0.6303226760815779,1,60,3673.157268074234,22999.43878600564,0
1138,2020-10-22,38,56415.41285921173,9607.04816789371,501.7913747890406,,0.4129558412535898,2,48,3164.24998311464,35019.40374444862,1
1139,2020-10-22,29,33927.55538382503,2141.83036955422,647.7920055879887,,0.3914872258386573,1,60,2696.6155854264634,42536.429082990144,1
1140,2020-10-23,39,69549.06868097372,5566.614250109531,656.0938193848718,9.530387977638174,0.3512834121236524,4,24,2769.6283982912064,41596.50752926179,0
1141,2020-10-23,44,56871.999654668325,27729.78559814593,576.1949197312007,,0.1143677814311131,2,48,4053.6251506997614,24653.020378269604,0
1142,2020-10-23,38,37040.71625485842,11417.683053092003,710.0565450649295,,0.5533359403565522,1,12,2336.378921645153,59368.18688562349,0
1143,2020-10-23,32,40321.15942606435,25910.60138880301,587.9955530373978,3.568454366960324,0.2583713540292401,1,12,3024.627372843046,5000.0,0
1144,2020-10-25,35,57760.92421612723,15050.0523277659,610.0461162777234,2.3011059286739104,0.4256724884574525,1,36,4456.667573069716,36248.12668353043,0
1145,2020-10-26,27,6098.217551958689,7202.509450259382,586.1542540572905,3.97108230336152,0.1155448540143119,3,60,3642.365170919958,26180.21867221572,0
1146,2020-10-26,39,37596.53824801721,31010.543654929275,601.2463238065174,,0.1730810503238329,1,36,2021.384250385072,42732.48124538789,0
1147,2020-10-26,61,65521.35610660556,25542.213581807395,512.2979930483839,9.666125261866709,0.5652631098833353,1,60,3303.4944973996207,55250.8878400664,0
1148,2020-10-27,37,52672.80385037565,13563.865710147697,484.79592939245646,3.857208100875655,0.2979046566563235,3,60,3879.610359762045,18895.464832343827,0
1149,2020-10-27,36,27434.29187691913,22974.382129020705,727.5604050579977,,0.5679913214063816,3,24,4569.923572378636,75304.07848432667,0
1150,2020-10-28,45,44717.1191668112,15984.498932210276,532.2430921345338,8.302907187448795,0.3382654011412223,2,24,2389.109999902208,43027.72955436793,0
1151,2020-10-28,54,25349.602067908127,18500.700916690617,520.6886120434954,6.402333289872537,0.0737153340563213,0,12,2635.1711799569152,45725.859851432026,0
1152,2020-10-29,67,34877.99690707541,29098.57321729448,427.7287909117029,,0.4838101399597581,1,48,2464.383347433088,18403.684969788806,0
1153,2020-10-29,68,45007.56428616045,2842.926507859,548.8830601848398,,0.2615161523366588,2,12,2526.4330840935977,39301.49217499787,0
1154,2020-10-30,61,47647.377724109785,12130.888873694965,494.15281652740015,,0.4548033220275564,1,60,3839.589227954728,54575.12232276838,1
1155,2020-10-30,18,50941.280863173,15233.688125685918,731.3612128109096,1.8425281370856723,0.3537816301310122,0,48,4076.444745687895,43148.823583280166,0
1156,2020-10-30,51,58506.80915439407,17675.945666762742,680.7853671474107,,0.1185322658085694,0,36,4646.962699437187,42102.93360590376,1
1157,2020-10-31,52,22094.106335863627,5010.508878742701,544.9479723857821,5.101826547997749,0.3746442148055853,0,60,3219.3646969886227,39222.106469824175,0
1158,2020-10-31,43,40360.31541624767,22335.43563097471,780.1948644275446,8.790300902658954,0.6794334713229198,2,24,1576.6796398589895,19329.99862504868,1
1159,2020-11-01,47,27244.79353038655,5768.270472881048,678.5412389593275,7.99312270985461,0.4239479687771688,0,12,4170.171038905162,19244.3699340482,1
1160,2020-11-01,29,34017.15404333659,5001.568741798861,574.0134893193102,,0.3413723370491805,0,12,3532.2629313428133,57539.90689961065,0
1161,2020-11-02,31,28683.435852943585,12993.719471708357,400.0475428101141,,0.5113015102935347,5,36,3408.295182478337,53234.30058914641,1
1162,2020-11-03,56,47491.05229926548,30164.019355140008,783.2754058072594,,0.3816002697804665,3,12,1729.0789729443056,55454.067587009245,0
1163,2020-11-04,21,55795.28814909917,35333.12847872122,488.8342026589123,,0.3814301345394191,1,12,3088.538503826657,27657.699342930704,1
1164,2020-11-04,29,56605.213359736095,18908.177435426136,468.3681002434487,3.8204022650572633,0.1862562241761346,0,48,1841.2648506761848,37636.48358246622,0
1165,2020-11-05,41,23422.40378471417,13094.415677859111,681.8056345607712,7.247583140281083,0.3850772038684397,2,60,3935.789568890532,58477.00279001717,0
1166,2020-11-05,57,38150.52930371503,16250.501582527471,795.1801925071418,10.09099239588412,0.5053165124625417,0,48,2795.965797453533,21570.1701286054,0
1167,2020-11-05,48,23006.471608872496,17679.279491679525,710.7418254808415,,0.2245906771849962,1,48,2683.9153378776355,56948.23611329899,0
1168,2020-11-06,18,22506.576580069635,26731.189796808078,645.1127296041888,0.0,0.5636743731870422,1,12,1411.8889794720435,31202.206110641608,0
1169,2020-11-06,54,30074.029385918868,5254.812703445814,647.5803473332229,,0.3362440963782311,2,60,4617.203170438386,27171.50049348243,0
1170,2020-11-07,18,45149.46536386231,24555.71844262133,668.2732447024246,,0.2168345732692188,2,12,3010.12754429664,39521.25550290232,0
1171,2020-11-07,32,47783.72564268468,3586.0994876447567,660.7142871829412,5.388442336731032,0.4996448115380366,3,12,3442.0592962555306,23244.97136332305,0
1172,2020-11-07,30,49813.44259745107,11152.834329491012,622.4953139175501,,0.3069808646392596,2,48,2413.97071996764,11546.596082544114,0
1173,2020-11-07,46,48885.37611706713,14979.433090516992,608.33608831615,2.488542361624301,0.4639272331229161,2,24,1270.1145083750157,41140.445299734354,1
1174,2020-11-07,62,27282.23539463852,18289.16558023681,594.9925497680382,2.773430656928106,0.3062362051612194,2,24,2668.8013481117664,48013.98655572083,0
1175,2020-11-08,21,57741.38528829283,14971.163855092402,539.6828328906658,2.732695392539501,0.3410260784705144,0,48,2868.9066611174417,58229.35258956332,0
1176,2020-11-08,32,52049.20053957613,16400.520374347114,577.5459938506581,5.261296838635147,0.4240340306501437,2,48,3699.283359476887,49104.62069757229,0
1177,2020-11-08,61,33809.64760478683,15323.518716087992,464.5634548643692,5.330033798269672,0.3936345586385008,0,12,2889.5428197219185,69480.95777249058,0
1178,2020-11-09,57,34376.204919241376,2834.0198015288843,592.13282985642,2.6906644035911818,0.0506702329322392,0,60,2435.3972587117346,60416.12463604724,0
1179,2020-11-10,65,30136.87624205099,19601.080829209022,520.9127114279266,,0.1818134389858412,4,12,1454.159086905416,51071.18127529923,0
1180,2020-11-10,29,20622.350987337835,21490.444045582077,511.7128546227383,5.803418784421547,0.4894114977186223,2,12,3393.9002026117687,47029.282380339886,1
1181,2020-11-11,42,49990.37283317408,25741.225960091837,614.3915320922782,,0.3301795116647679,3,36,2337.633091119749,58451.53274609847,1
1182,2020-11-11,44,52330.92676459025,29776.53774310733,711.360182907568,,0.2714403045842867,4,12,4984.341500540456,6804.668330072018,0
1183,2020-11-12,23,26109.213071811027,18286.67046224786,673.465328480185,3.7389211236117736,0.1462138977113788,4,60,3521.0166600059606,32799.14438105575,0
1184,2020-11-12,40,21522.11933392033,26292.094308318094,474.3599517101458,,0.1880395518086227,1,12,4035.961883374572,12122.78429558934,0
1185,2020-11-13,32,25951.948194605346,15144.799714591158,520.829749074373,7.661947129889426,0.0467302040057078,3,48,3022.347500471869,49946.4644857915,0
1186,2020-11-13,56,41653.669481787685,3396.654070143177,675.2616950390573,7.997326236113046,0.33480789219477,1,60,3584.9336955432227,28858.54183883652,0
1187,2020-11-14,22,19270.339379910143,22688.687745935786,521.4010085169352,7.749695668323456,0.2602343629128429,3,48,2219.9391886205167,85294.79713507064,0
1188,2020-11-15,40,56917.149699358735,20916.187872439245,582.0293480002381,5.14909277900803,0.2050118163522027,1,36,1860.559801246326,32231.113027438296,0
1189,2020-11-17,32,56019.3661638744,15005.014654691351,644.0041679219642,2.0756016518198117,0.339781486224807,2,36,3352.2471800190287,41595.44747323784,0
1190,2020-11-17,42,46365.17415792103,14501.745408754809,522.5324436109092,4.044160486583571,0.4045955946279106,3,60,4046.322902334678,33966.00198718501,0
1191,2020-11-18,47,52146.03624692192,18823.995099575503,608.4300404916768,5.069582345680432,0.6639796898314917,1,24,901.0686207563616,32667.53142784184,0
1192,2020-11-19,61,40881.33081908626,12299.467290910412,493.2779604065436,,0.1232174870655179,4,24,2709.453969828282,21302.17174253052,1
1193,2020-11-19,60,46977.30992240379,18538.058717556338,551.8905884839029,3.421781980099027,0.5239071564950782,2,60,5635.985968193822,20797.758850885377,1
1194,2020-11-21,21,20497.26635035439,7622.440295085784,625.582554731403,5.605268807781476,0.4959652341522608,0,60,3932.367772920777,7307.604965905222,0
1195,2020-11-21,30,60857.19215806972,8521.3923438891,472.5605013174665,1.3011113041358255,0.2331360890934949,1,48,5255.390875446456,48181.934542051575,0
1196,2020-11-22,67,32689.70591184911,4435.285603921426,635.2379790368319,,0.3804853931879046,0,36,2540.7771435976024,33630.29850208029,1
1197,2020-11-22,57,38067.98756816118,32952.468095493976,598.4289760858655,,0.2813550125993577,1,60,2760.9511270902835,69004.4233906397,0
1198,2020-11-23,56,77308.01151088513,15584.657047419594,644.1991963533718,4.612322510870433,0.3778532870628108,4,12,4541.749983763967,21337.897238991307,0
1199,2020-11-24,40,36699.88826341186,24666.053861225795,617.9131307251729,7.539885284590426,0.5763696520106826,2,48,4112.73377755624,62144.71780232418,1
1200,2020-11-24,33,51091.02722534807,6225.737364684184,709.1312343979075,,0.4408409348946969,2,36,3215.3526132587267,63583.890030272814,0
1201,2020-11-25,52,47717.98699512712,13546.508174196242,610.0179602118326,,0.4262912559850162,1,48,1755.1885717477026,59155.64749750722,0
1202,2020-11-26,33,20007.720544909287,19411.98823996607,565.6475567099798,,0.2854536020068036,1,36,4779.398286116972,43521.95965698276,0
1203,2020-11-27,65,25003.85422532189,26770.09700164652,609.7838002425827,9.098160796814229,0.1273915002613497,4,12,6471.1185177429725,34926.91412170898,1
1204,2020-11-28,24,70538.32965251131,10180.049048695708,643.463842322911,0.2115121368597101,0.3187297684189388,4,36,1368.500597962392,59141.01545405927,0
1205,2020-11-30,62,48687.44413767152,11779.784011146376,603.9088056260564,5.917531103838277,0.5309912232295873,1,48,5087.857270520132,28128.05285743477,1
1206,2020-11-30,30,39746.8749141347,8664.377919894943,603.2473352963106,,0.1209248215115528,4,36,2747.9569050116197,44060.61393168581,0
1207,2020-11-30,68,31965.27891208413,14035.094642904907,543.8406649754596,3.920752492194677,0.1917365947734957,0,48,2916.497519535646,39343.7808096681,0
1208,2020-12-01,67,44801.163432656045,6841.212100131811,546.9679265959242,5.833347579513162,0.3689401604351102,2,60,3670.382692756251,26628.74705955971,1
1209,2020-12-01,46,46227.21599394754,3506.0620939335117,487.7915782560245,3.9092169952208624,0.2023017822729106,0,12,1826.429234408337,44170.70458426456,0
1210,2020-12-01,56,43397.82310362502,17069.43268386589,739.9661394549552,,0.2311214829327181,2,48,3286.910277152852,51127.57377389519,0
1211,2020-12-02,37,56034.408714770034,20364.77300888856,500.4909411686972,5.751085305010854,0.2864602127407734,1,24,1319.2662985806212,26037.57685841536,0
1212,2020-12-02,67,26997.121267479462,5887.656891375291,544.5675841763274,11.650794069770908,0.1451573893714775,3,24,3928.4364455560894,46901.80280673775,1
1213,2020-12-03,46,24989.478448306763,9604.062164333074,542.5274187544642,0.8642553490601923,0.2038817230675447,3,36,6125.485880787295,6564.577189002797,0
1214,2020-12-03,35,55646.05737955541,14200.420785004631,671.5939501555553,,0.4555141875180963,0,60,2533.918971878755,24262.669884096496,0
1215,2020-12-03,39,71690.31080715865,28654.018837793177,576.4040257366378,,0.1538945326653553,2,60,3122.4041604686936,33139.81415683066,0
1216,2020-12-04,53,52638.88664033223,1000.0,699.8193658138987,,0.1103191798257743,0,24,3183.985613242398,45360.05855449174,0
1217,2020-12-06,58,59466.305676808624,18559.77034495506,546.1207500604905,,0.2554962530699158,2,36,4566.419075822087,53039.72124451082,0
1218,2020-12-06,65,38877.39045810113,20434.025485601684,622.3195329779041,3.954447602120548,0.4597933253764768,1,60,3840.298794648085,41242.343367457564,0
1219,2020-12-06,53,43991.72537293218,9302.903906309652,533.1722357392194,,0.3204617288004665,3,60,4483.765846273244,48498.93601734995,0
1220,2020-12-08,25,43789.84518548386,12206.16419667706,771.611930221871,7.143134321861257,0.2803128382826572,2,36,2700.539164330368,37591.27145095863,0
1221,2020-12-08,20,39168.60028368303,17663.920638224936,504.992126477639,,0.356653819627341,1,48,3875.294589358079,46071.22214362447,0
1222,2020-12-09,46,61169.45298939459,14762.925303331383,624.7856568181622,4.934825011867289,0.0881438850710522,2,24,416.6666666666667,45278.63599943063,0
1223,2020-12-09,26,56737.709124049696,28592.48601917574,650.7021504745679,5.557254103573061,0.4242058480662548,3,60,4167.66154831962,32364.69061548616,0
1224,2020-12-10,25,34011.48671054348,15821.160823790178,633.1039277961198,2.826434956536344,0.4075152547105466,3,48,1811.0924473392545,34669.30185179092,0
1225,2020-12-11,47,15316.34411600886,21889.787320798758,585.1769872897834,,0.2886037288856418,0,48,2923.8409814584265,49001.90758526828,0
1226,2020-12-11,29,39046.38584192099,18602.061529517938,589.6143440213259,,0.5008886767694625,1,48,4264.897219138589,67181.31712962102,0
1227,2020-12-12,63,22680.217226446253,20552.95083080887,603.5049177583288,6.480017858932709,0.1808755851570442,4,48,1413.2210425584487,58102.2787196398,1
1228,2020-12-12,45,40355.125844954,8780.88985249473,588.2398398697209,,0.5191863489880353,3,12,4695.124331110866,23063.259158238998,0
1229,2020-12-14,59,23862.011117665505,16609.51247520354,677.1103293435928,4.600942838205153,0.3731740498392876,1,12,3177.952319222428,23116.27391161134,0
1230,2020-12-15,66,58847.74954008551,14475.488591762038,776.8418401273082,1.7154364794655996,0.299517111518274,0,36,5149.727691192381,31965.529768476048,0
1231,2020-12-15,60,50266.34080065588,9270.199924615872,555.4006571993733,,0.3470189546947532,4,24,2204.7781345386,41483.82006816392,0
1232,2020-12-15,27,49901.9736917626,22400.139744979737,490.4157616336738,1.902947748298244,0.3339102851283587,1,36,1067.3486778996476,40723.84385461479,0
1233,2020-12-16,30,56082.78756145402,1000.0,592.9374361318996,4.664024256095651,0.5330424344626575,3,12,3297.1499391607854,58604.20415392523,0
1234,2020-12-17,19,45866.6086636135,25775.63375390439,806.3767470123455,7.366691181392818,0.1884981308793479,1,36,4067.1784181423855,59426.69958770163,0
1235,2020-12-17,18,48202.02682507883,1000.0,535.7060345624216,4.953658722927737,0.2356221141280102,2,36,4172.00450684611,40084.983766232646,0
1236,2020-12-17,39,61520.48099442081,13770.186714421498,731.1293444355254,8.762106347945423,0.5054454338108719,4,48,1913.9731634242885,36584.55135458689,0
1237,2020-12-18,50,37982.27308265076,22529.29492597401,734.2160651261153,,0.2606697597224211,1,60,1302.5419956834446,47751.196484314,0
1238,2020-12-18,33,49076.73001808415,5492.945022751579,555.7129406633604,7.31991761937254,0.4850799615997387,4,12,2942.928365956377,55948.01980077266,0
1239,2020-12-18,59,24202.922351506364,18389.917414730746,645.518646334822,7.150134804607671,0.6049153974513064,2,12,3978.8883214278217,48286.55214966322,1
1240,2020-12-19,46,41189.15373155156,17524.978646627063,730.271729850283,,0.2897307459587549,3,36,3915.566810966234,33526.81294913937,0
1241,2020-12-19,27,73889.2558040983,17613.055698054344,569.6697807210011,,0.4522043489862958,4,60,5298.491253923515,30816.19207439016,0
1242,2020-12-20,56,52222.38069682168,12210.386916479,583.7135711918111,3.43102617913409,0.1769461577990212,5,36,2866.514331561562,23340.94422301413,0
1243,2020-12-20,24,38710.085265320304,11277.606692125317,553.4655268841085,5.083694944074866,0.4632099947101713,1,24,1027.2127855524725,42902.30271392879,0
1244,2020-12-20,18,43968.109236042525,2438.9977468348407,518.8194615445707,7.402044066986408,0.379913597898015,2,12,4829.166381188627,49346.801474795306,1
1245,2020-12-20,43,39685.026154985855,14168.13361050322,548.0577963947194,5.505101799462237,0.4209557423240322,3,48,3577.3274759717765,51022.67789694185,1
1246,2020-12-21,62,43475.50929667534,22340.08661665705,502.0847786590195,4.980757094667403,0.2531641891946907,0,48,3686.068221459472,57276.40554632347,0
1247,2020-12-21,22,34014.897246570385,11351.191937508966,602.7266774607381,,0.1008374876649241,1,48,4292.196323466563,62204.64400992899,0
1248,2020-12-21,52,47423.06800302435,11750.205365012083,538.4021415153087,,0.4254878097124257,2,12,4912.88782129416,19375.51528483996,1
1249,2020-12-22,30,47954.64904371939,27717.29252674713,618.7028729432598,,0.0404895271280817,0,12,3304.55835314558,46071.43650146992,0
1250,2020-12-24,44,40099.57015571658,13692.008330168905,475.5283483037098,,0.3023974261636197,2,48,4804.02287499342,46588.89234071013,0
1251,2020-12-25,29,42100.88959174372,17817.278105889884,626.4704185771566,12.182059444934854,0.4911772799629954,4,12,4023.503663510565,38890.803873729965,1
1252,2020-12-25,47,45111.51513591156,19285.7499867316,666.6823169287139,,0.3787846603809554,3,48,2513.8553441983345,27574.83145083584,0
1253,2020-12-26,67,32091.35458396581,13686.787321534252,440.5011485942836,,0.642251396718472,2,24,3041.7852431226943,61669.44752105155,1
1254,2020-12-26,49,47279.05501522306,20450.049852966757,629.9245255878058,,0.503766372887266,4,24,4104.263362581466,31170.99233428848,0
1255,2020-12-26,48,51702.36575884994,22915.20850935768,698.2135193978634,3.902267090702021,0.2519152417511635,3,24,2447.302378028464,7111.467108505924,0
1256,2020-12-28,22,61972.991597572254,22228.57113628481,503.2287185047036,8.978138524331104,0.3540970069777158,0,36,4441.407211003899,40301.08427665351,0
1257,2020-12-28,54,44775.58675087945,23123.05217907253,733.8057909470162,3.901847881705159,0.3428943946183346,2,36,3531.0627093923417,36432.044996713616,0
1258,2020-12-30,19,31665.461677359763,1000.0,633.5215207492836,,0.1126734854980809,5,60,3810.356132208106,67865.45909220204,0
1259,2020-12-31,55,38455.94112281352,5624.632538265079,543.5990515393273,4.724133600987525,0.2089401625273469,1,60,5133.964987771024,47345.40931290625,0
1260,2020-12-31,24,22855.539191221636,10884.1752206587,595.5384737873835,1.060563312893855,0.2658858639530209,2,60,3779.041930303581,35421.058797531514,1
1261,2021-01-01,18,50910.2887340329,8632.361758380346,644.6661530017378,4.016873510260693,0.0445669245716094,2,24,3422.598150727475,37047.17364410389,0
1262,2021-01-01,20,9104.121596822064,9239.183873768903,606.0804313129929,0.0,0.3571240202377464,2,24,3230.0977544481807,36873.94738243373,1
1263,2021-01-02,37,55369.82785426652,22116.509400457257,643.1004793957095,5.525302265095369,0.3126392233020438,1,24,3165.0121336074058,73257.00061845075,0
1264,2021-01-02,19,57179.86398548343,15855.31370215951,526.3461125536508,6.468635186439676,0.0990659148032638,2,12,3723.707538587842,50132.25802206766,0
1265,2021-01-03,59,5000.0,13905.184571761116,613.5488659228862,2.463198419222068,0.4106319297915998,0,12,5037.487063478852,18892.597415889843,1
1266,2021-01-04,60,59129.21489827197,13195.500172952285,486.9028402476016,3.373715498853577,0.4573809117036439,0,24,2568.6130079156223,36333.40077848522,0
1267,2021-01-04,38,55409.29254609528,11798.898897175985,591.1019150921039,0.9784415439553262,0.3840551718297333,0,48,2474.011909994629,39645.51327999237,0
1268,2021-01-04,62,35649.223250736744,13064.53096559603,527.6873886828168,,0.3013897737186544,2,60,4939.633202330871,23386.47694803597,0
1269,2021-01-05,49,22122.76463520538,26100.717441552268,541.1576045928186,0.4814709411420947,0.4387163227627782,5,36,2625.6496585101413,13255.668141293652,1
1270,2021-01-05,65,27433.613502067237,1000.0,698.887454016835,6.956012917904009,0.4520330540715036,3,60,3603.451916274213,48933.450726802665,0
1271,2021-01-07,37,28622.23305425804,25195.584420441675,687.3048096475416,,0.3961105354579532,4,48,2593.586502313501,27930.505063931443,1
1272,2021-01-07,60,59740.83940314441,33349.41661105693,648.7310496725742,,0.2263081624347858,1,12,1233.9777603877594,58731.57427839973,0
1273,2021-01-08,67,33264.39710901279,25134.74451440356,512.6149788261937,,0.391490114826677,2,24,3581.1148249482853,40122.91648911752,1
1274,2021-01-09,48,53579.84644112928,7080.533787390872,574.6873240244158,7.996368415899835,0.5293220976238218,3,12,4727.293200865897,32885.96769607397,0
1275,2021-01-11,60,38139.08983095566,11107.749832859668,697.0478159983347,6.6171072363769925,0.2605056412082404,2,12,3255.764768592428,5000.0,0
1276,2021-01-12,50,40826.13457472067,23266.39200043537,611.3373530911924,3.545802865421073,0.6646909008698647,3,48,1481.2601292630482,58334.767744418976,0
1277,2021-01-12,41,16429.066082755387,13010.754531477804,785.5463631985356,9.678175421265346,0.2711553599021923,5,12,3469.671562146352,44402.90248967953,0
1278,2021-01-13,35,22793.9478146312,10951.917686371442,631.4654271515498,8.705761213384722,0.3548610520010204,3,12,2388.394097526593,33277.07921773956,0
1279,2021-01-13,37,59396.46281861639,14192.157230725295,615.3639293192025,7.679387423835157,0.2491271605990495,1,60,416.6666666666667,26645.62918629696,0
1280,2021-01-13,49,37664.16217798986,6025.193399996184,575.2706828638,,0.3834906253880391,2,60,3232.228681178908,63986.36813546883,0
1281,2021-01-14,22,44509.89173328951,13957.935140506006,610.6832723825826,2.226395508814297,0.0886667461047087,1,48,3980.438575693374,24036.70448990716,0
1282,2021-01-14,19,67095.35739058835,5350.274534607859,587.8024130895565,,0.2680937301774918,2,24,4805.465180998229,34470.28812546022,0
1283,2021-01-14,43,38085.60732024272,20779.79128727325,656.6486941350872,7.611545477920904,0.1861818199477149,1,60,5529.40175828601,48546.17653085594,0
1284,2021-01-15,42,37236.31031718929,8245.350039354667,676.5361853435668,4.389289461746047,0.3703007521838436,2,12,4147.002930066471,61761.49960035061,0
1285,2021-01-15,67,58091.28831099636,15412.021759786565,537.1208431593641,4.169682697465819,0.4991671063263361,1,36,4500.292594090326,36755.2043944333,0
1286,2021-01-15,39,40185.24534978575,11444.469285315225,493.50136371537775,1.3352738988654562,0.4469009280671827,3,60,1727.62652073575,28977.745386511862,0
1287,2021-01-16,56,44800.10540391961,18056.405420426643,453.1035701517363,7.281075659775723,0.0,3,36,5360.615585266151,38398.91187167022,0
1288,2021-01-16,39,54952.24434308231,21578.67255657992,640.6393061530035,,0.656310447939182,3,24,4917.533560297772,53567.05994436005,0
1289,2021-01-16,28,40001.7196565554,17291.988874314688,511.7306715060901,6.193272178929319,0.3942919910931302,0,12,2874.4389771251795,56940.92327894804,1
1290,2021-01-18,28,51813.82710041676,9397.480801913876,427.7687525638014,7.790895065228737,0.2335251289260499,0,60,4185.408489943137,19372.61276431928,0
1291,2021-01-18,62,38262.3059147762,10494.702227928608,631.0862883624771,7.165837329305064,0.3735691878486411,1,24,4059.668562644096,41724.10180565515,0
1292,2021-01-18,21,54717.08730357527,33879.20170648675,799.4399613946232,,0.3764284733754038,1,48,5171.100221521326,18486.01886557901,0
1293,2021-01-18,50,46319.906042734016,22588.11264282764,599.5143270768085,5.067134402192951,0.2499726924572654,4,24,3144.4486181334782,53263.257564659085,1
1294,2021-01-19,35,36618.94009391678,13417.136385112251,667.0792619561314,6.238399632484169,0.3796875001013113,1,48,2400.542536208319,46335.75850874729,0
1295,2021-01-21,48,41113.743733762974,10406.71356961499,606.5463486838051,,0.2588791568569539,2,48,2720.8353712566536,26182.21553573906,0
1296,2021-01-21,61,5000.0,3488.4570924004765,592.0888277447086,0.229180038819261,0.2893457010964965,1,60,4454.328312538168,63012.183550767455,0
1297,2021-01-21,45,57906.60487395375,24025.86740926302,673.5261186390214,1.9819035108999143,0.2470581296367373,2,36,933.4953206554156,45025.20220011081,0
1298,2021-01-21,59,21180.48272524194,9312.773697884444,576.7780364649079,6.9720315958818055,0.135099306539052,0,48,416.6666666666667,43377.88720699943,1
1299,2021-01-22,39,23963.23508951768,23429.882541191462,621.3913851257522,,0.3718754705323076,4,12,4451.144592043307,37313.32776481061,0
1300,2021-01-23,57,33429.721573103685,21619.7184099961,625.7358244956811,9.829062730052955,0.4377949154774507,2,60,3676.840163527458,39879.43098498015,0
1301,2021-01-24,20,13105.741340737097,25822.417197444087,546.5527637085561,0.3498428424662618,0.4272325394114558,0,48,3356.412503712305,34277.76247865818,0
1302,2021-01-25,24,47014.24419916369,21070.712450878636,679.3633879629218,7.692846550590865,0.4729887878952851,2,60,1701.400048347763,28881.8725567562,1
1303,2021-01-25,37,45415.21007021886,13321.263119927584,586.0032194643674,6.128999846515645,0.3986510315022302,3,12,1195.9711275892234,58436.95881408091,1
1304,2021-01-26,60,32701.914481655287,15127.26095859113,539.5403872405724,,0.2700911752674644,2,60,2540.171978960601,32608.86115501477,1
1305,2021-01-26,24,29829.402052741392,15196.28469400609,642.9207874856323,0.0,0.4759495796646783,2,60,3785.452207545435,32103.87943402417,1
1306,2021-01-27,24,29599.05194598488,12850.03207597012,528.122561456717,7.822732651638041,0.1463723690237097,2,48,2601.138692374327,38060.58864776676,0
1307,2021-01-27,46,49221.97615540077,2014.2584404016125,602.2544925895303,2.0494078984356525,0.2148992926231279,0,24,4458.458583635861,61367.71721282213,1
1308,2021-01-27,43,16094.112160673449,1000.0,599.2704802684638,1.0575273474737372,0.2053699892865133,0,60,2140.7591558079685,56967.48840545969,1
1309,2021-01-27,58,33865.01231160104,21070.63414620661,686.8716452665262,6.360593099817627,0.5120084088708965,1,48,2684.151991883853,34077.27445648769,0
1310,2021-01-28,20,17058.584199509656,13552.623778721038,637.9758586303963,4.971010767215745,0.4914182771210112,3,12,4212.334651688795,58401.78138338016,1
1311,2021-01-28,60,51531.16681917434,22680.313447163404,597.9978433003885,6.723896856116747,0.4230957855567492,4,12,2862.189562727626,41621.802556425086,0
1312,2021-01-29,34,34956.66378685703,11963.68882062459,665.4213039360229,,0.5107894797817696,2,24,2924.145882930088,27348.620979879477,1
1313,2021-01-30,57,48201.24030946185,14990.803481562669,711.2166039213851,15.03642407479409,0.2181075826382017,2,12,2528.9727662723176,32858.059779948904,0
1314,2021-01-30,37,58743.06459029028,22436.23125079574,644.624824508149,7.170506507131302,0.402289267979147,2,48,2297.157407329773,60598.80803925592,0
1315,2021-01-30,51,58996.405564403394,27442.705915800623,600.8282095874705,6.978724701007343,0.3312238357425253,0,24,3776.055025703596,71242.6789535367,0
1316,2021-01-30,69,24668.480590537933,12470.565979395064,495.0531014119872,2.3532182026881814,0.477032315582737,0,48,3937.9662016391153,44797.25138129803,0
1317,2021-01-31,50,44641.89994005183,6999.354059304002,514.7909069539702,9.68707650224879,0.3327163651171703,0,24,3617.268880272437,31501.94257475472,1
1318,2021-02-01,33,56820.91029955454,24704.065143537337,575.5820236516266,,0.2922585667384878,0,24,2563.103826391532,38126.2379848908,1
1319,2021-02-01,40,50447.14696251972,12703.313069423057,551.2390238272574,2.268821861265524,0.4311362777841485,1,48,3081.4684584416173,28563.337270916192,1
1320,2021-02-01,21,51929.95407682827,11118.086999694868,585.0422957611643,4.365525263735602,0.4814253750786849,2,24,5328.251812609804,30748.549316151257,0
1321,2021-02-02,58,13250.147722171358,11801.65316409942,604.5319939917686,6.320320823354737,0.2497482207729797,3,48,1556.9791119588745,29274.283033047715,0
1322,2021-02-02,57,50217.20446848239,9250.928559577513,642.3754203485385,,0.3408386492971436,6,12,5690.6974338691325,38809.84378752014,1
1323,2021-02-02,50,28106.030554467477,21189.963337189776,594.3600977552727,,0.191233904953752,3,12,3457.983140980267,41810.2155468689,1
1324,2021-02-02,25,49970.29075393253,4294.165036177832,638.9201315060961,2.306682636330173,0.0,2,60,3108.175345862703,37777.58288977316,0
1325,2021-02-03,22,49642.11983264459,15816.409258502808,605.1579531848096,,0.3800689447120593,2,36,4525.05625683543,36680.15598217644,1
1326,2021-02-03,50,48848.75849265497,16997.67045125938,441.9626746916903,6.680977410789668,0.4413358034381948,0,36,749.2507470103734,51407.3743525854,0
1327,2021-02-03,42,38340.26277353748,10211.637465311713,524.8531684944996,,0.3893100213630088,1,12,5058.7328015580215,36561.8661261183,0
1328,2021-02-04,24,59741.37040364112,27697.05961163507,588.4729955422707,0.3331014385090354,0.0575657423368449,2,60,5655.49061951881,37524.76284049398,0
1329,2021-02-04,64,47654.62009395151,22186.67397288528,503.2244205727114,2.5082627955556456,0.2973725854885288,1,36,4693.299417657207,37351.595934608406,0
1330,2021-02-05,24,44822.73919341334,11363.76822087407,647.9942983996964,7.793635006214817,0.0172478359923378,1,48,705.4766221949372,63149.31599426903,0
1331,2021-02-06,50,25983.837234425817,14150.828841413366,722.4600665874958,3.727361121393433,0.5554551661481277,0,48,4288.543080583936,32631.7806276138,0
1332,2021-02-08,58,45941.36507289658,22154.32422437187,697.5009481357854,5.607935951294914,0.187091812682287,0,24,5390.831530856688,48944.44160412302,0
1333,2021-02-10,50,69680.6602635703,15640.216706780371,582.9245703255833,12.878930707343349,0.5383105414189844,3,36,5261.769318003027,28774.334590938088,1
1334,2021-02-10,46,19147.262719130755,26212.625111995563,719.2580909479962,0.0,0.4918804465526218,1,48,1573.2217743003412,45249.17247137894,0
1335,2021-02-10,61,50951.59146999249,19529.677593193603,611.8933965761689,4.612264354279198,0.2149114471195907,1,36,4603.779372837091,48193.49787682506,0
1336,2021-02-11,56,52843.5897939841,17023.066217040665,573.0331223105569,7.123773050469947,0.1800822573098382,4,24,5577.796336807267,56263.88930204108,0
1337,2021-02-11,58,65882.79106846747,16954.21303176422,550.9277869167248,2.0547739001996,0.4025555324579507,3,12,3370.1654816408573,34235.977460611524,0
1338,2021-02-11,49,50886.10112905431,40191.17316037499,575.8024250809498,4.595389377528698,0.2233513944225393,2,60,1517.4568048461826,23290.56152762228,0
1339,2021-02-12,54,40160.18294852517,6852.295760600607,568.9458545167017,1.3992520064897105,0.3653726963237311,5,24,4369.149074239501,28240.220151091376,0
1340,2021-02-13,61,46339.173599711896,6244.511607452769,613.633297790039,6.733379753086252,0.2775758613789622,2,24,4650.655794148021,54468.12359705007,0
1341,2021-02-14,46,35979.163473594206,13068.455516669235,612.8459184839892,2.9867384047908434,0.0828262378301549,1,24,3159.323127925955,71226.27418730009,0
1342,2021-02-14,39,58288.8698364497,26237.5066506184,600.2436816122731,,0.0154297971313311,4,60,1844.9290135035528,52516.80118019079,0
1343,2021-02-14,19,16765.305074961867,1000.0,634.955053579708,,0.3840026372741895,4,48,4560.673438378538,21067.90855317473,0
1344,2021-02-14,67,32681.932377757454,1000.0,695.2517019829073,6.668315564613199,0.2657663380504061,4,36,2372.3222513061355,52009.79321669256,0
1345,2021-02-14,26,46692.336069434,11802.176140680604,675.9643308353059,7.92012334815975,0.2670365274628801,3,12,3830.016741506921,25843.13363467688,0
1346,2021-02-16,46,57563.96167893122,31961.277662989403,481.2081625240077,10.27251464531533,0.4543795758640678,1,12,5281.041277099516,34762.86074303141,0
1347,2021-02-18,50,39793.24882019905,15203.525456600251,395.6863092078436,,0.5260163414948666,3,60,1259.835712143309,42808.46615297941,1
1348,2021-02-19,27,28264.93793400371,5700.6482885675705,674.7455928991419,11.350035893821588,0.3091182917957286,0,12,4468.0383307949005,45330.53283206447,0
1349,2021-02-20,45,36836.90870215854,21576.3875229766,490.6497041267663,,0.2989101939635207,0,60,3075.105795433583,40981.631420068254,0
1350,2021-02-20,63,34495.576082077474,28295.43816277821,582.0187678485853,8.95291182988456,0.4250214549670825,4,60,3107.516728352615,30983.31779425618,1
1351,2021-02-21,63,35185.37245901213,9890.481274849575,506.3909579152513,,0.1464596645450636,5,36,3976.228876499367,55899.37397011501,0
1352,2021-02-22,56,33472.31840951825,18635.244474571344,455.8415649935984,7.521049845055471,0.3834729582121545,2,36,2369.103294065637,32086.503926541103,0
1353,2021-02-25,29,33478.85405211512,16254.05908143705,643.317018256383,,0.4327828957733231,1,60,1864.5594121725296,58817.69118042984,0
1354,2021-02-25,39,14260.913911716509,19578.12298321322,660.7324128242118,9.018302499772847,0.4520345312626443,1,36,1103.0898682949862,19609.301638155,0
1355,2021-02-25,23,44502.30612290464,11328.341329645758,553.8791679418624,8.453067134603222,0.0594870946246302,1,48,4873.036720107352,43232.955129166345,0
1356,2021-02-26,62,50121.00332963161,20029.04801423059,392.7166166284072,,0.2357967095286589,3,24,2868.743101947129,21607.73555152702,0
1357,2021-02-26,57,62475.92436128276,21707.74441673257,556.3004441398014,5.468683699427071,0.2182605120764799,0,12,4045.758848780041,27488.76052011045,1
1358,2021-02-26,40,52906.0143513333,20714.39507280616,631.3443204322037,2.167439942339952,0.3649830431613819,2,12,2727.0432397312647,32304.816865998728,0
1359,2021-02-26,51,52140.40108015752,2021.2748733720744,481.6870744980697,7.790145725885432,0.4221116869651976,0,12,1881.1327041146385,62809.08182096461,0
1360,2021-02-27,59,44440.18079707216,3529.090779078886,614.6687935823325,7.5218040740506,0.5745065611168971,2,12,4148.724095757258,59620.3699915349,0
1361,2021-02-27,55,13561.717209375402,9486.139422917342,598.7752120661604,,0.275755177944789,0,48,3743.286550489361,53113.73143835794,0
1362,2021-02-27,33,44202.11682593326,17139.89926987074,646.343319968087,11.514470138794785,0.2753641252536179,5,48,3037.209390849051,40499.28625325298,1
1363,2021-03-01,27,41685.65022441842,19473.596827527,609.5664294731323,6.1926839101153535,0.522450802831812,2,24,3710.7034126351687,42820.88424057014,0
1364,2021-03-01,64,55448.10010768873,6567.304961366388,522.1544847294756,4.303144484694631,0.3944865407795457,2,60,2132.727638028329,58997.18742747034,0
1365,2021-03-02,38,48512.17951205916,17593.898410130758,695.7257201331593,,0.540147726678196,7,36,4659.083051527473,50519.579293101975,1
1366,2021-03-02,69,38051.91035323915,22565.832901201866,587.3176341578423,3.4338780548395618,0.3933092004514754,1,24,4948.826631501427,40270.12635056135,0
1367,2021-03-02,27,69372.2834036907,20344.006991531387,597.8156368392055,,0.1764325071930093,3,12,4282.464047504484,62300.07370024421,0
1368,2021-03-02,28,52726.84684705096,11321.34750348296,525.3385632741443,1.4712297561636616,0.150030746783329,0,36,2868.3511344662456,52217.94304245272,0
1369,2021-03-02,38,45097.96949927057,12052.633657104188,564.5374199046792,4.334224549403981,0.1172731626411606,1,24,3407.516826687595,43636.29798758527,0
1370,2021-03-02,42,46829.70681745505,4619.454963675791,529.2157828778479,,0.4493077752137709,2,12,5294.378893501787,33115.34829627278,0
1371,2021-03-03,51,40917.73310716369,28922.59169933704,586.1643152061262,3.3678666812106126,0.5282895234630511,1,24,4934.791105347304,31761.366200604807,0
1372,2021-03-03,48,40247.56682966693,18792.236225274453,736.9366784113874,2.7898043382691835,0.6274043212079572,2,12,5825.669696469241,34957.3696719958,0
1373,2021-03-04,44,7446.714995468414,2102.1296071205106,490.24790856549146,3.539447648940314,0.476465799848486,0,12,2357.684766691866,46854.86328642978,0
1374,2021-03-04,42,26273.743740837,24813.169053752943,470.9150881698607,3.403007636958235,0.5244257866302479,1,48,2245.567978349418,52536.7422389921,0
1375,2021-03-04,59,31886.09157107697,20268.38842984356,717.6936261994887,3.59276799413737,0.2629975501019472,0,12,3501.2961928109694,18335.62231673445,0
1376,2021-03-04,49,46759.51509890209,24554.35656176049,583.2541058278507,9.302608771258985,0.1765376274884214,4,24,3841.9530299537087,10801.019835231564,0
1377,2021-03-05,61,15224.747672635058,10531.155769294,546.4741809072067,6.3000820727285,0.477511899862633,2,36,3155.4718770088803,25727.652901118017,0
1378,2021-03-05,28,32182.48949487778,11647.795321277634,683.1923749916862,4.735805636476456,0.4126521128359101,1,48,2846.227798539076,33884.8507993698,1
1379,2021-03-07,64,30260.229923253755,8498.82355288759,551.5507568210509,7.294991581783755,0.3661166561511338,0,36,4917.577311869745,57939.20800984291,0
1380,2021-03-07,43,41751.32226757726,31937.45231991818,746.0807770837549,4.713979873320096,0.4081057220949484,8,60,3219.918220149408,35793.72748025218,1
1381,2021-03-07,53,46796.84663065728,10992.07522552045,654.2340697071415,2.6176940436488225,0.3984778223687308,1,36,1814.3190609354283,43821.60023457839,0
1382,2021-03-08,54,30312.81320862999,7358.305522402456,560.9670873483437,0.1829006585890162,0.5425725289780342,3,60,1958.7219746639275,46268.56767981507,1
1383,2021-03-08,50,31390.968809758266,9824.375567055837,772.5846570612403,,0.5442478377225434,2,60,3642.1637397502095,24646.437097434704,0
1384,2021-03-10,50,29795.562474110586,12398.726128193004,551.5428061597329,0.0,0.431633052851052,1,48,7086.648939472942,61898.33247817405,0
1385,2021-03-10,59,34148.077135398256,27447.62979253447,659.3676297607445,0.4741025674515411,0.4768704308844392,1,36,2113.40365365186,30027.911710301203,0
1386,2021-03-10,53,39232.81552267548,17214.71318504193,623.9434064325194,,0.4271093828637163,4,12,2939.7407474920087,63396.87183949421,0
1387,2021-03-10,30,59726.88002837649,24868.405578952545,704.1393031519038,4.9481997611332,0.2808245401948071,1,48,6339.339302415883,38107.35997804428,0
1388,2021-03-11,31,24812.590446945796,17282.43204390652,724.9208957381483,9.377529043028249,0.463484701236971,1,48,2727.9824210352467,34937.45053580341,0
1389,2021-03-11,68,66262.61607475042,13558.11435986807,602.5603319252614,3.0675268453373,0.1408257396711107,2,12,3902.65938492259,23338.16224515548,0
1390,2021-03-11,54,21492.73297338958,6659.899702947294,539.7265703723053,,0.5080837328443825,2,36,5678.221736572373,42959.27936797871,1
1391,2021-03-12,60,54319.6318315962,27752.22778453812,636.7977714351293,4.470669104827515,0.1708215590350947,0,48,2143.984982203556,73815.73591053908,0
1392,2021-03-12,57,32863.06082937091,22927.692899141224,545.7827704198315,,0.3928704930192099,2,60,2946.7580558063823,46203.82435603004,0
1393,2021-03-13,18,26335.627368350823,23655.585421705982,761.0709798021298,5.509825624752779,0.2232269062360761,1,12,2727.8759162901574,44056.55307923357,0
1394,2021-03-13,22,59753.19757702723,22401.314343076898,610.922826486619,6.512081741484823,0.433008347461164,3,24,1435.9641296243435,30000.945613162625,0
1395,2021-03-14,47,41226.29119696734,9319.083962522416,570.7742758950313,5.644918228003947,0.3449112161108136,1,48,5295.040765444116,48879.7562291767,1
1396,2021-03-14,35,40652.30392905704,17120.058153880458,614.7744244691927,5.8804989221507205,0.1107866062755001,2,60,2601.577910246001,42364.26710684424,0
1397,2021-03-14,62,35843.861679160735,23694.90532859666,492.22989683762427,1.7343525350858018,0.4131049446527718,6,36,2238.0262385559686,39057.48287887791,0
1398,2021-03-15,54,31278.061611093617,22554.69483837368,522.2708769191479,,0.2633118834750934,3,36,2777.7909732453063,47421.92176492765,0
1399,2021-03-16,56,37347.31203562476,16252.732043091662,696.0331126355541,6.807952277705762,0.4821720081220053,0,12,4494.372589775966,12762.31031770161,0
1400,2021-03-18,29,5000.0,30799.894588327348,547.4484576822883,4.845042804470331,0.350198853310161,2,60,3474.4502545931846,38492.132614072325,0
1401,2021-03-18,51,12194.631523454793,19263.818927187796,516.2471213854449,4.694847734493873,0.4093131478082057,4,12,2343.750451545379,22044.58232321944,0
1402,2021-03-18,62,45884.773285068,25575.936025621893,642.9322202021829,,0.2063646567477182,0,48,3844.770639477149,40433.477474799154,1
1403,2021-03-19,31,57741.660557081246,16601.160264323855,694.8563323730398,9.602274865801904,0.2616001652858957,3,12,4349.076705519049,29137.00936549968,0
1404,2021-03-20,55,60453.34816413593,12026.711730525503,657.5162648532054,,0.2812042045848373,2,24,3303.627598454887,30162.40224158194,0
1405,2021-03-20,33,25645.022719896027,22753.463898898142,679.6838148644653,3.145543195154511,0.4785053720363833,3,12,3039.882172251259,19998.38075821449,0
1406,2021-03-21,59,42892.32325542899,20868.14769976973,539.4563929144431,2.634967621279036,0.6016065631708234,2,12,4603.178256311108,56734.97456870231,0
1407,2021-03-22,28,7097.873419225085,17771.713823048118,486.2551466606525,5.890255405105799,0.2292242372385685,3,48,3109.3517751915315,29833.80252598182,1
1408,2021-03-22,50,34729.15798127813,8230.936731607217,720.106692156439,6.025884540175706,0.5115272216986521,1,60,5343.572716195863,30636.420645493687,0
1409,2021-03-23,32,52355.38358264152,23087.68948688925,574.1856128926291,,0.0245483873411446,3,24,2386.289743220443,62959.22606758627,0
1410,2021-03-23,65,39737.53981517341,8652.308242950738,579.9333586835962,7.111415364091353,0.1708715898361565,1,12,2357.191501132343,48519.36149149876,0
1411,2021-03-24,59,35023.78311850093,21218.85143668094,706.2555313479246,,0.2061832315719837,5,48,2203.5873582279014,9480.41142982027,0
1412,2021-03-25,27,39800.66578191031,6224.11446329042,644.4984007520528,4.083737441049352,0.1471236965838916,0,48,3034.775262470855,60780.402575827226,0
1413,2021-03-25,20,59242.71329569032,8223.625446651095,636.4710217665286,2.5062367332047293,0.112461741531863,6,48,3336.463410041232,64718.35962548954,0
1414,2021-03-25,28,36329.47514907141,17336.72334387888,773.2001875920866,4.29553911662725,0.4119498368206696,3,60,1676.2884463673156,63315.64132384521,1
1415,2021-03-25,28,41089.663195649584,19631.72474467409,548.5185415695886,1.6842974100426131,0.3178898453408207,2,12,3454.279918226065,50022.83864516696,0
1416,2021-03-26,33,62790.91895412013,16733.500651775943,674.227210246499,3.9642552004360745,0.4069108096407664,3,36,4040.026067440778,23474.35360103482,1
1417,2021-03-26,55,36575.17162968328,10782.718117628778,604.5610499917667,,0.4535709029182269,1,24,1501.4688898420466,39261.61738977712,0
1418,2021-03-27,47,15452.152354003516,23905.682600353743,621.4873823090605,2.492836531911536,0.38984254897588,3,36,2681.8690503572266,18273.320464254404,0
1419,2021-03-27,58,60526.12027838013,16110.59805713071,722.2774741130025,,0.448664476422556,1,60,4042.6904940445584,27009.759167468947,0
1420,2021-03-28,18,55233.922146266574,16547.001684542927,640.62686050317,,0.3395701570636595,2,12,1971.5592509884327,23336.699140559103,0
1421,2021-03-29,55,6750.017259797358,13739.88809767932,643.0636863239706,5.33327957918513,0.1719509917541382,2,36,2938.360180941505,30594.543172157213,0
1422,2021-03-29,67,38047.222172767455,9218.297052913726,685.8005869847842,,0.5086721271231194,1,36,4693.56279450058,42459.308353171946,1
1423,2021-03-29,62,39667.55973053719,24013.413435441034,570.8037816365692,8.331686825993803,0.2616331800828309,2,36,5577.311787240856,33326.3207625173,0
1424,2021-03-30,51,60529.76180349871,9858.277423117886,532.8632266128795,,0.2096605551856361,2,24,3883.227347394743,32682.073670650327,0
1425,2021-03-30,36,39784.27477735593,28579.29781150868,516.4152644783173,,0.3233123186293402,2,12,3121.766726048816,35636.58332914797,0
1426,2021-03-30,51,42488.772566440624,8400.142866626913,442.6914728499198,6.47009472898773,0.213078362105523,5,48,2706.585807538674,62492.09019327823,0
1427,2021-03-31,53,42954.79074984117,17583.457718706748,764.4965703952257,,0.2873854427015851,1,12,4471.775956797767,72456.33253526204,1
1428,2021-03-31,21,33008.64393647335,15556.382693622762,511.74333074226536,,0.4016080882345199,0,36,4750.09133222792,33239.55730271215,0
1429,2021-03-31,27,59458.455302676826,14099.03959416696,582.2997101131382,5.042030623909646,0.402251260886919,4,12,1887.7885869362728,45041.11303745436,0
1430,2021-03-31,34,28115.980210544298,20455.384025739146,577.8549360088864,0.0,0.2153254900361556,4,48,4471.366853263249,27380.830561650306,0
1431,2021-03-31,33,32718.27799029736,21318.285966900527,624.5925358247281,3.480513552636019,0.2768441940576883,3,24,2574.525456175557,51514.76957284762,1
1432,2021-03-31,38,39910.95360296792,19287.71527393999,665.2589770031437,7.378852111539031,0.5111499507155366,4,12,2258.888615893029,32853.249071083854,0
1433,2021-04-01,45,19929.206491976223,6488.920706560772,668.8378790687797,,0.4244600176600911,2,12,3141.278078895298,29333.42705365304,0
1434,2021-04-02,25,66481.1382020977,5629.563235640464,553.353804914485,,0.6612597559022813,0,24,4572.849886536289,70023.80898723545,0
1435,2021-04-02,46,39987.16600644944,5148.254636570522,586.630262897087,3.846644726611351,0.5270192260612291,0,24,3720.0899893829232,19658.961355125917,0
1436,2021-04-02,23,52369.10937883041,13047.314891531583,622.606396039064,,0.5216439602839908,3,36,3686.247914321854,5000.0,0
1437,2021-04-03,47,25637.69712633101,31922.74575329747,580.1047099053162,6.0829214628230845,0.1418197174316297,4,36,3773.8854008329354,51022.453692235016,1
1438,2021-04-03,19,50676.01551999719,14606.60972583558,728.5876460815994,4.324138777004201,0.4645790527450134,2,24,3917.905856696285,34485.57383570288,0
1439,2021-04-04,64,51948.9145408441,31807.329113879296,639.2779961310601,,0.3420339797454634,0,48,3190.644311425252,30310.05131119117,0
1440,2021-04-05,48,54113.03857409945,14732.766551976973,658.7902228839854,7.571086210457686,0.2673527294692625,0,36,4123.194290073316,80974.88500660966,0
1441,2021-04-05,42,68574.99760615372,16279.90654313496,653.030501493393,8.922166461512681,0.3752023010798792,1,48,2508.730588364539,50953.398588740434,0
1442,2021-04-06,40,31626.44599623772,19766.17597288562,693.877908598826,3.575672876457604,0.4917817301917225,1,24,4147.0928970152445,39122.28853741786,0
1443,2021-04-07,60,37200.280933876165,12671.84546205559,614.4817246962965,,0.4251247386506317,2,12,4404.56501812582,29381.025404084525,0
1444,2021-04-07,38,27321.264945144016,16818.311062763707,496.25344416353227,,0.218228929798691,0,24,4207.254076542057,46686.817732475305,0
1445,2021-04-08,33,38556.576572752136,1377.195512352544,631.9750361402114,6.568622059564092,0.461368837038893,0,24,4272.119372950957,14007.210562084758,0
1446,2021-04-09,21,49961.75280616678,7887.114271463979,547.8914484966537,0.7912534325151066,0.2543618686886054,1,60,3914.415383621015,32258.47841542298,0
1447,2021-04-09,60,49153.540090069946,1545.484369069129,557.7106654600194,2.3204761973494543,0.3825024678446429,2,24,4800.136977511601,39443.51545303307,0
1448,2021-04-09,63,64611.283874091365,20801.91880397015,646.9091215004074,,0.3044974898784298,1,36,493.8161033600057,43202.37747545404,0
1449,2021-04-09,25,47352.95712769429,4093.251140757404,699.0626457146909,3.7529470091386656,0.3171700622396561,4,12,4400.515780289786,37863.52994808836,0
1450,2021-04-09,23,40008.42783203815,26293.37651084274,601.701726138885,6.109503323923967,0.4649364462560764,2,48,5802.655242280678,29601.831344066555,0
1451,2021-04-09,44,23623.75856163496,17848.18002869022,624.7066410079171,10.655671780394504,0.1939709420276153,3,60,2555.9639896347603,53809.93218492308,0
1452,2021-04-09,68,52994.80547235644,22675.27997485674,736.1771955708191,,0.6417792611415399,2,36,2416.171010380204,15225.196537013166,0
1453,2021-04-10,53,37652.55414142464,9826.754931245658,619.2602543590855,6.978550784131394,0.0768370896058255,3,12,4941.232099550588,35831.14191977359,0
1454,2021-04-11,53,53335.62657601548,6012.2262478366665,808.1346491344316,8.40144017029124,0.2603498475117714,0,48,2174.9091589842305,32231.041565185165,0
1455,2021-04-11,41,33628.4254882476,12218.21150775224,645.2407716505236,,0.4055317834912611,4,12,2499.927942614018,55177.64650063999,0
1456,2021-04-11,23,58010.61626775529,23513.471623428963,459.1389792675346,8.404471717981247,0.4376471249652964,2,36,3545.768982955579,33116.75358505953,1
1457,2021-04-12,60,45794.7545193773,31920.41345713762,660.2673296883626,2.7591624772216927,0.3349286419142442,2,12,2334.644320642008,46564.95335165966,0
1458,2021-04-12,50,54883.78188632954,19066.920353068013,630.4926707906222,,0.3413913945497686,1,24,4427.113960825282,44995.701942391184,0
1459,2021-04-12,19,45787.190548129605,4474.664056632835,703.1802203266196,3.1141315503111344,0.4115825127991425,2,12,2344.830680511858,12473.224868393205,0
1460,2021-04-13,58,26119.954428422094,7224.813516475905,653.8545081015967,,0.3153395783813479,1,24,3784.125017966684,39015.289226355606,0
1461,2021-04-13,33,34519.33846215015,3093.396691851698,588.9235212812981,2.7709081219647147,0.5589771886902358,1,36,3688.9364120789655,13858.962673378712,0
1462,2021-04-14,55,20793.762948751137,13966.641894684128,502.0561410968508,0.1246692119261032,0.4759023671347403,0,60,5413.193423843921,45269.27827681348,0
1463,2021-04-15,26,42769.68785489883,12782.10641162576,583.2781394171179,,0.4809236526508451,3,24,4789.960666202994,29045.17699034246,0
1464,2021-04-16,68,18060.49070651463,13907.114772259189,531.958363663256,14.019740542240168,0.2050764914944374,5,12,2671.423906516266,57800.04365274096,0
1465,2021-04-16,22,44408.1431777522,6412.632461768657,553.5581240156222,4.342111020438667,0.3380917363391445,2,12,1752.7178252430265,37288.47850183058,1
1466,2021-04-16,27,5000.0,5611.167202670567,647.0862723536487,10.40039912120836,0.3049301076918944,1,12,4380.7943858051285,28449.15546693647,0
1467,2021-04-17,47,52148.99522675156,15752.923307993846,733.5923603481125,,0.1991597936465801,0,36,2516.594789891675,57997.88299292376,0
1468,2021-04-17,24,23444.960935492145,18875.2870496177,631.5737223858384,7.377868679898365,0.404024627591865,1,48,2913.7374109536445,26921.647529374703,0
1469,2021-04-18,46,25691.257870061185,5521.279516199849,504.3293550371852,,0.2693531363330275,2,12,2008.548720753788,53420.4259202146,0
1470,2021-04-19,19,60578.08879743554,18789.72021231141,635.5682134576113,,0.4483105744775355,0,12,4182.098246816874,47012.930110272,0
1471,2021-04-19,37,44796.753108395074,22574.156368055475,695.7305189316521,7.335199613541305,0.1894712655658502,2,24,2525.2169377864484,34518.52566100593,0
1472,2021-04-20,21,52695.02826993826,1000.0,551.2173676544494,3.7926775014697087,0.6078560919262731,1,60,3289.531222954848,19960.332917295367,0
1473,2021-04-20,45,24919.97641210373,27605.455177802345,589.2786266661666,,0.2155501012111907,1,12,3308.9545009677518,58624.93812726015,0
1474,2021-04-20,25,54428.43848035359,20617.6345113809,601.1750555783358,2.584393697512265,0.3828953505800654,5,36,3562.784108225722,47506.9608603904,0
1475,2021-04-21,52,37938.04345391481,22649.032330346057,537.2081349534208,,0.4687788965582101,0,48,4160.381460482893,28420.77968859746,0
1476,2021-04-21,19,41764.35976112264,6832.946384067924,651.8624347075088,5.251318996800186,0.2644039354699831,2,48,3029.807868465557,43669.08526891885,0
1477,2021-04-21,58,62354.45337503948,21297.19239917229,590.3241481113774,0.0,0.4778702965149425,0,48,2406.548855975155,55092.42848098729,0
1478,2021-04-22,45,22556.570256282983,22216.609955454114,633.5625955125622,,0.1656224603299375,0,36,1008.9025411390254,41680.28191295331,0
1479,2021-04-22,28,53695.53976969393,9787.627384190277,529.000625775832,,0.567817654877384,0,48,3461.620370042921,43575.98248979645,0
1480,2021-04-22,53,45781.15265398072,21238.996227446347,565.0033359741271,3.475864238562883,0.3521223897448637,3,48,3137.084532560797,55480.05615706042,0
1481,2021-04-22,26,36803.64397099508,13894.723017088214,657.7905086262217,,0.260538288804668,4,24,2445.2422956820933,63058.94161454764,0
1482,2021-04-22,55,23587.969011944413,10059.937640774891,570.1733478326587,10.90197536494695,0.3051227341358848,4,48,3411.523911024003,38206.01237557299,0
1483,2021-04-24,18,36635.22302664186,13428.420071634317,738.1571080986724,9.415936999286489,0.4713378904089079,1,24,4403.31167410194,19938.357020073858,0
1484,2021-04-24,44,27724.713068723955,16346.183850553538,568.0291051508318,6.282727840760902,0.2623317062224342,2,24,4723.193439517308,20461.35529635931,0
1485,2021-04-24,20,57802.80685757312,12579.175812568626,617.9747780601509,2.7574318931344504,0.2375963465865833,2,24,1414.4115603028442,29635.10780740163,0
1486,2021-04-25,56,41376.3749013328,8665.710912273767,674.6072665498472,6.751588230406293,0.3167695103624393,1,36,2882.256707064165,25976.62710371524,0
1487,2021-04-26,26,29845.44563408054,18143.63250538753,486.5307413653575,1.974458746087259,0.1734556830845047,3,12,4534.614848831367,14762.966558489734,0
1488,2021-04-26,57,18435.96195832667,19478.227958293,459.1352950415379,1.03113517315857,0.6230815861912723,3,60,5328.384626487113,67717.37504697323,1
1489,2021-04-27,45,33054.30609962422,16168.168936355512,477.9474948343924,,0.2650408113177915,2,48,2311.7537668853115,47921.488934145,0
1490,2021-04-27,38,58543.52685889808,2059.5637525573748,701.0067282741745,3.565180073303978,0.4747425179270605,1,60,5056.236994874055,32143.03604747513,0
1491,2021-04-28,45,41671.48499086468,10323.268434759832,555.8513483286042,0.0,0.3814205125471658,3,12,1645.71298054006,39512.24736412032,0
1492,2021-04-28,62,37297.13215504149,8247.279512039004,804.6559428534601,6.7602901462909415,0.2023198924277047,0,24,4768.689037233265,13204.013687448372,0
1493,2021-04-28,41,65480.32230675387,28848.786880848173,554.8601921074089,,0.3491067936180905,3,24,2981.137918076656,57359.82846863113,0
1494,2021-04-30,35,33781.8082856832,15943.15258210674,614.764104255763,6.978888761941301,0.4676004168966122,2,24,5286.862415388022,10755.84412684427,0
1495,2021-04-30,68,27875.20692103714,12758.174543209943,723.36879620543,3.503583632608618,0.321760799737054,1,24,2753.294313014216,47650.41672466395,0
1496,2021-05-01,26,46061.34421325371,10530.25396916811,760.4874310527298,0.0,0.5289669418776541,3,48,2945.9699248829097,12423.667678775497,0
1497,2021-05-01,43,46293.47973982454,14001.152743139954,764.9202861309118,,0.5032273089172795,3,12,3166.592546828524,33789.8785732111,0
1498,2021-05-02,41,31198.16788793383,21012.267369226614,696.6692984474514,3.0293123105091,0.4878372281987493,2,12,1412.0206399297167,58640.33308406337,0
1499,2021-05-02,69,28035.01946428835,1000.0,681.925002064917,2.2962418994938423,0.2810514841590504,3,12,1130.2424948850085,15490.718625373462,0
1500,2021-05-02,23,61706.05452602071,16841.322576057595,647.4021559360947,0.0,0.1880236328327769,2,60,3971.026074634223,37769.3664967204,0
1501,2021-05-03,29,33505.21136780206,10963.23553000764,662.268886093331,,0.2579618591955808,1,24,4568.91126752503,49416.5601359078,0
1502,2021-05-03,53,18221.895746902457,18445.360954805616,555.9051426937174,,0.379436141100008,3,36,4092.805211884712,46962.54250516578,0
1503,2021-05-04,26,42893.04514747197,21392.811712175106,534.5440893262154,,0.4318680070298533,1,12,1765.8638156101797,41052.78999667544,0
1504,2021-05-04,27,53418.87223853845,9435.838798372764,599.7300434071238,10.083925280696032,0.0242642892859328,2,60,3933.569264673386,47436.452685072974,1
1505,2021-05-05,20,37140.871963611695,4046.383999324069,586.3852301980057,5.09318702529829,0.3487830197582374,2,48,2095.578366203703,30837.640665935665,1
1506,2021-05-05,66,48056.90813105955,12564.792479051992,563.741756053818,4.627872423477871,0.3737133837984776,4,24,3842.8992186129135,68991.93782999496,0
1507,2021-05-05,46,24289.96158495132,25296.54542704938,655.7109957965372,,0.3083683615526672,1,60,4747.45726483638,15840.73220662247,0
1508,2021-05-05,24,49423.89201831116,21685.258009458168,676.4244166856408,6.307065396588504,0.5436910758523819,1,36,3792.6669000021066,57431.06116493162,0
1509,2021-05-06,43,25671.76794255588,11979.017427221565,607.0725509033477,5.639684069013453,0.4132670111376306,2,36,5169.000711135748,42842.41805175274,0
1510,2021-05-06,25,44577.597746934174,9921.28700568861,718.202406484421,,0.5465287862121345,3,48,3145.848994142402,49256.638470465245,0
1511,2021-05-06,60,51515.04233146551,10525.204161565463,508.6648708693196,,0.3176059219474652,1,12,3062.521681702877,51918.19026375609,0
1512,2021-05-07,30,41480.55952623007,4618.995702553395,584.5072432576226,,0.4906216238760387,1,12,3417.522455559309,48334.429051948646,0
1513,2021-05-07,52,21468.282518157204,21278.192244215268,542.6542143517756,,0.5952599591791279,2,60,1655.0319785849065,27834.67359161544,0
1514,2021-05-08,36,22118.826031362743,22739.330809557527,450.6770706341552,3.919909951139532,0.5467540173908991,1,60,2829.6444888119363,35705.95465766828,0
1515,2021-05-08,63,63896.81584765049,11902.899386795343,593.3855451325841,,0.18617876098569,2,12,2939.416871158252,18226.154994117525,1
1516,2021-05-09,39,28477.879097602174,10994.548801529028,590.2601993293373,4.161296961847178,0.3119485883686428,2,12,2978.333404224732,35522.56410982866,0
1517,2021-05-10,33,51476.85960915559,9413.809630149024,721.0759794593705,,0.2982252941825305,1,60,3668.697292287599,44837.78492212664,1
1518,2021-05-10,32,41775.63827998581,11397.076684716516,650.4649347643822,,0.4233881802614491,1,24,1482.9219335542195,49106.92413035056,0
1519,2021-05-11,19,24939.387084696595,9118.611505012968,518.0650540536636,7.141481378989706,0.4529530332521799,2,36,1901.3158535077075,45871.515174913926,1
1520,2021-05-12,55,32008.63690808171,13758.368697065936,748.327405306735,,0.2241660988961395,1,36,4748.420329131423,13673.653878547982,0
1521,2021-05-13,38,65497.49520645678,21291.17082439308,697.6826956420282,0.8961766603847341,0.3601757770875406,2,48,824.2730532535716,31567.39101368908,0
1522,2021-05-13,47,92344.71414114806,20466.87058797629,646.5678162774892,5.540573684683706,0.0470109001765795,2,36,4103.797169424389,30066.257659487084,0
1523,2021-05-14,24,35240.31500671004,8290.474043651895,581.8812720920134,3.738042298356437,0.5662917508702835,3,60,2866.383732336229,20347.481001349628,1
1524,2021-05-15,48,34204.32639344204,16214.477710524096,523.2448610621216,7.508253493066415,0.2731438638984959,3,24,3533.486435412648,27460.9989834436,0
1525,2021-05-15,58,15425.561286964108,20169.208714849,570.2234579143158,,0.3583795909766745,2,60,5280.956815000757,40019.187705542645,1
1526,2021-05-15,58,15251.269119583696,7481.693533320765,687.0998895763348,,0.3035525429017908,4,12,3169.3548510016794,61206.82781167641,0
1527,2021-05-16,66,27141.22149323589,16131.33578056802,750.7669044747687,,0.5219041362520123,4,12,4115.068340215545,25704.035061865063,0
1528,2021-05-17,52,33324.94776193398,24709.16683357182,723.4594822617751,6.559349439497419,0.0,1,36,3406.542042935728,23067.03347491453,0
1529,2021-05-17,21,39618.37276781677,13040.87947960449,560.8920462570981,3.9451266498092936,0.3475084486511136,3,24,3196.613121141703,31007.91334533169,1
1530,2021-05-17,51,50352.006650836585,1000.0,510.4306053368791,4.734207713619727,0.3341271863753453,1,48,3041.86421103288,45061.99580629166,1
1531,2021-05-18,18,43313.1433912979,1000.0,611.2708997528963,3.514357433297534,0.2819545418612476,0,60,4209.656268966117,58355.61835537815,0
1532,2021-05-18,27,50600.62705303463,17486.50188839964,458.5248507549719,8.046500801769952,0.6089339818453449,3,48,2418.8310006816573,38702.36638465046,0
1533,2021-05-18,47,30790.767108996373,15852.132610591265,625.8534171347825,,0.2169005811716343,3,48,1918.3043476442544,18311.81881071983,0
1534,2021-05-19,49,38938.1136222292,16501.878522164265,588.1917930961065,0.4321912426053709,0.4657694265853491,0,48,3426.4270501221927,21503.757575799245,0
1535,2021-05-19,20,34538.50134760445,18914.299790798475,562.7170798505406,7.703539596534266,0.4034379183059125,0,48,3574.3133378189523,42824.22082989916,0
1536,2021-05-20,27,20999.189468026383,3164.37333528206,472.4237546186564,6.771207074655159,0.5392278878803274,4,60,1053.1356265846334,54928.81592014084,0
1537,2021-05-21,26,10389.820674310273,8545.504370546914,641.0880085255774,,0.2499216372833742,1,12,3320.224047570004,67236.12887261924,1
1538,2021-05-21,34,29962.85873999,18384.5075289972,557.3839328270471,,0.2400546651314361,4,60,1799.7371818151944,22263.98747645897,0
1539,2021-05-22,64,5000.0,20886.909950095484,506.406653143177,2.1829823397823094,0.5144104861216098,2,12,4116.887217643109,42096.61571926479,0
1540,2021-05-22,20,23006.846982288836,12944.918167169875,370.219022937468,4.751964587588889,0.4137981962495165,2,12,1078.7272634625422,24552.32444132201,0
1541,2021-05-22,44,48177.541918333656,3541.7801141438777,597.7988075959491,5.489136419605668,0.1182593979984862,3,60,5739.678120662194,26520.5998662306,0
1542,2021-05-22,52,42702.43219849725,17719.710326055305,741.7801277335795,,0.2691042478305094,2,60,2910.5853125385493,25250.32401587738,1
1543,2021-05-23,21,40321.060681012124,15409.07333298307,732.9007371638296,6.909573389651032,0.4079573980772091,2,60,2252.130897724193,34986.08252838199,0
1544,2021-05-23,21,57707.89436847583,6534.010987776634,563.4322994730983,5.447261880165501,0.4756646332319884,0,12,2979.617757873092,26765.813710412946,1
1545,2021-05-23,66,29072.88976172872,1000.0,551.8230351710575,4.617423936385487,0.2481154020210567,3,60,4028.671906625698,77182.69085400201,1
1546,2021-05-24,49,50229.308219647326,19570.013589172944,637.5019404860019,5.045771012231946,0.0,2,24,4446.420944877004,33104.86325071492,0
1547,2021-05-25,55,27893.299876568875,10060.38071195516,520.1291648649367,3.817046057557153,0.4284834778605549,2,36,2990.444195802287,54816.67166289239,1
1548,2021-05-25,28,44161.798864838805,16493.583716753812,624.1433519855573,,0.1669518965084036,1,36,1534.9703148180954,30107.08488047802,0
1549,2021-05-27,61,42303.22831390257,16196.47678109738,661.2864222707752,,0.0473991802816383,1,24,1817.9619163056077,73498.60794802342,0
1550,2021-05-27,56,43112.794565741824,5824.571901316545,698.1546579107446,,0.0,1,36,3691.3179567592647,45085.97472128244,0
1551,2021-05-28,62,34199.431880868346,18342.912209595524,591.9876738816038,8.13242002072862,0.4720971290296611,3,12,4567.492245221399,52553.97594292033,0
1552,2021-05-28,23,44789.82829109405,8121.698864228035,583.7060999858427,1.592892261086278,0.3692926175607449,1,60,4730.177397813482,31133.837355910928,0
1553,2021-05-29,52,45962.58917636466,3036.942540410195,529.7613930594752,,0.3161515428931622,4,60,3543.4490525968104,54646.60907653564,0
1554,2021-05-29,63,18540.21229418142,2012.1722019504775,533.8495716768111,1.768133971204613,0.5583536544444142,2,60,4542.457791060112,45023.33538726877,0
1555,2021-05-30,49,52727.44103350092,14974.105034130806,581.8816886478778,,0.4455987024534608,1,24,5723.769855323335,34315.33681187193,0
1556,2021-05-30,63,21461.25437145095,27752.818560074506,629.3892405452942,8.077802621751697,0.5924450064082875,1,24,4821.267974253698,23801.62845355553,1
1557,2021-05-30,40,26839.734942860923,15328.174049947707,673.0867700986599,9.356099687691556,0.1410896791749505,3,12,4485.880710088798,36436.847335456376,0
1558,2021-05-31,59,43629.537520831065,29265.267612669028,535.7456839455724,6.072438772424165,0.3448174064069054,2,24,2325.1368544679785,35152.84782066299,0
1559,2021-06-06,54,48968.70261098407,26590.574542298036,719.4150855167618,5.9934063100315145,0.1074929937577978,0,60,4536.607858868337,53035.42414879639,0
1560,2021-06-06,43,43300.46506104089,19130.287179258998,578.3101119165945,,0.3155926502216799,3,12,3909.873930694268,36516.26701603506,0
1561,2021-06-07,51,44883.40610663985,27595.93040372156,598.2906164521252,0.8956805962103456,0.3127076219349983,1,12,4146.640368792257,11176.84445073272,0
1562,2021-06-08,55,22949.685753307684,26690.975900060905,540.2230656681742,0.0,0.4439920455894606,0,60,4909.716182013973,49692.70072754772,0
1563,2021-06-09,28,32144.879679167272,24429.567877754103,406.0607791781647,0.0,0.3568345821712847,6,48,3781.530643793572,59397.49872907437,1
1564,2021-06-10,67,9244.418254589344,1000.0,670.723631708884,2.446222059476485,0.4435110707419873,1,60,3205.1504200065046,15008.987724573388,1
1565,2021-06-11,38,26218.22036683348,13106.049218784608,658.9475117673946,2.85172678820994,0.4555160199708341,4,12,1996.001073757184,67070.95920094082,0
1566,2021-06-12,60,19875.715363819043,9450.426263290392,577.493795430543,6.141714541628877,0.6732393016074713,3,48,2962.687936276677,60949.77704730027,0
1567,2021-06-12,41,40199.81529284897,24369.04357131778,605.3592573779897,8.023254298240516,0.3027055017070813,3,60,3599.3986672866886,30536.79002300544,0
1568,2021-06-12,32,75341.93444016104,12541.996092260952,641.275137416328,7.725831316681953,0.2088465949000431,3,60,3680.357508561494,23242.60589773531,0
1569,2021-06-12,20,51401.81213583162,29018.479757687197,474.9963314490766,,0.3869125422974613,3,48,3638.178706671238,55794.66185387825,0
1570,2021-06-13,19,6327.09600116119,15812.498657531232,557.6757858122965,2.125841870556957,0.2296579959290684,1,48,4532.720658034638,19455.262306928984,0
1571,2021-06-14,24,17235.43892820385,14776.382958011336,663.5411743697462,,0.5722941152654804,0,36,4415.039208604735,29974.891326738903,1
1572,2021-06-14,22,20517.56772851778,11970.81866479972,499.65684614646005,,0.3075172941582151,1,48,3255.723031512587,20273.05387740571,1
1573,2021-06-14,62,13672.511800150296,13523.08158795404,623.4846345733304,6.802684064873293,0.2651635448189014,1,24,2274.2556990133985,40088.61714221359,1
1574,2021-06-15,57,35762.83433825162,17149.95775545607,491.4734556301276,5.12800398753521,0.2793026418273323,0,48,3812.530754305298,61977.77715058192,0
1575,2021-06-16,46,43431.33370325772,14471.372535277524,637.3143985946821,7.654815443581286,0.4577626135207461,1,12,6141.255267852652,45623.75251526991,1
1576,2021-06-17,58,20605.279716472185,11281.040243411857,597.1486814162013,12.128767409779371,0.3263379525152772,3,48,3734.886802432138,55271.11748084237,0
1577,2021-06-17,49,36654.33830052298,11754.99228315036,470.7894547275593,,0.2537499769804426,0,60,2963.4283928668087,34722.96286697974,0
1578,2021-06-18,47,43303.197777172034,29568.158186041503,693.1791483565737,,0.5998027876435297,0,24,4003.128523917285,41459.542440427686,0
1579,2021-06-18,25,50484.63727517151,30980.09362793764,541.2326738561561,,0.2215745239007374,2,48,4078.003656784925,21603.433530257047,0
1580,2021-06-19,49,42341.58028723308,11233.620082337033,535.1798050388495,,0.355334911104949,1,24,4064.146583840553,38546.71107192527,1
1581,2021-06-19,59,44956.016665086776,21791.762369082266,616.0455357784755,8.200510866925754,0.4478459227415345,4,36,5049.433577140459,28810.44835515186,0
1582,2021-06-20,19,39438.84027739206,8377.528964335199,691.8909879542972,6.453496574518107,0.105299733437439,0,24,3815.9495295251713,37595.94552435592,0
1583,2021-06-20,27,24787.028947299288,12385.365235867066,518.7342544817283,5.690912509269099,0.4220390752108887,2,60,4990.098627596269,36564.81891073046,0
1584,2021-06-20,60,28067.30959457701,6299.887891058563,604.9343879878377,6.144346102891108,0.1917338486779325,4,36,3621.1259755052215,35283.40182978977,1
1585,2021-06-21,60,20158.04871641212,23158.67049907804,634.3053200264459,7.158107711210623,0.4734174171251003,2,48,5223.956167719425,71613.35499895259,1
1586,2021-06-21,54,62480.384759924025,18876.18418356504,655.4484485810515,0.3288634043694358,0.2056023482121535,4,24,4841.752328007839,66513.16979067889,0
1587,2021-06-21,63,17961.39128889442,20403.57837147672,614.115324422178,,0.453915354777329,1,36,4485.582597774459,61242.135723126135,0
1588,2021-06-22,20,54281.316562274114,22106.059192299694,570.6377728733343,6.168181780280108,0.5158749599442068,2,48,4319.815503036959,66925.88451245887,0
1589,2021-06-23,69,18107.5765596048,8043.117306048111,533.7927823481024,,0.4792154788449207,0,48,6210.230429671356,61289.539739168,0
1590,2021-06-23,40,51511.58690501784,12404.656782752038,606.89151064371,,0.3876974972357153,2,24,4679.105319166373,39664.339988347405,1
1591,2021-06-23,51,54581.92197850141,18561.85890318801,514.2288790411515,1.0927454035875952,0.3153048585605451,2,24,2271.687077552693,38126.35592441218,0
1592,2021-06-24,35,57279.78348771184,12235.463045114822,366.2919613204314,6.530539231025493,0.2635370635497734,4,36,3640.709022668734,43531.0037578087,1
1593,2021-06-25,50,24378.00332587553,15555.401072717508,634.9247843326134,5.359777164629697,0.5706552036225656,1,24,3002.437373049256,36839.7262192688,0
1594,2021-06-25,50,42464.18146501427,8602.221956712292,672.3147872868956,1.9724392349837865,0.2450757169748535,5,48,5913.928729330772,24399.319278513223,1
1595,2021-06-25,34,30990.34994436003,25637.846331363347,410.9654051566529,6.240514576750504,0.1944400889645005,1,60,4897.630282827656,44449.07883320522,1
1596,2021-06-26,23,26700.817187118264,22508.24588150292,519.221543623205,,0.4498053402549244,0,36,5873.272114109691,16508.183746700037,0
1597,2021-06-27,30,40657.82646549613,24896.62357199064,649.5323408804159,,0.2305794795220256,3,60,2383.340173039855,42064.6246068454,0
1598,2021-06-27,38,52208.39220308495,20272.963793350777,764.599637576936,,0.2074904753800809,1,60,4710.426681520787,25078.406723857832,0
1599,2021-06-27,48,31072.753326003272,6248.992917758105,601.6634966140326,4.164422019469837,0.1334593606745352,3,48,1627.6721045382928,38784.41694443949,0
1600,2021-06-29,38,44937.56533397501,11163.78368013339,541.7597647016693,7.622910677991307,0.2775635240809223,4,60,1343.1679156608552,42868.05163808703,0
1601,2021-06-29,50,26383.7507416584,9386.14012945964,585.3682847116128,,0.337592746415526,0,12,2837.138167740716,34707.197928957714,1
1602,2021-06-29,45,24351.34886238424,12941.800878856377,709.9901135318548,,0.3864637591491048,1,36,5223.802255202964,15392.337056940178,0
1603,2021-06-30,23,35133.95620077827,23462.109565364663,548.3228656700371,,0.4926959366449225,2,48,2092.564532140944,22179.717498257247,1
1604,2021-07-02,25,36032.89323854634,3217.913336818836,536.0646394679798,2.3460541396032117,0.429034688549869,1,24,3312.318524804279,46873.654325200754,0
1605,2021-07-02,30,50016.7234089428,10330.884588598625,561.3805182254374,,0.321369167067023,4,48,4819.386918590692,31638.36709229669,0
1606,2021-07-02,51,21227.12868676984,11844.111923340568,523.733711339303,5.379977094671108,0.320270648543042,1,24,4391.349784782462,48412.74629176595,1
1607,2021-07-02,57,72379.52373752608,4487.866691358318,609.8136252795837,4.543156656671879,0.4265236203372775,4,48,6103.566556724407,40145.51937447353,0
1608,2021-07-03,39,13116.006913242103,16638.0660385868,729.9742766775648,5.859680208880855,0.5408855244392854,0,12,3337.5483235956594,37032.52163334284,1
1609,2021-07-04,18,43421.00301479786,12264.165445460334,625.8463418492823,1.5076193946519316,0.36894712992248,0,36,2781.2964025449987,45214.65382182292,0
1610,2021-07-06,30,35723.863856413765,23894.53460452042,579.811719829897,2.847528899367108,0.2796303718684386,2,60,1965.231981984612,29876.54392157786,0
1611,2021-07-06,18,30274.88223784008,12799.012797291867,576.6550984867565,,0.2010700998371681,4,48,2873.3334081865837,46005.92377109627,0
1612,2021-07-07,27,37373.02366540985,18671.53726642036,474.94473530426745,6.114765650206362,0.1332192103381661,4,36,1953.834634350953,33707.393762794614,0
1613,2021-07-07,22,50082.51373378523,15919.882947018212,670.6487821717727,,0.4499404508065284,1,36,1087.7767334463151,78044.28338559152,0
1614,2021-07-08,37,52412.713220968144,1000.0,593.7730242389758,4.23409689792132,0.4366967785459335,3,36,5787.574060010943,22990.96574295874,0
1615,2021-07-09,30,36736.544706161934,3518.835257039831,585.56160691275,5.884513437511004,0.4366045287659992,1,36,3394.466832427574,34641.27054903936,0
1616,2021-07-09,54,44976.82047564415,18068.323751661505,850.0,3.575366288516559,0.3307010830471916,1,36,6572.666922369743,35246.39504571168,0
1617,2021-07-09,27,20045.61465527895,17703.694532907026,623.9002326692549,0.0,0.5610402118837625,1,60,2284.2227874927285,19722.016584086952,0
1618,2021-07-09,20,37235.9579043084,14450.641163992472,539.8567159923853,8.106312439048473,0.2773822258122773,2,60,2797.322572453321,50887.18883647789,0
1619,2021-07-09,51,45915.60768088671,25641.066463502742,565.8913923035566,5.546536216232331,0.4932903855810808,3,48,2364.122068636952,33569.138783791255,0
1620,2021-07-10,51,5754.844413626954,19079.79792566717,691.8756567357404,2.803880205327172,0.3441885657515685,3,24,2532.388252092378,5000.0,0
1621,2021-07-10,47,41213.72838290681,27562.364106573128,609.0616328430211,5.003786154052474,0.2587473852980994,0,48,4425.338013595137,50426.928573180005,0
1622,2021-07-10,54,37476.92064051828,1000.0,484.93776173461066,3.601534396639302,0.4388795460976641,0,36,4041.2382911638015,30457.46827970716,0
1623,2021-07-11,21,59047.2090071462,28873.184193475496,673.5383147660162,,0.411445417802599,0,24,4427.595115105535,38426.4786562035,0
1624,2021-07-11,51,42506.74898837464,10142.776269580976,546.5484731568805,7.014676912264765,0.4035459138900389,1,48,5011.17282352326,50152.33869783788,0
1625,2021-07-12,49,47197.42557279234,15198.909062025952,749.8638220974036,1.5564846734979012,0.3621917633084298,2,24,4717.527138542687,34529.40122466828,0
1626,2021-07-13,38,35927.332253441724,24494.17523188272,686.4038452571718,1.1499184319906712,0.3443160377424753,3,60,2072.72115278085,34406.5504089012,0
1627,2021-07-13,58,49480.72715681584,1000.0,564.2142483472999,5.751620238468584,0.7082557989305658,2,36,2678.56012874705,76970.52976483246,1
1628,2021-07-13,41,48434.33376850616,12973.330068106046,702.481308938809,5.403090519363536,0.5276384967794259,3,24,3485.1868459228804,7693.813777976153,1
1629,2021-07-14,26,20400.87960020298,23070.522840351165,605.4284408421922,6.553911532295943,0.4584240342478268,3,12,7993.125014287318,20710.517700558325,0
1630,2021-07-14,58,44664.64517521334,10063.601694718003,668.2218940097775,,0.3667698737305082,4,36,4298.833510997552,23619.08597611833,1
1631,2021-07-15,41,57733.60584787673,22309.92592669467,638.7786253835579,,0.5010735800895003,2,60,3466.69434384182,66835.34111363515,0
1632,2021-07-16,42,54756.8762792981,20411.05375763036,532.2914676007301,,0.4276992164587178,1,60,4174.9267355155225,30330.800409369265,0
1633,2021-07-16,53,40410.58718039813,16353.334998628248,548.5160134146031,6.782293811914794,0.3539307129161053,2,48,2579.440765319765,43603.13312268505,0
1634,2021-07-16,25,44825.340551204485,19791.19687776613,682.3968654064929,8.772423456482596,0.3044653512101127,2,12,3661.365222086215,32888.82695616515,0
1635,2021-07-16,67,53723.62305335153,25357.066429921037,573.2179734314767,7.203363324264479,0.3378623993505967,2,24,4526.661064345924,49048.005134963314,0
1636,2021-07-16,58,22917.175490395,19820.007758470943,567.7081229406402,2.4895020598629345,0.0,1,48,3297.088727656657,39809.2967843276,0
1637,2021-07-16,46,47115.74558472539,22433.030900252452,523.5901936520518,,0.3815901258946462,1,60,2387.6417657743486,43796.487942993575,0
1638,2021-07-17,42,10436.333670104712,7949.650130479937,633.8879252474769,4.142588225071302,0.276728587983446,0,24,3235.990767483718,59308.69556954771,0
1639,2021-07-18,52,52935.34246705024,19655.95043533739,765.0019935394516,2.1649795124849103,0.5889004997424325,0,60,2933.8625725881043,46604.04470273448,0
1640,2021-07-19,55,34228.65995183933,18914.919882203503,514.5973668596582,,0.3529016106217631,2,60,1636.924058744712,28973.98933815607,1
1641,2021-07-23,45,38703.138691404936,23991.14632136999,601.9375565338206,11.7432287225493,0.1716554870697557,1,12,2618.8931330925734,44681.00573632863,0
1642,2021-07-24,36,31669.4761476568,5736.034906446206,712.9776444332343,3.3232831977356603,0.3425179768807823,7,36,1592.3173504202778,76279.7912252183,0
1643,2021-07-24,49,39384.28222447191,23588.88236196526,593.6286887003428,4.621431632252851,0.1930818372406243,1,24,1787.3397202133026,48474.557035056365,1
1644,2021-07-24,54,43830.75048077999,7966.688436507948,636.1897436999787,5.65942745203686,0.4210111123568699,1,12,1907.1527235002457,42278.64482468504,1
1645,2021-07-25,66,51314.70953179836,33725.14632946464,515.0085177482497,,0.3936421046509227,1,60,4525.147456115661,19441.70570858949,0
1646,2021-07-26,68,59492.51150509881,7892.224266640602,634.2645677766119,0.0,0.4936759446662401,2,60,5194.789662532709,50866.27795997432,0
1647,2021-07-27,45,40728.22817021554,5665.809656770794,585.0284587996362,4.502785145631552,0.2313677312458151,4,12,1413.23373703555,53083.40320272579,1
1648,2021-07-28,52,15076.14642487486,12675.958715689834,678.858399654389,,0.355101214434222,2,24,5308.5629161764455,44690.84720180951,1
1649,2021-07-28,25,59584.69552174289,23386.919085083384,694.9908841251801,4.364493180974385,0.1452467306860047,1,60,1925.0906171326503,41711.41178640697,1
1650,2021-07-28,58,17920.310844558564,17840.381371640746,807.1650913614891,,0.4552242172887071,1,24,4266.933450798781,82488.09521760902,1
1651,2021-07-29,40,33666.14917417897,28436.014740393533,646.370653857086,5.094248638496576,0.4278306770660183,1,12,3656.531546791215,52831.4162368661,0
1652,2021-07-29,57,32644.651052129757,12596.027474998877,626.0637053265733,3.946578704880172,0.4243707531541356,0,60,4128.1477642244,58600.42392764446,0
1653,2021-07-29,63,40173.36884157129,11080.264380219707,615.5507441261868,5.433254866018867,0.3502428547035411,4,48,1876.1545173196307,41003.23231632732,0
1654,2021-07-30,40,21047.7309240834,9124.356073561365,571.7466965751449,5.112710450986725,0.4122159336183186,1,48,1067.8867299932008,38026.08372942916,0
1655,2021-07-30,49,20319.266843894267,10789.542114600736,627.0787074769353,5.0460005613528525,0.5906508662462894,3,60,2329.697820667619,49481.48616553212,1
1656,2021-07-30,27,39677.18508126015,3822.286032603275,576.3678871888776,3.25379341577402,0.3072358614436978,3,36,3866.919145784155,38011.85706695604,0
1657,2021-07-31,34,28033.14168518666,9809.429091585636,613.4768781015691,,0.3707967775565126,3,60,5779.46355269066,39243.49022982853,0
1658,2021-08-01,52,60191.4032866491,5316.139280464731,705.4078028486367,,0.1870810551227885,2,60,2046.178836225734,46948.08522811543,0
1659,2021-08-01,52,31736.79935192506,20751.760314576837,519.4765947776287,5.28453367817161,0.2197608557602501,2,60,3209.786475022945,32307.85231574003,0
1660,2021-08-02,20,24575.173269397477,26841.556153913632,691.1902848903236,9.993306666525063,0.3646719939639961,3,12,2396.98433519631,43306.13822589426,0
1661,2021-08-02,53,65077.53788116584,16773.117239114563,705.3692053871893,,0.5155900320052861,2,60,3311.800604862903,41201.26219789076,1
1662,2021-08-04,46,47049.04349619093,9608.803612726086,590.5545178407137,0.4584499321956263,0.3115578763622641,0,60,919.851632046256,54505.3845618105,0
1663,2021-08-05,66,80754.29551508263,20954.20661290184,430.2516080793124,5.967235566228569,0.3146125206031814,3,12,5205.88750257071,30830.28492771889,0
1664,2021-08-06,63,11165.287187907506,14685.922528998008,551.3742410324454,5.22776306968511,0.2889672133243438,2,60,3363.3784311912154,10001.021420838097,0
1665,2021-08-06,44,43116.48818487855,23118.781825176648,703.7595637248887,3.707419517731165,0.2697864993733515,4,48,4479.79041331594,35340.47619785987,0
1666,2021-08-07,48,47284.1887022428,7436.577086845275,598.1705550160895,6.855273237431261,0.3942457183563232,2,48,3043.0808041219484,45959.29034087121,0
1667,2021-08-07,51,40417.34328441646,7991.976878370378,520.0558214164072,6.49286635265706,0.1254113532232033,1,60,3571.6184284920123,54461.61185740355,0
1668,2021-08-07,29,34569.99191514244,20809.2729726045,559.6180063017426,,0.5421409365000092,3,12,4744.423949141767,29607.35495842277,1
1669,2021-08-07,54,58684.274683273215,14837.864934898951,667.2496021203642,3.596464299704685,0.2501866552805809,2,60,3497.9793622011143,48131.49789464335,0
1670,2021-08-08,42,46995.96623871419,22415.01359568724,643.7386854561104,,0.4582855228157212,2,60,3542.9662384776525,57027.31548427048,0
1671,2021-08-08,19,14661.386155259494,8131.80725260428,580.8854320664244,2.060798217427449,0.1595002103909186,0,24,2340.90703005146,51268.75994658235,0
1672,2021-08-08,47,26959.47624653107,18469.22131327394,570.654047054825,4.48291785101197,0.4503260195819327,0,36,2665.3038812344585,28140.473448313776,0
1673,2021-08-09,61,22539.9263499497,19371.898232621865,568.6593480764942,5.681534689164937,0.4507916911721746,4,12,2067.313786032164,29751.60437743948,0
1674,2021-08-10,26,38182.629262139344,2703.0302184458506,526.2071852401198,,0.4076303108008844,1,36,2410.811347733752,46525.05174511967,0
1675,2021-08-10,40,54232.97868170262,14972.630790920137,729.2300551575554,4.704751734215548,0.2008357217300311,2,24,4897.369721413543,64380.104681876495,1
1676,2021-08-10,26,34311.31138343111,1000.0,574.2143624630928,4.606264278967599,0.3874322284397115,1,36,5594.094970842256,40212.47739073633,1
1677,2021-08-11,37,36203.176355712814,26758.827108540616,697.3726816660397,,0.1725415722898416,1,60,1774.2397275465946,37520.08421005639,0
1678,2021-08-11,18,25314.668056363043,4459.188492100577,721.7052841537961,,0.3120855117355722,1,48,3827.298064629302,19455.738023306258,0
1679,2021-08-11,56,51420.13535190269,13488.860989844688,679.8648718518368,4.999064657726103,0.5044119651432989,2,12,2936.2190955827787,34535.696802636994,0
1680,2021-08-12,40,58489.71256572766,14960.788184556195,565.4703749825561,,0.4695052890606113,3,12,5079.544041728037,29271.427691233184,1
1681,2021-08-13,35,39513.3600715962,7302.919553737058,632.2984072269287,8.197333088455585,0.3522774413810649,2,60,3501.908606055733,40407.99061274364,0
1682,2021-08-14,59,63700.281434858,29793.637459752987,598.0643514887267,,0.2037790136115737,1,36,3323.988702407248,17307.64010597248,0
1683,2021-08-14,49,31838.78033473629,9466.441413789562,527.7038511415898,,0.446838156826129,1,12,2402.371693133664,35071.143184094355,0
1684,2021-08-16,64,19045.26108483414,12841.65455834178,625.9487425377282,3.813578546974569,0.3529071856547037,2,24,1418.608284467815,24865.984813582203,0
1685,2021-08-16,26,52065.527949069045,9484.013518344353,505.67681670721583,5.375379285976595,0.0019526602654365,1,24,4284.506436770193,54103.43958758273,0
1686,2021-08-16,28,38561.93040606205,9416.067035693855,695.0143510769251,3.808775955610391,0.4673944739474777,3,36,3774.5565517726377,27112.41463185276,0
1687,2021-08-17,18,31281.41204460784,14128.150149072851,562.8306162161285,0.4545036001847151,0.3463650749195461,2,24,3805.13850898387,31414.76143525386,1
1688,2021-08-17,28,41150.06808422077,20624.441612720468,616.0927724698272,5.877084564735092,0.5303676871974607,1,48,2584.174455010086,44231.89788931912,0
1689,2021-08-18,50,16234.24859999986,16281.049222084825,622.6630297236914,,0.1857094221735792,3,60,3151.122776445786,33194.266337441135,0
1690,2021-08-18,47,13778.987921293214,8931.770410283258,579.2876021036739,,0.0,3,12,4322.172065975313,75391.78933729486,0
1691,2021-08-18,22,41388.45330433418,14949.665639599483,646.935504118022,7.8162327530635665,0.3918625787517777,4,60,4560.974120497223,53957.72735919133,1
1692,2021-08-18,67,46515.43734759349,4063.957772840944,562.007707470198,2.514915273572361,0.3937345515022958,0,36,1860.2438134351703,40258.09867471328,0
1693,2021-08-22,18,60907.87709454024,24466.090555391365,669.7037837965795,7.354268994865642,0.0963992558590322,4,60,2541.6482452065866,45521.52078170508,0
1694,2021-08-24,27,53299.58081670608,10952.287272169617,492.3216255802601,1.5746510488968046,0.203225068120009,2,12,1595.979055743155,5000.0,0
1695,2021-08-24,30,49530.46691757107,11380.30550851996,610.110366363713,6.071476321823476,0.7632826615579853,2,12,3584.91384907504,58475.87760565744,0
1696,2021-08-24,44,59056.5003349716,1000.0,755.1143199246628,2.873901907315181,0.3041584078769295,0,36,4438.756223462369,47678.45004650755,1
1697,2021-08-24,25,47348.42659614465,10946.423225284994,519.9734940315541,6.254929173519977,0.4596438464564324,1,12,2984.9389370215595,38902.63265608866,1
1698,2021-08-24,45,34836.976035024934,28458.577703616014,545.7804023580119,,0.2524010258947424,4,24,2504.7625445836907,48487.74524131631,0
1699,2021-08-26,62,53685.798604634125,19892.168749633005,641.1126279727132,6.628189013670759,0.0364545651720265,2,60,2914.206016076719,50317.7386576421,1
1700,2021-08-26,69,53134.073962328766,23871.97695298937,614.3665425551678,,0.3244612629806142,3,48,6216.224977053942,33754.41223995626,0
1701,2021-08-26,19,39882.76124364132,15932.88636505818,628.0504079418847,6.448529693854205,0.3101593159570842,2,48,4823.243458237768,45702.43061742626,0
1702,2021-08-26,29,22002.90738926665,1000.0,639.1349704118131,,0.2900182641997442,7,48,4247.079799245409,55730.8681223005,1
1703,2021-08-26,44,13223.958112803017,15556.816589105669,650.7777174849416,6.156238766340702,0.3328038746740411,2,36,3733.4182028116734,46823.46614803323,1
1704,2021-08-27,30,52635.96551661177,16609.703766878498,688.7759873564978,5.142804033630888,0.3896402407468454,3,48,3317.406502559523,36210.91019143992,0
1705,2021-08-27,39,47180.11551379784,22165.113129304504,632.7854925542811,1.498516964517127,0.327482457311929,0,60,2200.0431282141094,44449.761424868,1
1706,2021-08-27,57,49286.48246517857,14706.077555472686,580.6993876305166,9.47099014288534,0.1603990748078954,2,12,2006.2203029482932,60733.58595433951,0
1707,2021-08-27,32,53196.080113298274,8825.67192798052,653.8058960962185,,0.4229277187342908,3,24,2623.4449876918197,51759.63911523177,0
1708,2021-08-27,48,26514.653294128573,14206.396006644294,751.9905547916172,4.602659295660236,0.0575942367016364,3,48,2141.108483580791,22553.99268591937,0
1709,2021-08-27,24,11849.573373085965,12261.917880748631,589.3893002893941,,0.0424463814073699,3,48,2573.5671308085266,48800.25721318632,1
1710,2021-08-28,56,47737.82992037994,19189.156560287025,522.0376556263486,2.333176100826109,0.4608770742052351,3,48,3205.9638006838613,46812.36857787784,0
1711,2021-08-29,66,57966.129049407566,14224.235858650864,688.5664535429578,,0.4260530408203035,1,24,3301.7063476296357,57461.702855673546,1
1712,2021-08-29,68,45277.89144169862,7078.88886604615,590.3695068837121,,0.3413906952388946,2,60,2557.8567391027404,40492.29269394701,0
1713,2021-08-29,52,17704.7004714014,19535.19854831036,426.1864363188771,4.304751680487227,0.1406827242867392,2,48,3952.345276633589,34459.89562901972,0
1714,2021-08-29,24,43610.347334408165,9089.13998952645,667.7937341720337,5.819761650161363,0.2438133588988886,1,12,3097.075368147854,19477.527783145862,1
1715,2021-08-30,29,23128.80203703432,12472.026840933508,557.1737451236862,,0.3105879878470243,1,36,3601.7066223060588,29581.083895130687,1
1716,2021-08-30,31,16863.756941669966,11288.655677425118,592.7573374156672,4.795420091793144,0.110615904713883,3,24,2402.595352166365,58119.18354628442,0
1717,2021-08-31,51,39884.98296927898,16897.783712272994,626.5584264455211,5.393803975184777,0.239145701296515,4,60,4199.424026470842,42969.3473004877,0
1718,2021-08-31,56,42437.47765373633,4029.736877933821,615.2399743823253,,0.4478495507265019,1,12,2664.775708018853,38503.18279859536,1
1719,2021-08-31,65,38520.66843498764,15256.86596665021,656.7561453711231,9.968597316954426,0.5640958046433824,0,24,5344.026129256654,59434.35673888834,1
1720,2021-09-01,26,46572.04858212186,23643.512518683587,565.1610903544125,5.508498751268138,0.2870847871012174,2,24,3052.0941407193745,56344.03701018978,0
1721,2021-09-01,50,28141.01168303096,15766.171325243547,641.0484638540867,,0.4634732531474147,1,36,3214.978256465178,28963.81669557985,0
1722,2021-09-01,29,41285.216674609066,9660.563034612624,579.2362657932866,,0.0628909894118798,2,36,4075.318941261117,58014.94500439501,0
1723,2021-09-02,51,32719.730338216435,12074.788249209483,659.1048384710002,,0.4489176861670417,3,60,4348.146075152066,15121.28453981294,0
1724,2021-09-03,44,36224.6576384642,17365.98229176094,649.2293987210443,,0.2294077377908778,2,48,4482.825433572497,46893.17412850635,0
1725,2021-09-03,39,44026.1886977936,19482.380012254736,525.1649038364324,,0.3961018425061955,0,36,5552.818374600796,45119.62596090801,0
1726,2021-09-04,35,55894.57330966531,27031.49396933009,686.8785692940025,6.596131092792038,0.3128371372640436,1,60,4160.690237588376,57246.728689576834,0
1727,2021-09-05,63,44384.44018920999,1994.059341402597,557.1229243908762,7.557596362654865,0.5480621014675751,1,24,3249.600222277439,45715.1751436826,0
1728,2021-09-05,61,49360.1369816923,17107.50214920576,664.6446238624916,4.485672531591583,0.2188346527490122,0,48,2671.275939081062,36331.597017954846,0
1729,2021-09-06,35,40153.38211379119,16483.141124132424,629.3829850721072,0.0,0.4441409446342746,4,12,3166.047979333736,37516.55888424879,0
1730,2021-09-06,54,47314.2305091686,14465.926574581365,747.0546941436098,,0.30807388050552,1,24,5188.353946369439,80398.73480114929,0
1731,2021-09-06,24,55506.95787271107,17843.516578883686,582.1227214102519,2.269717882705888,0.3262541782985504,2,60,1599.6254545553727,41239.60671972395,1
1732,2021-09-07,21,68187.81827609696,13163.71250551815,572.0546563105441,7.322618269584728,0.3224219160261185,0,12,2309.573187759466,48956.1353792133,0
1733,2021-09-08,62,58161.632829021946,7009.490312122978,598.4464315289814,,0.223149034325883,4,24,3059.599903916381,9682.573600517186,0
1734,2021-09-10,33,39173.72868074381,16708.207407427784,575.7456173732579,5.577738506418115,0.3478851551139992,0,36,2292.938996399909,27589.646527679783,1
1735,2021-09-10,39,57169.992359135074,20194.03599817008,663.995352155364,7.712920793787823,0.3406027666817267,1,60,2822.368352280648,47781.52066946688,0
1736,2021-09-11,65,48235.62717021598,14621.488864005483,470.69515132507297,3.529065594850133,0.3861860372610093,2,12,5591.1265062664725,15782.162147179137,0
1737,2021-09-11,68,30891.8433550633,23474.740346886,515.7054064682917,9.124289406848206,0.3626757718539293,3,36,2960.717033795884,48240.98250500877,0
1738,2021-09-11,53,48442.16454925131,13100.822985874853,514.5757662736646,5.488800993258516,0.4696991824418354,1,12,3847.894039787014,29123.119683733967,0
1739,2021-09-12,37,23069.554995896862,18684.52702881235,676.024607357886,4.444029930946159,0.4885262924071052,2,48,1260.5872708386642,24492.230350667865,1
1740,2021-09-13,48,48464.52026712861,2346.054297323652,736.849069806554,8.423814323491296,0.1924065017258298,4,48,1955.286746685254,29067.4561955766,0
1741,2021-09-13,69,66276.94325605899,32939.449259687506,591.6440625170022,,0.4803158750886156,6,60,4499.187845360834,62913.08287216542,1
1742,2021-09-13,50,52339.23054960473,13179.365445185253,586.4942621447991,,0.1720495359335218,0,12,5418.368881514445,45001.26882235418,0
1743,2021-09-13,30,57949.2660400723,11094.50897544336,605.6041730490546,,0.4381783832206602,1,48,3610.0965799439887,26343.45433373612,0
1744,2021-09-14,69,34327.09472339063,12873.990072897246,692.9502642086552,9.305235961863676,0.4429608177054303,1,24,2950.813009096252,51630.09778462161,0
1745,2021-09-14,37,47213.239809007406,7409.727315384378,525.8117492647541,5.7498807031448,0.0633024662506243,2,24,3953.535371944345,52446.07516137808,0
1746,2021-09-16,58,50472.46632626337,5651.867577717709,619.0695186187828,5.510425964295861,0.3639468869794114,0,48,416.6666666666667,34280.37848796039,0
1747,2021-09-16,59,35422.565500855264,15328.354624830616,678.0158103825944,7.732227060943154,0.2797255829959526,3,48,3619.735012730887,54387.60437642986,0
1748,2021-09-16,55,50255.63725603741,15912.9260010668,640.0875335951877,,0.2361852113096937,5,60,2025.6950831989568,55101.244533973535,1
1749,2021-09-17,39,46820.33427930455,16791.005427751214,615.1665293278995,4.174436364020233,0.5526278496048508,1,60,4325.949561113385,52769.97951020098,0
1750,2021-09-17,56,50422.24214384641,14728.46205687273,680.0836874053713,3.684140634462946,0.2519481289043871,4,24,592.959698107153,29893.71950141414,0
1751,2021-09-18,40,24548.861762783683,14335.295974803968,383.741416560061,1.473722822795711,0.2290434606322925,2,36,2547.863363446733,22314.221608362677,1
1752,2021-09-20,65,59141.482432267294,5375.39191394831,654.2300255624726,1.7991519376476504,0.361354241000764,2,12,3282.1135356983395,14606.990136985563,0
1753,2021-09-20,66,46759.64405085946,11101.04844255968,547.6739453498061,5.524132198275642,0.4528384619447624,3,36,2381.094354638391,30167.28041278678,1
1754,2021-09-20,50,38227.954150914615,16290.196750424817,453.5493682514834,4.53289600559749,0.3287527120984809,2,60,2863.9778330981558,34482.835624455474,1
1755,2021-09-21,58,38589.816338486125,10690.070737162545,640.8962079619985,6.464209766552522,0.5249555818503878,4,36,4463.876271678968,35703.45870823493,1
1756,2021-09-21,47,39417.60567015856,17337.34921477779,709.8926836130366,4.74268813738602,0.4296463492946135,2,60,3302.7133151867606,39291.9471887269,0
1757,2021-09-21,31,27566.100564709428,13918.323894958772,589.0041188297846,,0.0232683020402854,7,36,2170.1073271276146,65994.82823815147,0
1758,2021-09-22,64,57837.40019267135,13856.638141940975,676.2299637762351,,0.2705799554739487,1,24,4508.8334158430725,34906.342401526395,0
1759,2021-09-22,53,54446.63518065188,16658.15002504172,728.9822606390917,5.556818488572795,0.2657236850972451,2,60,3647.0594196722864,39268.38825115489,0
1760,2021-09-22,25,55454.93098375232,18881.144765185905,705.1931562867238,5.051789772963988,0.4219041430144133,3,24,3698.9426828145793,12736.122415756385,1
1761,2021-09-23,64,62697.87526480315,20664.16956694189,731.1971623497114,,0.0,1,36,2217.6945517982035,73419.57196807061,0
1762,2021-09-24,39,42846.664208895774,30864.340466804184,659.3701992857514,10.897076889662864,0.7323514563076583,1,48,416.6666666666667,20261.38898957333,0
1763,2021-09-24,21,15163.982342530686,21910.255225334862,606.0346911121275,1.4244566893436472,0.4296539142341314,3,48,2200.669291637868,29397.179432659654,1
1764,2021-09-25,68,49433.06881678755,3156.44859981827,471.8427350482265,2.12841463383296,0.3723315205876536,2,12,2073.4976107889797,50435.83070305248,0
1765,2021-09-25,52,48874.37084926988,6329.102895548893,580.3150009496042,0.0,0.527235157462872,1,48,2566.7121368574312,43692.88657327262,0
1766,2021-09-27,25,63307.4971344352,12802.825667736404,532.5402723747046,5.27768316204224,0.7015481079218937,4,12,2281.013750842952,64647.79405448605,1
1767,2021-09-27,51,56231.26295729549,8896.663808232744,773.6754173998252,0.0,0.4806119966882605,2,36,3474.2064696420407,50800.20483591262,0
1768,2021-09-29,39,42009.76335914984,18123.974883853152,585.9291350054131,,0.4923219644707429,1,12,4434.430172140462,38780.7392314321,0
1769,2021-09-30,42,37835.32101374854,18972.73880952241,609.8563845427589,4.831453077870009,0.3696035036696573,2,12,4678.535117524432,55661.25803266538,0
1770,2021-10-01,42,55054.55317553673,11131.89929170732,644.1188300832374,,0.3287711369949577,3,12,4379.848156287869,57419.6191880256,0
1771,2021-10-02,57,5000.0,24517.401585480184,603.4881957097963,6.415674496010404,0.2786306833992648,1,24,2211.3021135687027,30097.61857926793,0
1772,2021-10-02,57,43620.99949401864,26633.600098206585,735.6040832344602,,0.2260832012428186,0,12,3406.959324983132,54445.44079246359,0
1773,2021-10-04,34,54184.909942308754,1000.0,550.1880510612439,9.815291686162432,0.2469478850450753,1,60,5289.790643545898,36666.08255952385,0
1774,2021-10-04,33,38184.89195135675,3568.9763637692504,615.5685964189794,6.83914931289669,0.1474166053485525,0,36,1352.415417117196,38447.831386217455,0
1775,2021-10-05,65,34267.632069215164,23777.92121247597,540.6023531441562,4.810595811528226,0.3386192823972465,1,24,5018.620888864747,42143.99924543358,0
1776,2021-10-06,65,44422.65344729016,21958.63188320027,494.39819910234354,0.0,0.0972998634160419,2,60,2088.2041628462343,34288.286914888704,0
1777,2021-10-06,56,60241.70023807026,19021.21454082657,551.0584727275772,7.78891154906555,0.3786374786215565,1,36,3700.539942813437,33481.13278260981,0
1778,2021-10-06,32,46765.654506188366,15087.517940607391,597.037056236127,,0.3445504087936487,4,24,3849.3147295446192,54770.81272373038,0
1779,2021-10-06,34,29844.650723789106,14175.065498758351,565.6558220386192,8.970911831110817,0.3720402947580031,1,36,3570.724629045172,17065.916419748755,0
1780,2021-10-06,52,58254.73058807876,19292.79546741876,544.6063216100915,,0.2716802644970011,2,48,6118.9244510865565,24075.595818112182,0
1781,2021-10-06,50,61174.69755879337,16411.81313983593,487.4946029062533,5.6152512571027415,0.8115290555270755,0,36,2957.293457744217,50121.00974665738,1
1782,2021-10-07,57,27890.058956179,25461.7816558095,593.3515541897044,6.97562319862237,0.5540173850270469,0,48,1283.973489678781,38906.50811261267,1
1783,2021-10-07,56,81978.48868046358,9550.048412047016,479.6223700775198,8.604687860459995,0.1633186249872915,5,48,3778.89216774189,54872.68978034175,0
1784,2021-10-08,35,39990.20389126688,15143.963694838883,660.8044770951682,,0.3849302131140347,0,36,3120.783352427759,45368.98417185186,1
1785,2021-10-08,47,54226.38656077256,22122.68251985656,606.5951802347603,5.181697270667598,0.2587990785594014,0,48,4026.834843607299,19994.43011434521,0
1786,2021-10-08,40,50911.93291798139,16315.345497000611,483.3958800428056,1.9449371373197453,0.1978280409938879,1,24,4435.9523856755,40942.51628916379,0
1787,2021-10-09,54,29529.975170343467,20385.274682354506,575.263273836011,,0.1489891893314097,0,48,3291.221243702755,48018.21701633825,0
1788,2021-10-09,64,33227.10974617478,20268.97446999,539.8274875527534,,0.414832503613888,1,12,3878.7213716362057,43510.59487799981,0
1789,2021-10-09,24,41015.61715023929,11601.272137892618,625.5339608335345,7.348520089434964,0.2477929647395639,1,24,3513.6307486296214,32975.88739558826,1
1790,2021-10-09,27,11949.083519719388,6834.658160785613,707.2360356818516,,0.4951739036037805,3,24,5573.192638426724,35890.89519819697,0
1791,2021-10-10,33,52314.66342737375,9017.73568225039,449.9862024283405,5.886349797848487,0.4990673321795658,1,24,2870.131142248752,31598.72266358867,1
1792,2021-10-10,45,11563.807848811346,6329.868505300092,609.2020863317933,,0.5560871577817174,1,12,2474.4955858210046,20122.043775982293,0
1793,2021-10-11,40,40220.01059028399,1000.0,587.1893763546688,5.797636716464313,0.2221419850888844,3,12,4434.246962222368,18058.906527283965,0
1794,2021-10-11,51,29924.29514683877,23734.090912811636,653.7072061160372,1.5578056525149586,0.4213048416038015,2,12,2171.858564154937,45850.31434141553,0
1795,2021-10-11,35,48682.13664676834,1000.0,617.0557302590151,,0.4448681324963451,3,12,3823.5305903115154,26928.12451706645,1
1796,2021-10-12,64,6937.399218812221,29891.681797434117,539.8424534608945,10.4314275973104,0.2788732737344052,1,12,3121.3468912468907,48633.97641178088,0
1797,2021-10-13,40,15067.007564147396,10777.701347115686,574.4756851466706,,0.2342342063910687,0,60,3206.682477655917,31073.987688227047,0
1798,2021-10-13,68,31048.625229710637,12773.157470246442,536.3179314557209,3.0899525488300137,0.5914280998663959,0,60,6379.964113346045,20302.77119927577,0
1799,2021-10-13,37,47782.65884410168,2880.8520073896234,686.0805710878878,,0.384124381359808,1,12,4875.941764486126,33880.84547163178,0
1800,2021-10-15,48,43323.97027205111,18076.53483153654,601.7049318937554,,0.4453951626067606,6,24,4610.307749982623,71415.6245862708,0
1801,2021-10-17,31,55754.22990096646,12912.86184410561,752.0952548602406,,0.2266885982258108,0,48,3996.546633929549,38565.83831225454,0
1802,2021-10-17,40,41618.49547401154,15488.78108231279,595.1471348948303,2.897831481574741,0.1671073300216709,5,48,2468.940681533114,49688.00002498347,0
1803,2021-10-19,19,39733.87248228433,8703.011597437871,543.327458647163,,0.2645825338261834,1,60,3660.185441755484,42532.05714886115,0
1804,2021-10-21,46,23926.315892234536,18846.526185513,478.9028485909738,,0.3313967918915004,3,12,4062.488709369171,18922.02945750308,0
1805,2021-10-21,67,36649.4449331969,8408.660741727192,455.7488258995244,,0.1903669989773976,3,36,3582.0651210075443,61734.44869034755,1
1806,2021-10-22,26,39707.268408939024,15630.129837098732,473.2691245595609,6.342907941763524,0.3485232787024425,2,48,3451.771242513285,36282.67285264098,1
1807,2021-10-22,50,9178.679613506723,18695.853687163886,621.3701320809187,,0.096724221789725,2,48,2836.521709846577,20342.31152921958,0
1808,2021-10-23,65,26646.709869042366,26610.472370402396,640.6980018583947,,0.1819928866295191,2,24,3675.156645434936,32316.497373349983,0
1809,2021-10-23,61,46950.342355274464,21447.20754488627,473.5047438374293,4.830823830300755,0.4506366872415312,2,48,2676.3691440164253,36906.338575387024,1
1810,2021-10-24,29,42692.400441868696,15719.032963217183,671.6030651260892,,0.4405685780416841,4,60,4212.6123077924085,51242.19285251838,0
1811,2021-10-24,36,36204.88978598335,14936.255801110286,561.3551158653248,0.0,0.29121848519197,2,12,813.6193318862873,29788.5522908458,0
1812,2021-10-26,59,30888.386570751794,17507.296421310788,611.743440958844,,0.197335353638457,1,12,5031.762791395761,79305.18399975897,0
1813,2021-10-27,37,13856.680392744109,21133.696929057765,728.977650260434,2.260226674447076,0.1958894672710983,2,48,1693.7509559984712,25942.465262370893,1
1814,2021-10-27,54,7369.278519412397,9045.505697943145,671.7471452692425,8.32254254248426,0.2940097631088029,3,36,1999.2645532463869,49179.92443346543,1
1815,2021-10-28,48,35399.68545434835,22225.67467304985,578.5175481675334,,0.4466777737467937,3,60,3844.4010653604328,10390.40887882582,0
1816,2021-10-28,52,62334.175901745024,7504.046168639662,528.704621966777,5.034042430927398,0.4892368537016486,1,48,4008.260621276662,38144.520006110506,0
1817,2021-10-28,58,40553.580078295214,18650.504463669527,427.8547678936556,,0.2755202396777046,3,60,5931.180803838794,45508.51418983172,0
1818,2021-10-28,38,55320.996533227575,19331.41704460163,542.4677344606064,0.0,0.1769761361022824,3,36,3703.688994969741,23206.251192660708,0
1819,2021-10-28,64,22349.6886766742,9627.479295995365,583.1095808937845,9.243453323774755,0.3901765456799499,1,60,3282.764875842291,62485.68221562504,0
1820,2021-10-29,63,44247.242432776286,2660.955132429892,521.0256378279053,,0.2264697544061225,1,60,3572.4575565118635,46517.14976776257,0
1821,2021-10-30,60,29444.69851762004,12883.447739165453,589.4994426326156,,0.2722621041708196,0,60,5321.443034943056,35235.39302730359,0
1822,2021-10-30,30,28865.804717368945,1000.0,606.1481506367014,3.397182594967694,0.5487914135655556,1,12,6363.833321663808,46355.16252441963,0
1823,2021-10-31,56,51168.8440466075,13573.085515671408,582.0115214553537,3.5055173516725806,0.4740673142848651,2,36,3102.3329596971016,31100.28757094825,1
1824,2021-11-01,44,38193.29506958252,5014.075332376975,547.9997935341232,,0.3736961468377177,4,12,4011.798853548474,58770.69853611364,0
1825,2021-11-01,42,19216.98703316257,39906.013423186334,613.4923737573382,,0.1592121498330915,3,24,3240.346852713925,55229.47902733264,1
1826,2021-11-02,19,41470.44373665503,23469.56181139791,635.3552519655527,,0.3817094851205988,1,48,3215.500406766001,45600.85100661231,0
1827,2021-11-02,52,29257.472252899355,15577.5962259977,512.7680738045723,,0.5093985936181289,3,12,5682.146613164293,49175.38071246885,0
1828,2021-11-02,69,18335.04649865924,25659.280467365723,712.8745903797017,5.3335154321129945,0.2936549501351696,4,60,2176.1686785039715,17842.056848481723,0
1829,2021-11-02,25,25069.756234807654,20640.280858677022,592.1129494172591,7.727881700536104,0.5526671134980072,2,24,416.6666666666667,62004.176601166975,0
1830,2021-11-03,50,70688.39943284547,5691.681275550252,601.5079698355878,,0.543911793427731,3,36,3730.138782141525,38509.632681020485,1
1831,2021-11-03,42,58185.76679334628,9996.513584003013,656.6571538605245,0.980739227742104,0.599559924821521,1,36,4834.591494285926,55375.68474139152,0
1832,2021-11-04,38,9781.936127714567,23235.73606580797,618.6572905010802,7.425716039914143,0.3957864689797029,0,12,3608.204116147122,51247.633352870456,0
1833,2021-11-06,53,37174.51230070517,7315.700531268991,676.2509307130596,4.562412337803917,0.4381087549709018,1,60,3961.087772343348,55145.72151315808,1
1834,2021-11-06,30,38267.75655412553,18162.54442656682,622.9699332161459,,0.5621280932496635,1,60,4273.82505974195,24283.55574611569,0
1835,2021-11-08,63,36009.441232843805,20398.063980560437,551.005010028765,3.415985067948994,0.4171090905603463,3,36,3471.97217509534,26192.50986526133,0
1836,2021-11-08,26,30041.657415802503,12914.853311559,628.9202820164882,9.577438236529773,0.274814883831468,1,60,4028.71786264374,73724.12153230855,0
1837,2021-11-08,52,51206.00978460747,16218.63911559034,508.5019034143471,5.780537226869325,0.2827185745208208,4,48,4007.848206650408,17209.868897614648,1
1838,2021-11-09,63,54140.43501248911,21654.351402365857,608.6847764621218,,0.3857832430660608,4,12,885.0775867839742,23535.84469736937,0
1839,2021-11-10,53,55735.01051598101,21272.71705929979,597.3416007484432,3.5332267700611677,0.1564157867080672,1,12,3475.666950495573,40648.65994897239,0
1840,2021-11-10,66,44951.62015172728,18585.4186174475,583.3506514181968,7.578229450609905,0.328511162695371,1,60,1367.3547921339612,40674.69590992915,0
1841,2021-11-10,64,49129.845079512,14896.365213736766,589.7169990848855,,0.5144820677345381,1,36,3285.618951949056,31899.72884301288,0
1842,2021-11-10,61,34832.698525688815,19698.846174025857,449.45207636018887,5.241711402500988,0.0213119223252078,3,48,2714.232147284041,49241.18307878908,0
1843,2021-11-11,63,16353.41209718366,1000.0,556.1020073807231,,0.5801723152691772,3,48,4625.847401293118,53531.25156400751,0
1844,2021-11-13,68,15958.73668751662,26804.637037504297,607.4275920912892,,0.5183561328054739,2,48,3638.8492823458314,39727.485506368015,0
1845,2021-11-14,27,27224.60763368127,13939.541442879316,612.788511359792,3.421498254226016,0.2810353076254285,2,24,3924.824390943619,35972.65210467405,0
1846,2021-11-14,22,36991.407506624026,9120.26121058624,517.7859887259233,3.270605302283602,0.4315086241807714,4,60,3094.01993588052,39666.067155772806,0
1847,2021-11-15,48,20752.764318749643,19795.711349001394,701.2566272691761,,0.3504721590359489,1,48,4648.559911591287,32539.588120383723,0
1848,2021-11-16,41,23051.93475201,19571.43694597186,530.7060121428399,,0.5344985552658024,2,60,1336.6766576799164,14526.445867167256,1
1849,2021-11-16,49,34324.109609592975,7188.587266467682,677.5565760421389,4.753341085216882,0.4974024714154911,2,36,2213.955268181659,44513.86655511319,0
1850,2021-11-18,66,52961.7158807496,15540.318232559572,634.1755489497348,3.667002983004306,0.1399893915225486,2,36,4941.2172353443375,51487.53570622062,0
1851,2021-11-19,66,45014.92380300287,15298.6806168857,548.3018152124957,,0.4380893620196265,3,36,2788.7727094181027,37691.0908251414,1
1852,2021-11-19,20,27047.109054329914,14776.664608260156,742.024871408761,,0.3191558219535128,2,24,651.0433268697265,6023.827271416471,0
1853,2021-11-20,33,40695.75336874816,27992.158395781156,504.5090534594816,,0.3624248855777149,1,36,5149.13492910069,31424.27432017372,1
1854,2021-11-20,58,20070.346386591093,14838.757309221366,673.5323338888002,3.053209125946017,0.2407742148545276,3,60,4679.503422533081,53585.83107801895,0
1855,2021-11-22,66,27047.168004779305,13960.76214801223,680.0465854434383,4.00986756629898,0.6122205603681252,2,12,4222.045091596749,18426.27231194786,0
1856,2021-11-23,37,15142.354595476483,9557.05786808116,546.3503832738684,1.0536886938136498,0.5060092729853863,2,12,3451.340842022961,50438.2603315558,0
1857,2021-11-23,61,46432.57446707922,8401.283834194139,711.3972240051463,,0.2390343254040549,4,60,5409.267106031704,33318.75807445341,0
1858,2021-11-23,41,35757.8910233181,18136.340655348267,579.9962788320838,,0.1498084089634651,0,12,4906.60636966146,39718.372739875886,0
1859,2021-11-24,51,37634.16332395149,11241.439283976668,623.0954903423885,,0.2921491053533227,5,48,5268.1534193233465,29711.50733824193,0
1860,2021-11-25,69,52089.05686730275,13496.564985594085,620.8257471016976,5.276900883083443,0.4151753969136958,1,12,4202.708933892372,22966.2623557308,0
1861,2021-11-25,65,25041.23148314361,16585.347865458032,589.2553006823562,,0.3860308765919334,1,24,3486.8281473971856,61513.697024055575,0
1862,2021-11-26,40,47001.23851180431,15509.515620858892,664.8646618527825,11.852560853876648,0.5379699237152364,2,36,2834.377244564834,52237.58548857235,0
1863,2021-11-26,55,69773.81491230737,16079.688455323423,663.479097644177,2.340005565453528,0.4684879583271278,1,12,1747.1785302509936,49670.8154425306,0
1864,2021-11-26,19,25268.29186128448,16050.534665280433,460.1174421409455,6.451377981896023,0.495435353862936,1,12,3960.890352666264,53628.33223302869,1
1865,2021-11-26,58,16554.716480553256,19996.80414579245,704.3472194302522,,0.3990283100915656,0,24,4065.030001827839,47540.72308453745,0
1866,2021-11-27,22,21132.3916599202,36128.2462292998,467.00064095714606,5.80568183637302,0.1416051904683514,1,24,2896.1066684491784,54161.96883670351,1
1867,2021-11-28,35,45828.779335489045,24834.48553526379,682.6036963473326,,0.3206452203279648,1,12,4100.434618479126,30041.488810293777,0
1868,2021-11-29,67,66194.38300990137,12101.679168176375,690.1364109462066,3.2966819059004675,0.5090134609862997,1,48,2918.111043834404,60665.30330918568,1
1869,2021-11-29,46,65579.93549346415,24724.054440184635,512.7226855827842,,0.342271560721303,1,12,4417.617947517035,59326.46589305994,1
1870,2021-12-01,27,52673.58883932563,6569.673621259637,567.1348569636332,,0.425463555293562,0,48,2230.699216904935,45707.22951276909,1
1871,2021-12-01,59,53189.44788519148,10469.939448591444,511.54362652112513,,0.30218775271308,3,36,2014.443914572456,35680.08178172427,0
1872,2021-12-02,59,46968.35352230725,20655.06337013322,582.8063175769012,4.922166753860651,0.1955282227187232,1,60,3032.609924310024,21647.061720253896,0
1873,2021-12-02,67,50876.495930491146,20406.9312634997,575.3572572651407,2.135223480133036,0.3314983903930834,2,36,4369.315077711191,43429.86661306291,0
1874,2021-12-02,33,44556.3692365139,19812.288148108837,662.3728425815472,8.19032686756177,0.3963571164548981,1,12,1884.851502509554,65273.72769502096,0
1875,2021-12-03,40,28003.53808318152,10277.616918627224,704.8246996895687,,0.2516468420807834,1,12,4645.442107094827,22587.442399735028,1
1876,2021-12-03,47,65701.57013575858,10332.449788311338,711.6547048631965,,0.3146433132714997,1,48,1280.0981653518177,55271.12722788409,0
1877,2021-12-05,23,60031.47593454377,16049.21154200353,555.0265578737358,7.552114650796501,0.2090805137021026,1,24,3024.9009888404703,32928.41689140165,0
1878,2021-12-05,61,28345.152486241263,12981.682173035098,583.2622501004378,,0.5178867376346143,4,48,1566.9881744550323,34208.53322777082,0
1879,2021-12-06,53,49727.18990045869,22105.405976107944,465.324944622324,,0.3058316363617949,5,24,416.6666666666667,22368.115131056973,1
1880,2021-12-07,37,61918.63340869291,12781.327838394687,535.5303946803049,6.216721996372498,0.5679133317689274,1,24,3791.3980893024,28712.60610149543,0
1881,2021-12-07,33,46280.20193296456,12545.49763127726,677.1881306477966,9.13629933962062,0.5793121775811363,0,24,3111.06944754444,49701.7312834172,0
1882,2021-12-08,45,36919.64164181778,1993.2698513312223,729.2466258838585,0.0,0.3378431052917384,3,24,1586.9596672952223,51566.913531351536,0
1883,2021-12-08,43,61445.96089288527,22002.641872916683,501.2520902496062,,0.1987326901178975,4,12,2687.566010852359,43537.87121614908,0
1884,2021-12-09,39,43830.10150136396,17579.018978356162,552.6028592677685,,0.0371153183399994,4,60,3885.614866994976,32487.807028602216,0
1885,2021-12-09,28,30581.83691469213,1000.0,597.8875394432858,6.604565247919933,0.1291944390459812,4,60,2873.146249596872,23446.641966516418,0
1886,2021-12-10,18,22747.467397498112,18560.149279268066,622.4128927055685,,0.1439247762652009,3,36,3084.981938872835,40926.37700215339,1
1887,2021-12-10,22,5000.0,11790.584756523622,535.2317184062683,3.5566501177114587,0.5567704441192257,2,36,2835.2626204295207,34525.68543675073,0
1888,2021-12-10,66,69596.86998679809,21207.544629894703,633.9248835571271,,0.3673736880840419,0,36,2605.4556690458835,43167.72133656145,0
1889,2021-12-10,60,27447.22654768909,14159.121015095276,562.0928522343268,10.344149430287017,0.4084406786137981,3,48,2589.1617399044862,35181.43450269503,1
1890,2021-12-11,63,54459.17273619502,8565.004833585313,598.8438183297377,0.0,0.0169368486597311,3,36,2552.461625463664,35565.02819971806,0
1891,2021-12-11,58,26194.14358246551,28832.37804954104,643.702739840296,,0.1703050356174107,2,36,2391.904738241991,42384.41029168695,0
1892,2021-12-12,59,42504.3942159369,27575.74388310093,600.513781584875,4.613551930098243,0.483061966466943,1,36,2061.71508621983,45282.88696965584,0
1893,2021-12-12,53,46745.92713259167,13514.56326252573,565.0891287578745,,0.3930161168573879,2,12,2858.692936186047,58358.81935146602,1
1894,2021-12-13,19,21413.079641465974,17981.1091101056,591.2312156859335,,0.3279192081971603,1,36,2533.423517923312,34945.17498887961,0
1895,2021-12-13,23,54355.55245204335,11326.191115718142,592.9309632635732,6.139493432262484,0.4347263537900183,0,60,1993.710045188717,48182.41775578414,0
1896,2021-12-14,44,37026.43090521156,1348.0869785600244,570.3991176094298,9.747655651150907,0.5953696709203722,4,12,4290.8516525295245,67054.33088548112,0
1897,2021-12-14,43,48289.67071699462,25541.581455779055,579.2963149866318,3.833215604181493,0.3168436304694424,1,24,4874.128298229228,48581.14486341344,0
1898,2021-12-14,52,61817.77353401987,8618.068012348112,727.8917736403773,7.0000518751948135,0.3604054703987104,4,48,3333.2048650790834,57463.76490347469,0
1899,2021-12-16,30,51094.34450116124,25188.325844375795,644.8735558352992,4.968522950393039,0.3788895378096957,2,12,3416.4245682468822,30690.58991096914,0
1900,2021-12-18,29,38577.59516429502,20577.82543516664,576.3615745576672,,0.7088164452910988,1,12,2467.6283759963367,29194.665394774853,0
1901,2021-12-19,35,69160.73013531853,17297.276075969425,655.7563523608588,4.4619826416998905,0.0350965603371461,3,60,4667.1225293220805,37609.388074225935,1
1902,2021-12-19,55,39330.230483070656,14672.667117162797,573.2944408195192,3.005934280878272,0.4524834522183212,2,36,5506.059727178758,39205.90172179392,0
1903,2021-12-20,59,41396.99436088488,20611.531070537465,693.8499710069314,1.9595710598973737,0.3327796626861404,1,24,3128.591047051256,56062.36775673917,1
1904,2021-12-20,23,37545.61826840369,7556.728128478264,629.5713753758475,3.709005673099165,0.4350157589276269,0,60,2681.525172842681,29054.74076227968,0
1905,2021-12-21,45,21615.955735663123,25675.335196364715,591.4158284796617,4.044946586885437,0.2513941169007913,0,60,3760.17741577689,38670.581347036205,1
1906,2021-12-22,45,19963.21056422703,16145.661662183971,635.8173540648222,8.01969391398946,0.3426552453712324,4,12,3494.4971383813195,56122.37870519815,1
1907,2021-12-23,42,31686.96317571132,26960.196157089253,474.32990783452,,0.4567115869198243,4,24,2708.138989011721,43233.15375098013,0
1908,2021-12-23,22,24794.002696522577,14021.516991445793,509.8586024872156,,0.8169365301565761,3,60,3922.328124623771,39837.74544543127,0
1909,2021-12-25,32,35834.947043705404,16140.0311893761,504.4859994880756,8.61973584782596,0.4712054284103106,1,48,4506.030342570705,43577.464322003965,1
1910,2021-12-26,64,52392.427480139406,17111.140147972645,611.4354475810966,6.155328279525511,0.2227901602954237,1,48,2351.060331677359,23086.71247733706,0
1911,2021-12-26,61,33863.97120514937,19608.027600102723,738.6011999588073,,0.2864360476965945,4,60,6510.875807977839,22843.703286370597,0
1912,2021-12-26,26,43299.43149722744,29486.98586875594,778.5040116954106,7.620576423059362,0.2819878837424219,1,12,1417.155636961049,16176.793725495878,1
1913,2021-12-27,62,32411.40496853933,11495.448649752048,651.0440881152606,,0.0806535241054977,3,48,2268.719925407207,43100.226810544045,0
1914,2021-12-27,65,78175.53285105406,13976.784732011984,640.0675579955565,,0.3004864712447844,1,12,3625.793371211288,53782.821247645246,0
1915,2021-12-27,19,62623.52397371763,14846.119287048596,455.9153812677808,,0.4599243622732617,3,36,6141.9247313040205,51483.79726905806,0
1916,2021-12-28,66,36285.89278123231,1000.0,556.5860960212783,,0.1588651821384807,2,36,2630.0949687325524,57154.41988847223,0
1917,2021-12-28,26,44082.98889630687,10560.745040090673,536.9772998473409,6.144280738904871,0.5072723976575888,2,12,2001.1504425888495,61813.33328580812,1
1918,2021-12-29,43,19894.23722355525,11081.220614945309,550.3321921399107,,0.4231662231626507,3,60,4019.8851813692654,42169.710767322445,1
1919,2021-12-29,40,36783.89972876862,36104.82140806792,586.5484945132168,,0.2398650017043443,3,36,3022.5903236857444,39030.88423339677,0
1920,2021-12-30,68,30994.27914231496,17067.76548297777,562.2327537842298,,0.3287705543993228,2,36,4164.902952026373,62139.4704226369,0
1921,2021-12-30,45,51143.35494311761,18947.858551775083,441.65601516993695,,0.5897482711461549,1,48,3244.8576459578085,29484.772049843697,1
1922,2022-01-01,23,26045.326432815025,3250.6757867265515,659.8328204894027,9.117821910214635,0.4600321720258798,1,60,2261.875155670889,22322.01069425128,1
1923,2022-01-01,21,64866.10825040439,14498.17696816242,514.1805579408154,,0.3513175482347221,2,12,6269.428296351121,34916.808211463474,0
1924,2022-01-02,47,39018.57858366719,22488.78915662066,619.1397491288919,,0.3143475024558523,2,36,416.6666666666667,33163.85035998677,0
1925,2022-01-02,64,26958.76852671085,35133.17244635093,765.9266135799978,,0.3614913605677489,3,60,5608.631771270549,40724.901187315314,0
1926,2022-01-03,35,40482.37929347772,9525.61616476906,526.4492326730862,0.9831366285372578,0.2732354663086545,0,36,4499.910713625742,27249.70463285321,0
1927,2022-01-05,47,51051.63113354751,1000.0,397.5769981802936,7.471561119683127,0.0342875741421477,4,48,2401.346718924315,45545.997171449984,0
1928,2022-01-05,44,47806.026441030364,8797.059323307403,577.1196622495911,,0.6563266865802095,3,60,5673.858464375539,31463.319394142756,1
1929,2022-01-06,61,42348.60623495105,8829.3908675411,688.0767707998857,10.534199697126716,0.3732987498799102,0,24,1619.0593342780076,58423.057395338095,0
1930,2022-01-06,48,53164.472068904,8904.182146346817,756.6677963376475,6.728432832383039,0.4097220897683805,2,48,4593.472035842739,22081.5174484044,0
1931,2022-01-06,61,52247.35513863896,22260.05650376501,501.6360324438066,6.908876091693595,0.3413138375184636,0,12,730.0269420244455,37907.90775921846,0
1932,2022-01-07,69,52322.23658757455,17742.272350591673,639.7359378589217,10.969535028699752,0.2397324798913118,2,60,1900.9855921203643,34976.285626337325,1
1933,2022-01-08,66,35864.93874262428,5972.64993877557,562.7751634575957,,0.3221113278576843,1,36,1897.881051273487,43463.34884005702,0
1934,2022-01-10,56,35760.62080677983,26329.62657667174,591.5241316556692,,0.1100907856708533,4,60,2395.012507797335,53900.56724240061,0
1935,2022-01-10,47,36889.84260196006,30144.289163228168,811.5474677613628,,0.6915629747079957,1,12,3347.809727556656,43993.16359583414,0
1936,2022-01-11,69,32589.035712094686,1359.9298180923251,479.7623737283877,4.2678133695568485,0.1648232002366405,0,60,2300.862878198136,38071.13202473179,0
1937,2022-01-11,54,41585.1208792126,24421.183875943945,620.2991729195659,5.892616814071912,0.195205057422923,2,36,787.8196437110977,50368.82556647941,0
1938,2022-01-13,29,39915.66123360609,13639.055398150196,637.4154537412346,,0.2839611193420399,2,48,3912.6467942091817,52645.37154124227,1
1939,2022-01-13,34,64826.025127397406,7463.893359051463,686.8629059951478,,0.5432113587278566,1,48,3394.5219869926823,44037.99695056514,0
1940,2022-01-14,51,32427.769523519542,3358.440033651812,607.8386522776716,,0.3521763498893981,2,36,3844.492509456058,45813.87740959744,0
1941,2022-01-14,45,25199.384714286367,11377.720386904104,624.6440431603282,2.275760334742043,0.1645796305954306,3,24,3548.2307199158045,49699.5331944342,0
1942,2022-01-15,21,49686.02420626408,10825.156336822763,568.6681146062567,7.692118105546907,0.5381507541136009,2,24,4526.12743581479,15341.099112261243,0
1943,2022-01-18,51,41072.83066416671,16179.949020090677,621.5301552996086,2.6824958092485858,0.4596500940178222,1,48,3238.9803918819543,34737.92182815315,1
1944,2022-01-18,63,29704.83570026536,32168.34144538897,572.5446179602071,10.006802768395268,0.4307652435824678,0,12,4598.9841268462205,45643.50896812996,0
1945,2022-01-19,31,51731.73407464579,10936.629388375484,649.7257511884841,6.344366755370674,0.457360136175626,2,60,2363.712523206799,35625.88774338437,0
1946,2022-01-19,30,35815.12149567014,3747.48605376213,570.4311731165093,6.520629734375119,0.7091542850873676,2,36,2434.9953591597678,35677.796655427155,0
1947,2022-01-19,66,62864.272911212174,12358.571401838495,630.1680315121749,,0.6777642342554169,1,12,5053.382577581074,45623.52314199901,0
1948,2022-01-20,66,25747.826397153,23336.05595488214,597.6589749052017,3.405875580107152,0.2469926985495056,3,60,5027.919156117445,45964.67461023146,0
1949,2022-01-20,67,31287.690297583445,13018.548335227992,690.0840200617735,6.21585572069275,0.5935827489216728,1,48,4050.5110118093744,47005.890318563295,1
1950,2022-01-21,20,41914.92024765174,20211.817973660087,595.8885021129211,10.244792690033844,0.407475228463835,4,36,2221.948442258574,28116.64807419541,0
1951,2022-01-22,38,60366.76828087107,16359.968331777394,458.1574025434495,9.747152085174733,0.4248643724206624,3,12,2121.2927892136377,18732.94959168727,0
1952,2022-01-22,33,29297.473375042075,15489.31906525326,700.9537200571193,,0.0961593752535007,4,60,4993.413286284922,52065.80173528765,0
1953,2022-01-23,68,45647.585214661405,27697.80603060445,527.5414159309905,3.736093470844773,0.3244421351917705,3,48,4924.164492806033,28863.76738767251,0
1954,2022-01-24,55,22540.482079132107,7254.951925981059,547.6986929080945,6.718727425079779,0.2280764614495152,0,48,3253.8591362456773,27827.119655915856,0
1955,2022-01-25,43,53750.872964737566,6674.723364662546,552.3470964765206,8.763391050775017,0.4742088222339963,3,60,6260.68949204565,26473.72711881964,1
1956,2022-01-25,23,30222.64482003134,7729.652262435417,709.9550474536654,,0.5106620750604207,1,24,3906.9584232660072,57265.452120033086,0
1957,2022-01-25,35,49281.5910937721,17762.5780597626,429.1460628817043,3.838157033425309,0.0388270473475532,0,24,1949.334115794434,43180.40218129695,0
1958,2022-01-26,58,50056.08233589177,15427.45402124348,850.0,7.03738200101067,0.3466947703993594,2,60,2988.794458748469,45137.850975768015,0
1959,2022-01-26,67,12761.02005970266,20681.040235507804,684.4845447252842,4.280955163004706,0.5182792257191378,3,60,3340.1715558400506,50343.26774841203,0
1960,2022-01-26,23,43139.90277237805,14391.622488128663,617.8591131303327,3.9346710378460377,0.3219981556529832,3,60,3441.331629269725,39364.4420437668,0
1961,2022-01-26,58,32414.67410337324,13435.177900577915,595.6084799506971,,0.4593595467503546,0,48,4895.837355647967,55190.32693998562,0
1962,2022-01-29,67,47477.66206301772,17633.252406745767,622.8443259886126,6.999809287168645,0.4026748201440626,0,36,2137.9721925028844,22047.95266030663,0
1963,2022-01-29,42,26889.092764004272,28571.665761955443,641.6897942703471,4.33240135199694,0.4012490347928939,3,48,1668.9429594430624,23715.894913689903,0
1964,2022-01-29,65,31278.52444424285,5701.6668143935385,651.6172468760045,4.888358430879153,0.3093027532897553,2,48,4086.237937089702,22888.458015009423,1
1965,2022-01-30,41,57976.97760077831,7638.74948721426,644.4483572802759,,0.1675128793796435,5,24,2699.602697176016,46325.027463555,1
1966,2022-01-30,47,56816.14552673517,15328.778815283598,607.16645450042,3.8545578998928343,0.1817704778862458,3,60,6362.715987666864,47596.26544298034,0
1967,2022-01-30,40,25088.413986537664,31259.789289098637,584.2129263754139,,0.4564028771682975,1,48,4512.358810177874,32911.26944929745,0
1968,2022-01-30,62,66945.56162138015,6426.806770652855,587.898137307719,,0.3529187383278324,1,48,2676.587767908033,36513.42476816838,0
1969,2022-01-31,60,5000.0,14920.037500977278,584.4073375717855,4.091578286530339,0.3292231633089162,1,60,4849.400506813591,59021.05901192848,0
1970,2022-02-01,25,43218.68389363223,7980.783872111877,690.7016077493652,2.607178861548737,0.2864164936516471,2,36,4246.346827187091,29583.457060703608,0
1971,2022-02-01,66,20733.23706576069,18185.43030412248,647.4845377824689,,0.3042216731778872,0,24,4125.454767662431,44431.49186879928,0
1972,2022-02-03,26,45570.68646426084,1000.0,364.7689092268576,6.337464733629458,0.5070367691732209,4,12,3180.5284188477176,29714.261934701957,0
1973,2022-02-03,23,36075.34670648952,6710.626227297731,652.4720621223809,,0.2997133877197959,0,48,3858.896897881416,56439.61487410254,0
1974,2022-02-03,50,24735.411222493312,25226.75361324744,615.578895577502,1.1635844088418423,0.1488402930047646,2,36,704.6359575925029,49426.392764090015,0
1975,2022-02-04,50,28938.91981629737,15074.570702368534,598.5032994843282,4.532556081155379,0.4615477663310259,2,12,4979.695088610897,19016.17860993119,1
1976,2022-02-04,62,28200.55042668625,9037.2456396017,568.9185237528891,,0.3192685004202924,1,60,416.6666666666667,36087.98455528081,1
1977,2022-02-04,24,41145.766113834194,14633.511645455355,689.929017598881,,0.3547093798299164,1,12,2780.679465800939,8814.898134056191,0
1978,2022-02-04,59,54620.88401358592,14493.637929073611,675.8021169698286,10.270732749228142,0.5911367459599265,3,60,1338.695141840791,53506.83371516245,1
1979,2022-02-05,35,69382.15102213381,19486.46452128793,538.1697865741113,,0.3469159163974239,2,36,2707.269406793929,70709.63426382153,0
1980,2022-02-05,23,37436.58702749704,1000.0,632.5641829699628,3.1297102091135223,0.3933775509678088,5,12,3240.6867428182018,7293.383199991749,1
1981,2022-02-06,62,44482.2133736222,6706.661470779656,522.2674612366972,4.248379220916922,0.1731614763052512,1,24,1837.341415938069,18593.519635944285,0
1982,2022-02-07,54,57793.236016036506,7361.006151595507,489.6305468168856,2.1633321952227043,0.3170495821473559,4,36,416.6666666666667,42509.80125354779,0
1983,2022-02-08,38,33265.95324956377,20035.369976667444,549.8626220328028,2.8992594307361674,0.4414289067812901,2,12,3592.165488509656,39723.1178456582,1
1984,2022-02-08,43,28253.729127475977,14949.517090682157,668.9914777906207,,0.1166939399238136,2,48,5941.383060868203,33837.322422923186,0
1985,2022-02-08,32,69226.3800119862,26524.799136635116,676.2500036300869,5.98070521623897,0.3801267639673564,2,12,2894.233124770825,13935.699741232997,0
1986,2022-02-08,61,37303.48548507631,21633.131844467083,641.0468336077835,2.5014402408761613,0.3651186608967209,4,12,4532.497028615583,44851.70244962693,0
1987,2022-02-10,47,43260.0527152382,12232.76222236797,658.0076629478398,,0.3561931183381159,0,24,5213.814380279441,53312.70777920468,0
1988,2022-02-11,28,15941.99567803901,14603.631857635832,641.2942629691967,,0.5055738347987364,1,36,958.2859276510856,82704.78173131347,0
1989,2022-02-11,25,32142.81093236469,25351.07713146943,548.6814723821639,,0.4001657772272782,1,48,2761.7393939854323,59609.31883205232,0
1990,2022-02-12,22,68307.08439988412,26465.71880357819,634.5538035739153,1.085129655397564,0.5717107847534666,3,36,1737.8513187223316,20519.260120881445,1
1991,2022-02-14,25,46942.09688772782,14234.564033948862,664.0327620182146,3.392124291092625,0.2009615726608945,1,36,2325.487035860628,39821.62883257348,0
1992,2022-02-15,22,39569.7751204403,7119.702914705808,660.343306385086,3.7960183625479846,0.3703886850827522,1,48,5460.84795976662,48881.16582173073,0
1993,2022-02-15,27,60905.73346627189,1000.0,695.1130697179715,,0.3626700179584921,3,48,3612.9326913635737,29676.078287150554,1
1994,2022-02-16,32,15323.54118790329,1000.0,656.6643077760851,,0.1896118259367379,2,24,4319.362834639801,51700.180023143344,0
1995,2022-02-16,55,33778.760249367275,18776.66076219367,628.1158566033266,6.25912809854046,0.4934442503137018,6,60,3278.4594508786017,50550.66684905402,1
1996,2022-02-16,67,74124.82620304698,18615.920807556147,685.6120190653141,,0.6987009958779227,4,24,1820.1425261639035,58560.39573603749,0
1997,2022-02-17,20,39250.46813784201,9596.828104209097,597.8782992600752,2.3582375479424984,0.3474490888274253,1,48,4180.977954856716,52033.6412990128,0
1998,2022-02-17,58,39146.70775686159,25411.89555404796,529.4500279017826,4.247908436130247,0.425753163241065,1,12,4899.05254763686,44277.15475161639,0
1999,2022-02-17,27,57687.18574353513,13344.458723799113,586.9546428844989,,0.362677771372299,1,12,3730.0511035441546,30431.02379486672,0
2000,2022-02-17,24,58729.83630834457,10292.82122211406,540.4077884154841,6.132760764125613,0.2429622995139236,2,36,3944.738785533252,20603.82108260264,1
2001,2022-02-18,68,20476.80425221981,24369.294784974478,545.9857380020495,0.6972328100876757,0.0768859583296975,2,36,1789.831600374853,43285.24207230928,0
2002,2022-02-19,41,46419.5001003471,23308.48446490827,588.4385063427586,,0.2441339775356952,7,60,4216.912874769866,33942.48862434473,1
2003,2022-02-20,43,66336.85815299476,14587.23290643389,536.6064063200031,5.03452912868114,0.1412062428572403,3,60,5015.85061199127,35392.04143490286,1
2004,2022-02-21,51,30353.738013184644,19140.247701797267,575.3630776288768,,0.6056153117088676,1,60,3839.06517617265,56826.85736079053,1
2005,2022-02-21,25,34413.537204439024,20149.70983746097,448.5108266436972,0.7934824441448791,0.3327335459115141,1,60,1087.3542759872173,60533.86020708791,1
2006,2022-02-21,56,40432.28070292539,32402.135031039063,617.063496589835,2.8325593600729926,0.2981121006429243,1,12,5377.870209302435,21469.500756200443,1
2007,2022-02-21,22,50415.17341610698,13951.836607660003,600.0964380289779,,0.4833730737181708,1,48,2152.3034662786285,36843.54091127218,0
2008,2022-02-22,53,18585.02484298604,5561.026555620487,534.6329095145447,9.142834977736428,0.1817373345716167,2,60,3818.0668669457223,33501.92244555149,0
2009,2022-02-23,60,5000.0,20003.82710541812,652.7396534745924,4.041081348473709,0.2349703942993171,2,24,4524.553669034482,44723.62963004007,0
2010,2022-02-23,43,43232.40201979273,15497.720595428254,675.0056110101247,4.803475034241525,0.3602108403872931,1,60,4682.856235897077,6005.834665357579,0
2011,2022-02-24,27,57488.16717185918,15898.54687969322,471.3952108504821,2.0632716600318344,0.504315348713522,3,12,1083.2623186085264,18087.430224358293,1
2012,2022-02-25,50,35320.610303257214,14750.21632940904,538.9820177147028,5.692133021829941,0.4252527567753182,1,36,3479.8549034245057,38237.57600442392,1
2013,2022-02-25,53,30844.00249688965,2269.403146225024,538.4686120170161,7.085203486139378,0.3872487713773823,0,24,3397.110346936595,51791.72806457973,0
2014,2022-02-26,48,37495.50366476929,17091.032528278403,524.8077519112908,2.2513766752839253,0.3617176602854024,2,60,5132.118567991473,41129.36106180361,0
2015,2022-02-27,55,63963.19254905429,12126.750498709498,666.3579873545399,,0.4100353783290162,5,12,3906.73776134662,50072.60609586553,0
2016,2022-02-27,67,30031.57888802804,12527.4558221091,584.4939088981757,3.5132177702376093,0.3802479357693881,2,36,5143.480409639534,42959.6256653048,0
2017,2022-02-27,42,48554.23456630503,11814.583021674249,578.8388126951511,0.7997360468975945,0.1955041587834596,2,60,4008.230333189775,59144.343606161725,0
2018,2022-02-28,62,22696.43504347286,14686.390458417976,439.6910108474597,6.140676889786277,0.3569118832449727,1,12,3240.625577631812,62288.3132324827,0
2019,2022-03-01,30,23414.41786870601,17083.599401356143,650.8334424167381,7.276997401731155,0.1889467011623371,3,12,3575.6576102560325,28593.056692517595,0
2020,2022-03-01,18,52675.64600965739,14765.555866628974,500.85932841172223,,0.3621623814351235,1,48,5237.829479711411,53254.68009681328,0
2021,2022-03-02,53,64515.53941797908,24238.520956108783,604.7946104213063,7.6429491207229905,0.2779028087767637,1,12,1712.1685389567722,47621.79322700582,0
2022,2022-03-02,53,53335.03173434634,21049.342396718566,622.1901550366554,,0.7309072434174292,2,60,4465.776470983999,77570.02217625207,1
2023,2022-03-03,67,9192.558397546343,14415.199714686652,708.8526876670921,,0.3440158424372432,3,12,2548.8133443073493,28032.474714788244,1
2024,2022-03-03,41,33700.83640646951,6716.992864707188,495.294368070471,1.6888230983268242,0.1393640650607616,1,24,2280.2344780224544,38248.96703452272,0
2025,2022-03-03,44,43583.753006494415,19644.22519134272,358.43902753433395,3.1802998212822136,0.3298729683984613,4,12,4612.61629160355,24515.895500261988,1
2026,2022-03-03,35,40893.61166470774,12480.755424654317,614.7079635802955,6.705170050080715,0.4279038118456831,3,12,2229.474264569591,25405.956518469982,0
2027,2022-03-04,67,11204.867494925633,13634.039293322692,744.0408945208683,6.313956267066658,0.6010045919228786,3,24,3804.676729489989,45783.46032467651,0
2028,2022-03-04,64,20542.06636850077,4450.51951259045,699.115708235155,2.225230938864052,0.2615821400091922,2,60,2722.1565556336272,43083.15130808666,0
2029,2022-03-04,67,27973.593234716525,18308.56653046883,616.7727532219701,9.873754938142564,0.112635803896454,4,36,416.6666666666667,48121.76640862267,0
2030,2022-03-04,32,38985.938134737335,35747.085963594815,560.6691051494362,2.899789245166246,0.4725255517146471,3,48,3930.478308463769,47796.30591173598,0
2031,2022-03-04,34,10989.34117378571,10949.706945711405,664.5698077309848,2.4942588134369084,0.1429101941150523,2,36,3491.2349245293203,36465.41870763384,0
2032,2022-03-05,46,49003.37562618157,19980.818705382568,522.1163040236426,1.5174247940107026,0.2845766837738772,3,60,945.7326903148104,36361.91396952756,0
2033,2022-03-06,22,38605.26388981074,24966.87264950676,638.1086215484976,4.464282989630058,0.3113569271733509,2,60,2460.096406409756,25438.01901292128,0
2034,2022-03-07,28,24351.948982163685,10816.18319629483,640.4376127333302,7.712503743843874,0.3395549820049837,1,24,1074.5931874429525,29482.68543573108,1
2035,2022-03-07,33,42903.804925985474,1000.0,684.8167925999104,,0.4533746685611503,2,36,4247.94569245385,39147.97335163088,0
2036,2022-03-08,69,18399.66163224729,20564.091946106662,820.7728031128862,5.625264581066622,0.2474548576570418,4,12,5068.3248367209535,42955.44462763121,0
2037,2022-03-08,51,39218.71357530824,15634.491811222457,631.3932773743013,,0.3089406121749858,3,24,4395.196589641066,50661.81837382884,0
2038,2022-03-08,34,12989.23767442727,17490.673458005713,559.2829099434001,4.905629105955942,0.3478594470575917,5,24,4569.746029333448,49132.9098968826,0
2039,2022-03-09,50,15178.225723071471,15439.164788117696,597.9540550246404,,0.3724396936278182,2,48,2686.0453262498154,63356.15148348599,0
2040,2022-03-09,67,33189.30402760474,24278.426901287326,458.47392760887055,,0.3646740762061883,0,24,4016.9933472213015,25409.678612536467,1
2041,2022-03-09,66,29255.99587166399,14219.814194544406,544.4229495128753,5.818956101427688,0.4154008662833869,1,36,3321.9975456556326,36511.21884033896,1
2042,2022-03-10,48,45764.3302099874,32367.07523886744,567.2574049509517,,0.4765759264462605,1,60,3564.976478444358,26720.431657033427,0
2043,2022-03-10,35,39720.148093335614,20584.394066518584,558.0729281652326,,0.4088951173476451,0,48,4530.122658901487,59159.30604043105,0
2044,2022-03-10,68,71505.93416433505,23091.88235653277,612.1883897626977,3.673357141924476,0.4180378285263827,0,12,4802.692609142378,32462.89167705365,0
2045,2022-03-12,42,36022.57341648937,15052.556280698724,534.206405409424,,0.1126665249880283,4,36,2846.1378462851885,57325.411786669545,0
2046,2022-03-12,22,5000.0,17486.764044122203,689.6824533859577,6.6436886954099545,0.357534154874852,2,12,1573.7773191395224,61791.79200589089,0
2047,2022-03-13,47,9484.914463399216,1482.9163644237433,600.0165651934558,8.665499618284898,0.4219261322002413,4,24,3099.077664967263,46201.55445191173,0
2048,2022-03-15,62,22058.10011979632,10384.11785962322,599.2559743089108,4.071011682339962,0.4593411791855675,1,36,3059.241726690978,44395.88241587545,1
2049,2022-03-18,40,90768.08289841971,23621.231703243087,573.7684226789665,5.844629026135573,0.2461473838649308,1,48,3689.0806833510287,40579.67718226869,0
2050,2022-03-18,55,39449.15293553837,14465.00556764121,612.4152547087183,0.5163753240158897,0.2511441087667032,1,48,4374.578231413487,35243.40945750366,0
2051,2022-03-18,62,56627.97365879522,6000.973556870027,666.0078611734108,5.064653636152823,0.2638848987074602,6,12,940.1058764782616,33439.22854257902,0
2052,2022-03-19,35,55108.13654496647,9526.331401407268,530.6295827431279,,0.4304620849837015,2,60,2494.6913943439886,37788.749144285386,1
2053,2022-03-21,49,20996.38806912677,9461.740244914254,547.3506808739795,5.181894127461415,0.5050821582386312,2,48,2128.4730966865327,67365.67585718649,0
2054,2022-03-22,47,13103.128234961108,14688.616366559256,575.7019176978669,0.0,0.2888809839062597,3,12,4896.950569198071,24372.171775507297,1
2055,2022-03-22,46,49634.7004388435,8326.360265884268,492.3303261221428,10.08343635133306,0.4861943470440573,6,60,3072.8697166428487,43069.13835663986,1
2056,2022-03-24,53,6693.193727441474,26384.49287207001,534.4593712222802,,0.3685219713746891,4,36,2692.228871381098,50669.589462811,0
2057,2022-03-25,26,54664.8870544766,16665.6408693507,561.9023301164273,4.730498104031307,0.3313571334256345,2,48,4006.210448891556,35734.36237986466,1
2058,2022-03-26,40,38244.17015372104,3835.8825090169576,669.9511344570182,,0.3182923655273046,1,48,2592.075394688305,46241.23556862368,0
2059,2022-03-27,20,49240.81353305654,27289.12561515021,621.004906320154,,0.4619917046903236,2,12,3314.339862337272,17430.9728097484,0
2060,2022-03-28,39,44551.63375436512,14633.735072317726,615.4871929094036,0.1714846170260395,0.3988366725180605,2,48,5600.922333473366,59875.647194727695,0
2061,2022-03-28,57,45352.42747986942,19047.944532543897,668.0718369734377,,0.6913738141471456,1,12,5566.196238191638,56967.23067161636,0
2062,2022-03-29,62,41567.29812408531,17453.930475008758,589.0102569280483,,0.2221663035504013,0,48,2824.1029295048097,38523.61150939526,0
2063,2022-03-30,48,44224.026309435736,18339.37624999685,631.2371879943112,2.314244421593491,0.4277152553044963,0,12,3105.381080633861,26802.462020423973,0
2064,2022-03-30,39,40691.27520310696,12251.927767199548,591.7422597654003,3.678352076323093,0.270619848528273,1,48,2559.5477074198266,51893.472213803616,0
2065,2022-03-31,28,19352.8983836289,17646.1031460673,621.2289879519702,9.640123850733556,0.2196069519517034,2,36,926.0017395331206,22778.208005469056,1
2066,2022-03-31,59,34092.12149246178,13806.107081346248,553.3793073910734,2.686971639008977,0.3483699294447541,4,36,4628.570014704231,24930.639011355983,0
2067,2022-03-31,60,72546.56123125997,17896.838213258292,404.8946273378857,,0.3706028719110554,0,12,6360.010979173038,39195.85763396976,1
2068,2022-04-01,20,44711.73774066087,13514.1829510628,589.2576670250957,9.051362064885485,0.7877260332590139,4,36,2779.0215362698677,62770.62350482024,1
2069,2022-04-02,31,57136.743445026426,12679.666498644292,713.8198508879952,3.2787161648687952,0.3223781276475196,5,12,2312.341174221744,49608.72783902978,0
2070,2022-04-02,63,25252.853105997223,3303.737527279465,674.0972321793274,,0.1804731905772974,2,12,2992.274837908325,30295.07245016072,0
2071,2022-04-02,36,24991.71047897908,14958.364526386627,677.2317987672936,,0.3909516076241578,1,24,3439.640893119065,14768.530877267462,0
2072,2022-04-04,48,21948.21363063327,16796.90933245323,698.8904577444974,,0.0388039943680447,2,36,1913.920695574733,40622.80620447721,0
2073,2022-04-04,53,20023.46514418161,29790.992443858,607.092607276915,,0.3362064826093601,1,24,2760.2352571031693,43771.32678852396,0
2074,2022-04-04,49,15664.022548661464,18834.928053106592,615.7852565924477,3.9106165768127865,0.352403792344274,1,24,4601.954900755856,38908.29877616795,0
2075,2022-04-04,43,43498.21840372521,9202.542060720598,550.587848365252,,0.4691900574417816,2,48,3492.559126417423,67095.87520347514,1
2076,2022-04-04,18,34662.71746992682,6882.578997682158,574.714171517836,,0.496043337414177,0,12,4921.315868494558,38021.09665587331,0
2077,2022-04-05,19,53132.42324892581,17139.503040041025,649.2616919816913,1.3053564188932123,0.2744645571638424,0,60,3789.2931494102095,5768.194387363459,0
2078,2022-04-05,23,35344.05272567402,9040.418725148447,696.3107549735053,9.081373084362012,0.32740789780551,3,24,1972.1867473671848,33892.906627354176,1
2079,2022-04-05,62,5000.0,10452.185358876142,588.84429794552,1.693919954720116,0.2350818754083993,2,48,2613.3158624336343,46819.66867821144,0
2080,2022-04-05,31,46654.252009620825,9014.991072406065,563.9848588118871,10.410964435560524,0.1807906167788459,2,36,3643.848412776435,45803.45963127959,0
2081,2022-04-06,45,9543.796362758208,12371.305757611835,600.0422367085278,,0.3964842169070952,0,60,1930.0967383819489,37349.82570647454,0
2082,2022-04-06,50,43215.91521072528,20888.97865901301,648.0965399143292,8.136101864929584,0.1589621677105101,1,12,1767.933667195075,34866.72720890767,0
2083,2022-04-06,42,28429.636965761623,1000.0,484.4916147093167,6.589632819170757,0.2878059649142205,0,48,1843.0826416261764,10005.656728026484,0
2084,2022-04-07,57,43487.65050486188,25357.19939456553,416.30552374902095,,0.2007239060151143,1,60,3978.088818100603,41286.56134332301,0
2085,2022-04-07,35,18345.721640993517,13366.910580081909,555.9570520406733,4.869901701354992,0.4324524779435389,0,12,2875.533314055161,34920.65835881556,0
2086,2022-04-07,63,51674.88286218263,9927.34121691197,502.3430059268673,4.2002929658859625,0.6202145148899731,2,12,4811.385372199517,43738.74823065189,0
2087,2022-04-08,51,40564.14169455607,22102.08204539712,559.3487841882152,,0.1547618025795003,3,60,2212.807854650038,47369.33911030436,0
2088,2022-04-09,29,34836.95381464917,13349.999124425982,588.1775744946023,4.174130901370059,0.0720472275653646,2,48,416.6666666666667,58616.02558066961,0
2089,2022-04-09,44,14578.742127207111,6625.150560348762,563.740127278159,,0.3312669671974899,5,60,3169.9519348293143,25666.52348029198,1
2090,2022-04-09,41,67158.02262027338,2825.331420394512,716.1974027576596,9.649417680260292,0.3523546693936637,4,24,5392.777121325609,20590.267682264275,0
2091,2022-04-11,50,26398.109267186,20563.55789114043,626.1395811681856,0.0,0.3827988960135946,2,12,3376.5451045190907,31390.49903313399,0
2092,2022-04-12,32,43944.111681416434,21077.89968846571,624.0379487688663,4.771933386330195,0.2830519227148482,1,36,1618.2167794172465,28966.101324155392,0
2093,2022-04-12,60,25766.81583135737,11695.612089321396,649.7765715234722,11.60178338286029,0.3199041051761852,2,60,1302.9875880749007,27618.856379255834,0
2094,2022-04-13,49,96662.3496419218,25570.598891039783,508.89335057753846,3.8291025685758617,0.4051265615810903,1,60,4830.7107257376965,61673.59661302379,0
2095,2022-04-14,67,42241.32056039012,15286.647555314616,683.1289429936215,8.041183697841376,0.5060646338967258,2,12,2324.037369030944,42226.23807307442,0
2096,2022-04-14,34,30779.68311193865,25624.039086171848,593.9388570771632,7.611872182558043,0.0567426844522575,3,12,5260.577492903995,69585.90193942122,0
2097,2022-04-14,52,49086.38196325066,7341.058946270721,653.638449379297,,0.2946590841452806,2,60,4150.950144397438,39953.94365462856,0
2098,2022-04-15,64,51250.92695660085,6361.630832936742,514.2514213567875,5.890425342906619,0.3820713190911595,0,36,2371.3724403274773,22421.85326401058,0
2099,2022-04-15,62,45918.98403037396,10890.805570551944,475.6992987187149,5.6590313917292585,0.2123035843083895,3,12,4792.254388722885,27877.381237033456,0
2100,2022-04-16,52,35147.23834836416,11803.485047519696,665.4311726420023,14.547135512193597,0.6096754447650949,7,12,2178.461891754247,55366.83020565937,0
2101,2022-04-17,30,46607.60758905436,24208.694882496085,630.1127620878013,0.0,0.2546885179656894,2,24,1524.1619427770856,22992.223945592144,1
2102,2022-04-17,26,37669.876688259865,17346.74472036459,527.8358756513992,,0.3438060969489075,2,48,2249.9015916527765,48368.14966395818,0
2103,2022-04-18,27,39620.60210336491,8926.05854458781,530.4269534980244,4.313851977908118,0.4334033145263436,2,24,4294.254147821107,34648.71206271009,0
2104,2022-04-19,18,28218.82010016015,15089.271292988577,690.0347827531816,3.927122318956023,0.2613072816797158,2,36,4755.792069585003,26052.61641002859,0
2105,2022-04-19,51,18048.457659727832,11575.585726811336,504.84704857061377,2.349517739257577,0.0730140428293374,2,48,2838.299254748444,60797.79598222336,1
2106,2022-04-19,63,48448.705012357525,8569.935085359886,731.4138362604771,,0.28570182096252,1,60,997.9441944094016,31171.5094551997,0
2107,2022-04-20,54,49094.50275020643,14362.065880818693,527.9503412281705,7.052821923354519,0.5044160833890561,1,36,1387.3752569232631,27586.43463099449,0
2108,2022-04-20,42,59449.58154878974,13473.151116063447,651.0713540486706,,0.2994657309822292,3,36,1998.7763685091293,38816.60380670765,0
2109,2022-04-20,39,40727.71993329338,8874.571056126064,573.7105219400812,3.376720147625531,0.2230348547811532,3,24,1715.8372342706782,32376.434607372023,0
2110,2022-04-22,27,36763.99438344176,8789.087828299558,648.2549944865874,7.991025805885743,0.4888508314254082,2,48,3665.1213034140414,73224.78850899803,1
2111,2022-04-22,43,18852.806459833857,21516.772612718305,556.4708798308645,,0.300383765596542,2,36,5755.978139238898,55905.35940063369,1
2112,2022-04-24,36,39407.14230752764,18387.326843401428,586.9765675142164,3.567272952188897,0.2734758779524674,2,48,4328.054050865318,31139.613663172557,0
2113,2022-04-24,57,45402.97204499824,22549.34983685572,603.2735340316577,0.6031360884056847,0.3724184134494964,0,60,1923.0447770949093,32869.943331123526,0
2114,2022-04-24,62,12703.920401317377,12729.98589742632,519.8250035374822,,0.4656125314428181,3,48,2465.363626250139,9708.275873983925,0
2115,2022-04-25,58,56035.33433795589,6298.11423901377,659.26594763361,,0.7072570297598819,2,24,2709.2199842098244,42061.05476637167,0
2116,2022-04-25,67,29319.43770688402,10408.782903646585,558.9429146822732,,0.4740854161486134,2,24,3819.851042074691,28794.109855917894,0
2117,2022-04-25,21,37058.495768243,23218.51204776004,581.7120067727985,6.258145428671797,0.5239759949582516,1,36,5297.401753148345,41320.170732399005,0
2118,2022-04-26,57,48966.55975504714,2196.7648117603185,520.452050031319,,0.2741050701518217,3,48,2749.0828590197657,10505.888576436544,0
2119,2022-04-27,22,39890.30229597925,26557.687076187023,395.0133072963752,,0.1961197841045785,5,24,5256.804947168569,39598.65496016588,0
2120,2022-04-27,46,61050.41736059633,6118.722850837312,584.7177789919865,0.0,0.3593497024428684,0,12,5963.222031361118,65480.06959350241,0
2121,2022-04-28,55,49432.09226177062,21237.412127543103,793.0092337290332,9.440690974112169,0.3660754872889394,0,24,2895.9497504724263,40812.1174184849,0
2122,2022-04-29,69,37775.018405482,6836.33160632905,662.7683430318419,,0.1882230887953104,1,60,2863.7775570066988,28379.76719424188,0
2123,2022-04-29,22,5000.0,10238.655600743665,598.4591696212484,5.500878573358093,0.323705820514398,2,12,2882.5591240944377,39692.99912635262,0
2124,2022-04-30,18,54942.800066429576,1000.0,578.9687336633386,3.2706475930363403,0.4098976402578696,2,48,3411.445815443192,39036.268957208704,0
2125,2022-05-01,45,22306.64467474913,29830.38848819837,601.7972714249637,4.487709534929815,0.404059009252712,1,36,2885.609462356051,72877.49711134436,0
2126,2022-05-03,36,52777.97388582654,19598.64600038913,643.7695292140168,,0.4256431780076408,5,12,4438.5551600699655,35007.3710616897,1
2127,2022-05-03,53,47352.83911209724,20069.588122900084,505.5349747752924,4.189934389107734,0.3936447095206164,0,24,1397.294232842356,21950.600451657145,0
2128,2022-05-03,18,37018.21028157201,11057.057418624769,689.1457355735098,3.7470800654243313,0.2739487011094916,1,36,2665.0557142131934,40321.87261341157,0
2129,2022-05-04,46,54299.3688145378,7553.965198000956,657.2305052352996,,0.2729149060026735,2,36,3744.801674673628,42932.998567589486,0
2130,2022-05-04,68,47815.59636350668,21212.2448579023,657.4548580566347,5.931247805653676,0.1701572903009185,2,36,4420.9389672839725,48434.43949531234,0
2131,2022-05-04,53,44925.43593000295,5375.003266009704,635.0780591047782,9.661305201111418,0.6177162558777642,3,36,6077.439662934259,51336.4277534708,0
2132,2022-05-05,49,14255.093354841796,13662.985118086375,601.5693326155192,0.0,0.3520175546928939,0,48,1722.0517987946569,69332.89128264693,0
2133,2022-05-06,31,40597.72359272986,4994.159068330253,653.8288988773456,,0.3162720416307721,2,48,2518.2803155992638,31065.04447491192,1
2134,2022-05-07,49,21357.609125052622,15991.587572682663,647.3451306993103,0.7255400545444379,0.2106811877821311,0,48,500.32511679916206,29701.75383732723,0
2135,2022-05-08,63,23560.933304943963,1000.0,571.6767431247181,8.69412657418815,0.7903486853491667,1,24,1945.997074142253,12187.95284268028,0
2136,2022-05-08,26,34582.86348082256,3155.3698131117835,554.1118581682479,1.1233436168070807,0.1890007951665656,4,48,1122.17671216578,49924.80650073585,0
2137,2022-05-09,36,61951.26171965086,8121.444365340938,608.148503620959,5.989333574865918,0.285672811159089,6,36,2681.7115895029224,26690.28451841284,0
2138,2022-05-09,28,45480.86176543215,19918.02459284256,723.921612119615,,0.412375525442909,0,12,3047.876342531294,53376.4641987193,0
2139,2022-05-09,65,46469.02662407584,10749.458309904549,500.87143394768793,3.5019120747680628,0.4400319448616416,3,12,3920.151133130285,32625.47629621232,1
2140,2022-05-10,68,51556.40157859481,22868.78658491762,482.5979787398048,2.014086850852,0.4936898082823525,0,12,2960.083920433431,65889.36957640552,0
2141,2022-05-10,21,26879.795479910863,27005.586221275717,613.1808672989214,4.979357614024275,0.6211412761653894,0,12,3920.7546838485255,18497.396665298973,0
2142,2022-05-11,58,16353.8528828548,12530.85496249365,604.0710161484815,11.084143549141702,0.4259236483191068,1,12,3475.9260422007624,55343.88255029042,0
2143,2022-05-11,42,13690.257688867305,3172.420637833351,613.8673331496327,0.7236227462270746,0.1915953800049998,4,60,2041.679326145604,53557.6384421918,1
2144,2022-05-11,34,43466.06611722881,22725.439650208384,619.51625583268,,0.3114582312317328,3,12,1225.491201032236,47898.646576963285,0
2145,2022-05-11,64,54800.36829991751,2667.470625161055,582.1438196292156,6.79094279188012,0.3961748558770827,0,12,4062.935833203416,23241.044515186903,0
2146,2022-05-12,25,53691.2466987077,7773.8903591561075,719.1890750881665,,0.6602339062258735,0,12,5391.462064601467,47967.26230462831,1
2147,2022-05-14,62,27534.282275333524,1391.4858325889036,471.92768172187874,1.182138257051501,0.1403291782363554,0,24,6502.564597935853,41903.121111950575,0
2148,2022-05-14,18,60332.43299312511,22705.31780283474,533.7202380175803,3.586869297101517,0.5303864757837841,2,60,4502.65170987661,12546.156843810018,0
2149,2022-05-16,19,70645.63365205476,19576.685460435387,591.7396191880762,0.4591034229350326,0.3769871554319625,4,12,5155.227348263411,63374.094846019936,0
2150,2022-05-16,27,49114.4763902221,27946.285799660887,468.5448951076666,3.529503049387978,0.4756745802844221,2,48,3910.157963382002,34815.82876124513,1
2151,2022-05-16,44,62309.19440909353,11469.955123919444,585.9316476454343,,0.3347007925046101,3,24,3710.845065321098,62218.26544036578,1
2152,2022-05-16,44,53097.33406762568,8408.198732713736,732.9176132582414,,0.223635105481051,0,60,3472.084613072744,38985.07824847024,0
2153,2022-05-17,30,36554.26609832328,10801.514925304318,601.6709190636769,,0.4626309169101997,3,48,3201.0712783072527,54734.89094948108,0
2154,2022-05-19,28,30031.272761043,4337.833800561823,618.4560724574947,0.0,0.4481646540658431,5,48,4092.179027619752,27107.12332389577,1
2155,2022-05-21,31,15803.82769486284,26429.21424503116,499.1868187861936,5.321181768663311,0.4958085448609582,2,24,2682.5869816274285,43216.52431492726,1
2156,2022-05-21,49,33328.561279993766,42013.07126901824,550.6910873568418,0.0,0.3480043046932047,4,48,3149.0302688493434,42159.12989691516,0
2157,2022-05-21,33,36447.52811551641,9209.50561698367,569.9842895740851,,0.2600266965020226,2,36,1860.8754796278477,35145.98458911051,0
2158,2022-05-21,46,36779.08909314238,19741.58464726585,574.5827922595013,,0.1161819507464237,3,24,3926.99166966447,26961.65779128,0
2159,2022-05-22,55,38311.27803199079,13756.086996220867,702.5315036003014,,0.4729059902209109,1,24,2134.461406900207,5000.0,0
2160,2022-05-22,51,5594.541246586654,18533.923425347926,644.61528485801,5.767728286118617,0.4135834223665979,1,36,3375.5145714335995,27313.608872596214,0
2161,2022-05-24,43,51685.4430696957,23477.589486433117,511.08336344503743,,0.2051326050704061,1,24,3958.947200386309,50507.636703636,0
2162,2022-05-24,22,53426.30254096501,5855.269049325054,619.7203822745604,,0.2692139490055063,5,48,4065.6976225456,19071.55676664755,1
2163,2022-05-25,36,45565.46823979025,11171.27558695526,639.8577398797428,7.503312369584935,0.2799861782072839,2,48,4297.719005602627,22177.99540257072,0
2164,2022-05-26,56,22459.81804351293,24625.24447949347,691.2119230817013,6.305494918841235,0.1275523352026372,3,48,3066.718926898264,18477.0578745294,0
2165,2022-05-27,45,45504.7863482654,19070.679156326456,726.4432549254699,2.7388662378886446,0.2273476405092299,0,36,3940.9130575704426,43133.32174465834,0
2166,2022-05-27,45,40339.15035721832,17618.557941823114,518.7924646537705,6.933275635189612,0.1799254464790468,1,48,2725.051754443078,26598.90122360113,0
2167,2022-05-28,34,47117.240443757895,19077.47072596973,535.131399103173,,0.2881281482168095,3,36,869.7411920705545,58305.14465800205,0
2168,2022-05-29,54,63266.83884199621,19863.13207373228,499.3937712868307,6.454832415424495,0.2391953752505655,2,36,3996.219925510283,51019.29560678912,1
2169,2022-05-29,61,37322.96508378326,24262.10734989697,581.2784112714415,5.57044397637564,0.1059492618699876,1,36,3706.4434669135103,43001.86095926444,0
2170,2022-05-30,36,42722.88245119972,21030.18910663376,637.3086699557068,0.0,0.6533885345854222,1,24,4599.987711957253,44559.2449986378,0
2171,2022-05-30,44,27034.57746361374,14594.186588023367,678.9867613271282,,0.5378811096543845,1,60,3301.722442243832,28555.77891025447,0
2172,2022-05-31,67,53825.14479216351,17824.29106852053,593.9239181085982,,0.2331470867720021,1,36,1329.3791261865688,28559.610610078853,0
2173,2022-05-31,29,50541.050074141385,14460.568029258,574.4121981396124,,0.3908632094980414,1,48,3218.794852878055,50665.3981987302,0
2174,2022-06-01,20,43248.40820707438,9030.850371693035,612.1406393798992,,0.4126197634731942,2,36,4441.559039257993,53700.88035455563,0
2175,2022-06-01,21,24203.036756415386,14586.980383826662,533.1885678695982,2.2142935645990764,0.5286628782160215,2,12,3928.376844328868,50533.9355787032,0
2176,2022-06-03,64,29750.45006729031,14089.515581444868,767.1630977355819,7.598795654963199,0.2272092460009881,0,24,3149.9026172147883,32941.26015364902,0
2177,2022-06-03,64,12531.120432823996,1415.2643376238066,471.3871178305553,3.803783916075868,0.5138160175973638,1,48,1253.8842984418543,34130.16883719574,0
2178,2022-06-04,28,29573.46006885209,21199.4796753764,614.779246311658,,0.2678142043689597,1,24,2050.81213970343,26023.64827292456,0
2179,2022-06-05,51,50640.51091875119,22555.707565028973,761.8884975383712,2.231841184176496,0.149620639374708,4,24,3929.881910647544,51523.80755886828,0
2180,2022-06-06,35,45936.42706387105,19350.47125170597,600.5439875647999,5.20525904236432,0.4586204838971746,1,12,1251.8868932404846,10578.16656939549,0
2181,2022-06-06,52,42395.31941815054,22077.646557782835,584.7968771998804,4.153544044894115,0.5436137636183642,1,36,2935.527189887289,6936.455427144458,0
2182,2022-06-06,35,62264.48636377476,13592.726915587602,571.4043661751658,5.1253069755827685,0.7381863460296026,0,48,3381.361057053861,9927.109413237333,0
2183,2022-06-06,63,44567.94623995185,10887.40710959574,585.5686654590073,,0.1700412102364679,0,60,4770.75477813341,7859.660759585058,0
2184,2022-06-08,23,31342.677436657585,22591.242963173765,709.8278779741224,10.153970234487629,0.4548379527621183,1,24,4101.446522246511,60357.11352247218,0
2185,2022-06-08,51,29500.971861002618,6529.732472598338,423.05104709363945,7.569802539585951,0.28852981343097,4,60,4536.8473743632885,51802.08045355411,1
2186,2022-06-11,50,36524.27549632882,6252.476594251537,722.6746961037061,,0.4675038065786047,1,60,3710.649988374095,22021.05097475419,0
2187,2022-06-12,25,33247.074950492,18585.10981925366,486.0834278039884,0.0,0.1294265673153124,1,36,2276.569605568968,38411.00639968831,0
2188,2022-06-13,59,54294.72242534185,18366.105581533702,578.6678136612468,,0.1605845336452153,1,60,2566.2577484476496,61986.85560772547,0
2189,2022-06-14,37,46321.70774095286,22440.57967441785,565.6604463761071,1.5887511490373418,0.2336187765250274,1,48,2167.5087842817347,47502.97931368635,1
2190,2022-06-14,67,35204.903388108,1316.461198974721,647.0842615816575,,0.3618446068502126,1,36,4071.80938574109,71715.64401956208,0
2191,2022-06-16,37,35775.94294849266,14218.062073652003,472.1500518493002,,0.2538378100192466,0,60,2465.9305596801364,38286.00798860773,0
2192,2022-06-18,60,50548.62593233618,5957.066233076597,636.9738132865555,4.968929018205315,0.4488581515870129,1,36,2840.8329420477294,30172.61580441152,1
2193,2022-06-21,35,55164.13162079472,21842.35370561851,761.9447698629482,,0.5040341927386871,1,48,3361.4473810668937,23783.36249969329,0
2194,2022-06-22,44,12348.975222845604,25669.99238902013,490.9460796325752,,0.4399366311868034,3,24,5384.973891559933,40354.66983699168,0
2195,2022-06-24,65,37431.812443268325,19035.96541484245,615.1764934088317,,0.5928181459491302,5,12,4154.750718262371,54040.96587380451,0
2196,2022-06-25,22,41372.37139601509,10537.217157972504,547.0414257762712,,0.4123739944183014,7,36,2367.266552581947,41486.87549903935,1
2197,2022-06-25,24,48222.07570873845,9011.318778613648,634.0709764954429,3.1220165905204045,0.1674654934489749,5,12,3523.14290487445,34627.07500535479,0
2198,2022-06-26,39,41694.88651476963,11705.371221402387,601.5318221932602,,0.554506477030751,0,24,5397.473033953131,58847.80652975819,0
2199,2022-06-26,51,46107.9987370972,8271.004862621676,548.6810472764553,8.11679863555021,0.2592265646591004,3,48,4102.30749386951,47933.381441995065,0
2200,2022-06-28,60,36445.61290083781,13726.070807904334,639.0297827896859,1.0494767447084294,0.4865627749528355,4,24,1335.517883959508,38298.45255070138,0
2201,2022-06-28,30,27912.08567119863,8993.0766630156,744.3478487829394,,0.5860601324832659,1,12,2189.284047536128,28501.130898323678,0
2202,2022-06-29,69,51762.9264997835,3946.8071216557073,584.7276966618161,4.2599261491231815,0.4185032016095598,1,48,2093.413955204433,36183.35812702308,0
2203,2022-06-30,49,52238.589834767256,18045.171423561274,657.5806353718546,6.165989036987578,0.1255761780253025,4,60,5134.245615033294,47091.20834135359,0
2204,2022-06-30,41,49777.50598253579,18662.59217000533,496.5381633703069,5.103377196270866,0.2122681750235312,1,60,4903.684878162902,28294.76685827363,0
2205,2022-06-30,33,52446.8622116038,28595.35993921352,523.4850898545593,,0.5484116700327704,0,36,2552.0371111013146,21495.205918487613,0
2206,2022-07-01,31,25424.086596172998,11534.450005325958,637.7925022304302,,0.3246315971535775,1,60,2525.1080585741715,32797.73115097476,0
2207,2022-07-01,56,32388.473307449534,1000.0,718.7292822828772,,0.3619360302413248,2,12,3389.198061661188,39261.85461883392,0
2208,2022-07-01,24,56797.999449036186,21522.411381281632,628.4490679028528,,0.4638236624245413,0,60,3426.6696409501583,60449.35247748665,0
2209,2022-07-01,61,45343.49684301461,22422.05003878023,574.9553575581476,,0.4544484293120485,3,36,2130.4259216795867,22599.439452062208,1
2210,2022-07-01,29,40842.50884700677,24136.013104658792,599.9433124338683,6.984880984513966,0.3918199718578191,2,48,3021.919989710155,43401.22145399274,0
2211,2022-07-02,37,36221.608737513554,26770.59469372769,499.9673812824226,5.417891972377092,0.3186997443169301,5,60,1516.3292460168216,35836.42790039153,1
2212,2022-07-02,50,59018.48192756329,26884.245832142693,648.3612261084294,,0.3030997331401464,3,36,4923.734214472129,36580.88821115909,0
2213,2022-07-03,23,13443.49146195663,7185.7884173342245,670.5866449858727,,0.4786848237937014,3,60,1132.920192293734,63090.49454326385,0
2214,2022-07-03,57,44411.09444228417,27384.620438646903,563.8327733733536,3.4690998952300918,0.4330354296601689,1,60,1119.034055967399,41218.18205988051,0
2215,2022-07-04,44,39000.82965991742,12375.71756144902,562.3966281792399,8.313849696320645,0.3114049999073315,2,12,3877.1326514732464,26296.67632426332,0
2216,2022-07-05,30,21212.257116884917,21387.494623069204,621.2702583721639,1.1378445435467848,0.5123168469489711,4,36,1787.2380360407658,53331.20082318408,0
2217,2022-07-05,22,64249.61768483343,17075.94176824677,565.0624211167524,5.923988232892544,0.3306448827305324,2,36,2707.127135665158,52228.61024960294,1
2218,2022-07-07,41,5000.0,7218.007165225726,594.7093908299343,5.0862736731569145,0.2222506738498409,1,24,3412.299409711604,24982.4333211758,0
2219,2022-07-08,27,41818.82125148041,24282.86677965196,767.9777431333213,5.985586073678151,0.2361543951644982,2,24,4177.459370666879,22105.949054694327,0
2220,2022-07-09,63,47926.928377355645,11351.187874268437,580.2379439403203,7.153325079009667,0.203188874553535,5,36,3056.9806858972406,46157.79587060605,0
2221,2022-07-10,49,25374.08911869381,29870.19542858122,571.3327878383022,,0.3091384975094469,3,12,5557.298079933076,39505.46621887566,0
2222,2022-07-10,26,44158.90441549244,8894.05441071375,548.1966555491873,2.332614500567626,0.5350586417504289,1,60,3332.784597508447,32941.25942936609,0
2223,2022-07-10,66,36632.76768304858,6964.390868924252,659.535357719995,5.64610513248348,0.2292357228454236,4,48,4821.826718656762,55844.47761982555,0
2224,2022-07-10,52,54820.73971920012,9697.035122967452,585.5020661425517,7.893913740244795,0.3782713641527154,0,60,3681.52805879145,31115.789559463632,0
2225,2022-07-11,61,92705.14469598189,26961.61019543038,548.050156934286,,0.251496598155888,2,48,5997.345530842497,46323.44353755081,0
2226,2022-07-12,29,45078.90624683823,2462.400508582632,705.704322581841,,0.3109536438092843,2,12,4656.287713238569,57619.66551926182,0
2227,2022-07-12,28,49060.71489067833,22304.531755488457,713.568240361091,4.100143609551507,0.1234938182022121,2,24,3387.6705526741,34913.03709777722,0
2228,2022-07-12,53,25372.66080695416,29658.88407491955,551.9661147409035,,0.3169192656265194,5,36,4119.371729467684,12563.518979061631,0
2229,2022-07-12,25,43221.98522468955,13644.946212331386,450.6768038911507,6.362764980761641,0.3209441930292557,1,12,3007.313513919669,33953.98324907726,0
2230,2022-07-14,27,34404.82522775287,11855.30892965856,680.6010951869538,3.3615321395734354,0.4310431916053542,1,48,2994.7085353894363,42839.25612363157,0
2231,2022-07-15,31,51682.161527918346,15639.167623704385,545.2296139391997,3.398905037497354,0.3834921369883055,1,36,1704.0697982888516,55045.08914144211,0
2232,2022-07-15,47,18609.410060244136,6020.726705587918,663.2500479330215,5.780001982627895,0.1702411812571932,1,48,2323.0063302494223,32182.58964646152,0
2233,2022-07-16,18,23897.33429655063,36186.113863218096,442.3916945830532,7.795615615333679,0.5126297366065313,2,60,5909.547564777985,65846.40169694822,0
2234,2022-07-16,29,57700.28969043959,20358.48343736116,671.4077870639447,,0.3815454560332992,3,60,1828.294119235109,20517.66431899388,0
2235,2022-07-17,22,43149.82291120745,5235.872383292532,503.1062456575375,5.324901908108253,0.379759027576623,3,60,2513.967442353785,42462.15496820982,1
2236,2022-07-18,31,59857.36919081362,8542.499445310626,658.461129525322,10.770746788405413,0.3486226469922291,2,36,3216.184987134455,36412.55449436192,0
2237,2022-07-18,53,45456.169662404034,16433.07032194392,601.1418454269148,,0.272336382916667,1,24,3257.82171489262,60206.36339709969,0
2238,2022-07-19,34,47646.68696040676,4644.6119528135405,523.6848464482684,3.984527975675468,0.3826703509623089,1,24,3812.9906079970337,17895.29228827087,0
2239,2022-07-19,39,35357.44925860307,2965.4312552982174,567.4370949658576,8.308113969394919,0.4213382653892873,4,48,2746.9324481907547,46384.52137203885,1
2240,2022-07-20,48,37095.5896056453,17350.14464783552,654.9054765565361,4.281443835900492,0.0879656462981667,2,24,3890.053792078755,36336.52552157934,0
2241,2022-07-20,43,54466.26187180524,23047.986717061456,608.4715562492188,6.810663937698388,0.2691858743980856,1,24,4761.31513476674,62937.11424528985,0
2242,2022-07-20,30,37851.4668712966,22321.775700035367,646.7530384377988,6.62041083682114,0.3117579544394616,1,48,4916.623763310209,27571.61978166128,0
2243,2022-07-21,20,57753.03167152905,14522.099441496124,758.1152467612388,,0.3884255908541417,5,48,2998.9435825372834,46229.77393741656,0
2244,2022-07-22,60,38352.19543292351,12803.924739017846,474.8606710631159,2.8275212935305225,0.5289966508890689,1,48,4097.512619462039,27427.126893432272,1
2245,2022-07-22,28,22305.408484829743,15413.361511203468,729.37700599749,,0.2342388778104826,2,36,1900.6663056568475,42820.93266134274,0
2246,2022-07-25,22,20938.65317617454,22937.01631005648,608.3484750018571,3.577732437935713,0.2753057229773237,4,48,2431.18827674292,34459.52690903842,0
2247,2022-07-25,55,37423.95986657398,4945.855884323932,528.0972761341498,,0.2731198834030174,2,36,1866.166584970156,34221.55367113863,0
2248,2022-07-26,21,53736.09728736317,8780.658862406464,493.5749099408808,6.267454511699874,0.2297708614843187,2,36,3276.1524723837697,10188.470428440283,0
2249,2022-07-27,49,30023.6207787732,11977.87221286088,584.8703687378373,0.0,0.2979220257331606,1,36,2259.309237883403,46218.76096537145,0
2250,2022-07-27,27,50976.79729588328,13062.08523456746,673.7320089539568,6.012969014155786,0.4656203329981956,1,48,1432.4663848273403,23766.41294572225,0
2251,2022-07-27,27,41511.02869476277,14564.232663218309,589.7960703697972,,0.1919246756953481,1,24,2850.826805106896,23249.80577422163,0
2252,2022-07-29,61,49093.14664026404,14800.778509097445,720.8923944197878,,0.4141721592729354,2,24,1172.6036136071432,16670.74891661838,0
2253,2022-07-29,35,35654.692408696734,20392.1976866385,483.90594479587526,7.96676604430368,0.0947146654972496,2,48,4992.324712891011,24159.25962401519,0
2254,2022-08-01,64,42745.14925560981,1000.0,599.0328841723157,7.225908934350132,0.265799300533669,0,24,2636.429506779241,47507.19649493779,0
2255,2022-08-01,40,54081.14762584858,2188.479580177056,499.80852444695046,0.0731294130746516,0.3005766049673021,3,48,4564.978425380995,46767.599327296135,0
2256,2022-08-01,35,39742.42842117686,9678.445052283629,629.0905506099974,6.493111874654403,0.6012289509371097,3,36,2718.2489707896184,49955.66440811844,1
2257,2022-08-02,52,32127.178300985084,21908.71484736079,670.950991207784,2.4781233048995057,0.3087796542870967,1,60,1839.6610508950823,24595.28660732784,0
2258,2022-08-02,20,12733.819187522164,9784.401769155644,566.3390565055157,,0.0198134789823622,3,12,4802.738297528232,43221.72438359086,0
2259,2022-08-02,18,48122.987446831685,14671.342085805722,391.6628914698293,0.6221173455935931,0.0501666639708124,4,48,3444.212812218006,30769.24700493819,1
2260,2022-08-02,34,28425.181091920826,16025.12338409608,615.9158517437196,,0.3551044379520021,4,36,5691.969940723703,54320.94532507473,0
2261,2022-08-03,59,32191.76324419875,17528.774043685018,634.9390841386808,3.976900803443116,0.4420656283684863,2,60,2750.1796755418145,46390.20932266453,0
2262,2022-08-05,23,23937.14056672555,27516.60089759734,632.3435803969359,,0.4063183786440879,1,36,2777.1704588752923,30152.22509929581,0
2263,2022-08-05,28,36548.72857582966,20557.1534267033,698.8625753457724,,0.3751355158701485,0,12,4589.32188610722,55608.63302977356,0
2264,2022-08-06,31,71463.15872570597,22979.705139089805,514.3157056280761,,0.52433893962585,3,24,4598.02414645714,47610.16510961987,0
2265,2022-08-06,66,45280.58665011427,13985.629007034351,654.417288436036,,0.2690613168894302,2,24,3525.121316476648,19194.95759629263,0
2266,2022-08-06,45,30337.92763219726,26788.03084023936,695.400600998238,2.4250032019355205,0.4842365834040237,0,36,7502.418570593513,14927.167280026366,0
2267,2022-08-06,56,33155.44911255647,15572.86129813778,457.71299327947867,0.36321263099624,0.1051977672460373,5,12,2982.6323429328945,19784.712692100733,0
2268,2022-08-06,53,18419.05375080445,1000.0,625.5721460735182,4.130256911077625,0.21425782505929,4,36,1746.5042871220614,64737.72574789957,0
2269,2022-08-06,28,23040.82114074132,34667.093302621324,559.6656135193863,,0.0789437907602275,1,24,2080.1395326074394,24768.060609453547,1
2270,2022-08-06,68,20657.249210486378,15369.460817522198,593.4781861518684,1.8032770694417453,0.3087732048995311,4,36,2989.9089716343,68142.10311522732,0
2271,2022-08-08,58,44054.98124741999,19238.180012921373,627.8141186830669,2.1529591059782307,0.3430608174100486,3,60,5231.802090197897,23990.221254184107,0
2272,2022-08-09,57,46700.678489063735,6451.124300919986,561.0217148709158,,0.367115223833978,4,12,3100.403505649984,22392.024170839835,1
2273,2022-08-09,69,41163.97704761617,32576.955592843708,545.943353667071,,0.3592825029330702,3,24,5290.8984562910055,53199.28721594893,1
2274,2022-08-09,21,45547.61036129569,8653.968682555591,602.732193399042,6.739728183793905,0.2108670003782408,1,36,3876.364727555989,53882.84966353655,0
2275,2022-08-10,65,28506.95364481947,11918.025519256102,513.0203248909758,,0.3214638733380176,3,12,4687.544953783979,48337.37760450429,0
2276,2022-08-10,23,22775.847484081343,2767.243464701327,513.1339896891852,2.5872302313384035,0.1253829997091377,2,36,3817.2941166168384,50141.65440687467,0
2277,2022-08-10,55,22680.747634684525,17916.621568222065,654.3498626365202,1.2514300961982323,0.5544843462698376,2,24,3807.393341610755,27975.673369625,0
2278,2022-08-11,36,22016.108928044545,12747.876965836487,508.0964771873075,,0.3044560890652998,2,12,4274.221584715927,52495.04793220974,0
2279,2022-08-11,48,45380.120590767154,2651.246492463695,653.3050000727369,,0.2766670821434462,1,24,2624.947730726152,43599.95007577902,0
2280,2022-08-12,19,70205.4752430228,14459.43257769082,637.007303428316,3.683605308772537,0.5883410492666123,5,60,2638.691402648974,34520.86915624161,0
2281,2022-08-12,60,24290.88939863441,15758.359677408567,461.9354616967522,9.285919836886611,0.1636630199676156,4,60,3770.267066039076,41419.29846677151,0
2282,2022-08-13,42,34870.81282253122,13020.191935672106,545.7948278131475,4.196460752659094,0.1811619328952046,1,48,5759.722677715861,55909.68727223918,0
2283,2022-08-13,67,43043.40068899188,1000.0,695.5287522437898,5.832958377530676,0.1855669512697152,3,12,1407.3918017496082,45877.75904436725,0
2284,2022-08-14,58,35814.87967737954,17326.366457838052,521.5067575088254,0.1655516843732805,0.3398192927450777,3,60,796.8513090332993,7632.968609494794,0
2285,2022-08-15,65,44994.25300735184,4858.877626825572,562.847659015249,4.770945025427691,0.4147447444456396,4,48,3003.653538047567,53368.41806937816,1
2286,2022-08-16,28,31369.136809942807,22113.736128382938,636.9648714601517,,0.460951320217675,1,12,4621.892183950514,52219.58070193824,0
2287,2022-08-16,63,29794.98233231401,10556.71210386928,662.6712407426077,3.479108138912842,0.7357992976242453,1,24,3397.55344043356,34314.029805391685,1
2288,2022-08-16,57,37264.8945507457,22420.951124922296,579.8768891164403,3.302417237456919,0.0125851318698854,2,36,1871.671024814527,41751.224398286846,0
2289,2022-08-17,62,44898.42145507194,15112.662878414209,552.1991844246687,,0.4413103383686625,1,36,3432.2002044163182,41691.09626738998,0
2290,2022-08-17,59,59237.38055911903,15523.158563479628,713.7895889358806,,0.2664304141141653,1,24,1167.1168172293849,10308.106360348476,0
2291,2022-08-18,61,45649.53064269724,25210.37911626085,739.1119731038063,3.395696269475599,0.262037727666684,0,60,4119.479659426052,33974.945363588355,0
2292,2022-08-19,38,36217.64723746632,8477.875005123353,678.3086440625436,,0.2570341807619183,2,36,2946.9483127669687,34555.34383079638,1
2293,2022-08-19,20,52461.90884654964,6233.808535120417,606.8254514052019,,0.213684549378804,2,24,3230.792708901546,37619.09696720057,1
2294,2022-08-20,19,55001.513458083726,19445.613916316663,535.3387422687259,,0.6026787251905177,1,48,3867.315171472261,32112.283541985333,0
2295,2022-08-20,28,35449.796217702184,4487.609254751207,533.5644474754748,8.300149824929061,0.4763445990520853,1,48,3590.4444800534698,49942.62653835073,0
2296,2022-08-21,41,37810.70503256449,8609.770218413985,641.8011284212606,5.047845970263125,0.3534793967836062,3,24,2656.7588661694444,27863.06652153015,0
2297,2022-08-21,67,33593.45475546809,2366.707092620434,633.4718576710947,,0.55265236287305,2,12,4625.349380391422,53651.15749035329,1
2298,2022-08-23,41,52313.54958153787,24214.58049775504,712.1278874357143,5.896651331238976,0.1231206552051686,1,60,4329.49903913215,49236.131250956496,1
2299,2022-08-24,38,41112.85856019327,6978.599394554083,652.0360074028911,,0.150394230300361,1,60,1115.4780930530023,60406.275817023874,0
2300,2022-08-24,42,18917.216033233544,9765.764992294022,479.75357585921455,1.898131680017772,0.0233048401707968,1,24,3045.529993992585,66006.9855120558,0
2301,2022-08-25,21,46092.38245195846,4679.580060406737,684.1558094178334,,0.2450878189815068,2,36,1982.9748412129863,66106.77732123339,0
2302,2022-08-26,57,62344.52925082517,11916.629550705478,520.1551498148469,0.5188460013883205,0.3742547790057129,4,60,1748.2607093390552,22215.73053447957,1
2303,2022-08-26,60,63529.03159656885,13856.445083689348,569.2822982438119,2.553889987768357,0.36542878668985,1,60,4002.2503627228575,45162.78753392692,0
2304,2022-08-26,64,32813.393557046315,21607.81645149606,620.0160165001356,2.310108317682801,0.372401286658982,0,48,2809.2567325017826,29233.206155298867,1
2305,2022-08-26,40,29550.854737116344,4424.349424557378,759.6533991827172,4.5768668908200905,0.1383414753400877,1,48,3154.8687721503206,89204.49384533676,0
2306,2022-08-27,41,68468.02113698686,10192.624536637475,848.7934844804289,2.7493274422280525,0.4704732113921033,2,48,2496.227166112008,49211.070384771854,0
2307,2022-08-29,38,63500.55582166066,26381.90774042656,648.5378447308947,8.812995728726365,0.3859441277358497,0,60,3796.052649358118,61244.67984540691,0
2308,2022-08-29,19,47009.54051942322,23328.47843954645,585.344270502369,,0.4599581422198997,3,60,4181.266939982123,46530.54255247733,1
2309,2022-08-30,40,14317.11459816408,9577.557794021835,642.760451878444,4.956138971783136,0.0660856733614922,1,60,6046.151912053739,5000.0,0
2310,2022-08-31,68,30905.19122143364,14604.214917410887,671.0124340699069,2.3654600462494138,0.3967236288196684,1,36,3107.115502710644,28246.52452575664,0
2311,2022-08-31,32,23596.61971516768,30744.28191446546,574.3465899554246,9.204075958049245,0.1718352140123709,7,36,1522.811489863944,29716.255889705382,0
2312,2022-09-01,43,67185.3443876424,5448.141839660035,743.6169084729858,,0.2904015121172957,1,36,2703.466220293936,34147.9708365456,0
2313,2022-09-01,43,17116.301122241774,1000.0,618.4056607353122,4.247649233036665,0.4301547347954574,1,12,4392.158235060404,45393.52450380145,0
2314,2022-09-01,45,67054.7289443129,10711.245260654408,639.8194471273115,4.591804340198303,0.3636640409383869,0,60,2367.5268456704484,47519.99086621548,1
2315,2022-09-02,43,38417.127590108656,14332.976883280731,653.2739401643569,,0.2222690030331021,5,60,1480.6738340146076,5000.0,0
2316,2022-09-02,62,22034.5097368723,8582.43635677515,633.7269288491565,7.538334670091673,0.3509409734276627,1,24,2393.561225473245,36446.20653735906,0
2317,2022-09-02,19,54801.97652555558,22815.27946733205,667.115240037569,,0.1202697027134535,2,24,2666.6259361466905,32711.85817921511,0
2318,2022-09-02,52,49442.41233999387,16685.245520252098,550.6197450762461,2.222168398244821,0.5225401093847444,0,12,1979.996398377513,60715.57485553737,1
2319,2022-09-03,49,21006.66003493061,10164.577856284057,555.3358596843176,3.043143633438246,0.3192073970755623,2,24,3605.17897597888,48883.66906120648,0
2320,2022-09-03,47,39621.35412004774,10688.104092999129,511.9876613622644,3.1927666339022176,0.5177824916382989,2,36,3234.5554818249334,37253.83716394295,0
2321,2022-09-04,63,60633.52586796,9029.216852824957,635.1600984496181,,0.2710202469355935,4,12,4320.464884356829,43355.21235794023,0
2322,2022-09-05,37,33851.44715808244,21637.871047898952,662.3149202809691,,0.2714636017390125,2,12,2776.0085396763466,14694.654434219094,0
2323,2022-09-05,30,65195.92714558159,11219.728117743802,636.6218292921509,0.8808835029209741,0.235371982004323,2,12,4030.91429404396,49920.28067247711,0
2324,2022-09-06,44,28828.25724824273,5456.7161658673485,733.959394667803,,0.4814260897539613,2,48,2717.9948408037512,34066.916191108416,0
2325,2022-09-06,40,15669.604325686983,22695.21104411202,599.5523184936762,,0.2435853264007286,0,24,1921.3178810724128,27889.318408573647,0
2326,2022-09-06,33,40678.23575646264,12788.780134095994,653.499332447401,6.601274033742537,0.4466893148622765,5,60,2654.5594142759173,59713.47759754385,1
2327,2022-09-06,48,18090.35950483272,4120.801175006427,512.6639299088548,,0.2926321403496064,1,48,1310.4993470204618,44103.7123401639,0
2328,2022-09-06,29,41873.30934851517,28702.57375892873,569.0320238020479,3.841806633098168,0.053605505016257,6,36,5568.602883312057,30018.53604728957,0
2329,2022-09-07,50,40077.14712211701,19884.375493045503,655.6430206052622,2.8355839441876065,0.2644528898320301,3,48,3511.458018065836,30934.1028062578,0
2330,2022-09-08,55,28616.10188771144,15369.992496524012,667.9281688594515,7.27254964388842,0.1731337678455727,3,36,2339.074720420255,45488.59509460741,0
2331,2022-09-09,62,68180.23719757536,13305.23155568989,576.4826441868654,4.671378579092562,0.3550854085523506,2,60,2861.2781304807577,44322.56944710943,0
2332,2022-09-09,49,39940.36493070126,12757.282341259355,594.2720598513547,,0.1714388396488264,1,60,416.6666666666667,40441.37577136667,0
2333,2022-09-09,19,52965.48019584393,12594.09072373308,478.5701002655353,1.4709865602798522,0.4888962651071925,5,24,5126.274864673105,21949.654171060683,1
2334,2022-09-09,67,53930.76748342311,12811.41165191181,571.4376639354713,,0.3363386209470459,0,48,5004.0183886011255,24168.039698361077,0
2335,2022-09-09,66,66415.16845501028,10282.357643910163,671.2306530815829,,0.3233606007861891,2,60,3467.7607135334542,28775.290327506133,0
2336,2022-09-10,68,21858.719984273663,14173.201783331784,646.0164012885253,7.541940277134821,0.4483838206681373,3,36,3732.661203412592,37057.80353870896,0
2337,2022-09-10,40,13637.910668615365,10124.174459924743,640.0532577104967,,0.4945860401113793,1,60,1748.737362176258,39380.3340533824,1
2338,2022-09-11,49,65860.31073348258,16787.63428911213,603.9818949744769,,0.3469851872345522,2,24,1839.6209642576869,37600.4346139768,0
2339,2022-09-11,32,48716.81417745586,14812.183382489766,600.5650526902541,7.953712074915273,0.2343199550676064,1,36,1211.7131468486684,38286.32558394275,0
2340,2022-09-12,57,41894.665207020495,9396.204482122166,547.1743088421242,7.1377610251517645,0.0839045575831805,2,12,3131.9982261163445,68218.68396881604,0
2341,2022-09-12,58,38000.536495091066,14305.434325696346,655.9062736162027,,0.2470925364447229,1,24,4659.627589415749,52738.751298897565,0
2342,2022-09-15,57,35340.296772275775,19343.514096039104,633.6778355511511,7.273811060124897,0.2574181630028057,1,24,2854.315047455402,57823.25134822355,0
2343,2022-09-15,25,52917.49353973271,1000.0,639.3615078394239,2.6235770049705183,0.3660586179488445,4,12,3767.9531210553546,46963.959873459695,1
2344,2022-09-15,60,18343.44916635187,19625.58646229669,557.9172125865936,6.216945538355728,0.2982279678292959,3,60,4556.875701950291,41086.04008474372,1
2345,2022-09-16,67,47159.97184634788,5188.957825948104,427.7325664103005,12.275690070410864,0.4531899458077142,3,24,1303.2074858607857,46149.37359421319,0
2346,2022-09-17,66,55469.74092900237,11328.932192753837,687.7722169402956,5.691646514672712,0.2580525093093965,1,12,5640.290115057429,43387.3025892316,1
2347,2022-09-17,39,51148.78158434575,1000.0,561.6930035193277,,0.3414438249720587,1,12,4779.9838176224175,52119.673129173294,0
2348,2022-09-18,55,38929.140464272576,19525.2936845214,530.9779388765503,1.058597386777484,0.5275981164795334,3,24,3975.699230533866,25372.89300027349,1
2349,2022-09-18,51,39960.067180260165,9078.111916040303,655.4783129531195,,0.4012737820932449,5,48,4488.451496503424,50871.20641924641,0
2350,2022-09-19,18,59285.39905858114,11001.517263820751,568.6389888064697,7.993710109029132,0.3409943687467153,1,24,4547.1787124271705,42505.88003165953,0
2351,2022-09-19,27,48728.80284157468,15725.28106491339,684.7949107237298,,0.2597083337097234,5,48,3699.1331915705982,12893.694435262914,0
2352,2022-09-19,57,66327.71506049071,1000.0,649.3604759661358,6.622849413881276,0.2550152904927534,1,60,5118.680774449044,41285.82529946639,0
2353,2022-09-21,33,13859.549473165538,15496.466117643173,654.6855458560382,4.210046714869938,0.2224080120572078,2,12,2767.507897561516,20406.73298666224,1
2354,2022-09-21,41,53600.73525776325,20185.972346939267,490.7235431039573,3.804609961598268,0.2688489701325651,2,36,3910.597339827581,31975.034899209248,0
2355,2022-09-21,63,27830.968997785058,16393.61073887257,696.9555188309121,6.467864118738766,0.4633498758116471,1,24,4985.386834895909,37612.14010367588,0
2356,2022-09-21,41,38906.335482637616,11849.195711015016,620.9000424987084,0.0,0.3167167593061596,2,36,416.6666666666667,17393.471967374917,0
2357,2022-09-22,65,60640.09729545782,15329.225011225317,570.4578288603037,4.425950754931084,0.1475340395928153,2,60,3880.78751580103,39193.88225640668,0
2358,2022-09-23,31,24964.71835104246,14396.061028429309,611.4710773873801,,0.6152253939589675,2,24,4239.089556387527,41027.02115605763,0
2359,2022-09-23,43,71734.19774996882,21068.285920840783,457.9011813681344,,0.3979947786717744,2,36,1197.78162597778,51326.10597695328,0
2360,2022-09-24,56,56584.910916747554,25040.081734908006,632.6922249184537,5.021038038043319,0.1389584899230246,3,60,3685.608440854063,33193.51974573693,0
2361,2022-09-24,35,48688.19413654038,11713.332587422665,517.6502793454342,,0.2837226609138764,0,48,2341.200857883785,44117.12506479234,0
2362,2022-09-24,37,26019.447016189697,16852.22264240379,491.78637713251726,,0.3666329574242626,4,60,3829.341185322379,38568.80876329284,1
2363,2022-09-24,58,37304.10452821296,9659.3368235284,478.2112651025688,6.154533478678754,0.6056888139946065,1,24,3214.5842128198947,33725.93895697535,1
2364,2022-09-25,53,34624.32852651597,18333.66255712777,689.015069999194,,0.1837831312611696,0,24,2150.4231218704667,14941.34057289446,0
2365,2022-09-25,41,21515.31210965952,18680.99433310536,549.6589285045769,,0.4964061079033919,1,24,4720.412912835147,38325.995390057535,0
2366,2022-09-26,43,56406.48471142733,13665.64838096365,722.69821679332,5.281848325365252,0.5599229640458514,0,60,2810.377053346452,51167.68746103754,0
2367,2022-09-27,46,33934.52011479512,19152.13584512543,557.1358829558162,,0.2557018542388144,1,24,3670.788075860312,25994.24814122325,0
2368,2022-09-28,65,37366.78122053501,15025.542787144424,463.4113633925642,,0.3083729571709649,1,60,4975.892862688456,36733.242080525895,0
2369,2022-09-28,39,38124.44073519401,14615.481249809483,510.6780448041073,7.977122423979357,0.1945536128939344,2,12,2187.465215354357,38942.69010358548,0
2370,2022-09-28,28,36787.35844944147,7957.08229306724,698.8649296005551,1.6107124852670118,0.3194808288379542,2,12,3343.394893299368,56536.60947672645,0
2371,2022-09-28,58,47956.88184908558,16375.702582867478,587.5281457650666,6.892337810756368,0.3445115038485603,0,12,2714.174402029159,40451.61735784061,0
2372,2022-09-29,66,30659.905340246834,10376.67579222058,556.1370162807519,2.78664457806254,0.4489474997123555,2,36,2993.1087776611785,44321.31062969637,1
2373,2022-09-30,28,55274.77891838449,21957.45411536332,612.801458068223,4.639959990114458,0.513527520653067,2,12,6028.439843216405,39870.159294046905,0
2374,2022-09-30,69,31060.799333256466,8254.397885690689,640.1426188934036,7.550281107986109,0.2377855903067529,3,12,3904.303188421183,32615.41262539785,1
2375,2022-10-01,20,39572.10312835383,17150.717788467584,689.3919052721968,,0.0549012403661008,5,60,3725.324179111091,22982.891236637348,0
2376,2022-10-02,38,20401.09590315536,12915.014950894109,715.879938391434,,0.3468132831085637,2,60,3988.4425007476575,35723.91853893076,0
2377,2022-10-02,28,56074.95969317125,17130.572602410917,571.2185083368731,3.8957328147587735,0.394030629495296,1,24,3871.157867811416,45900.3895668881,1
2378,2022-10-03,25,59887.31075459178,14533.596301895424,493.91618511343694,5.363178087420989,0.3874126531527562,2,24,1051.0664096018545,41846.14551999366,1
2379,2022-10-03,48,50738.07254265385,8455.981997441471,566.922787110138,7.048742433721773,0.3009990128736434,0,24,6204.284358986093,62192.75394571231,0
2380,2022-10-03,27,42556.21403217379,23750.282108219548,620.8224405266309,2.332722123439786,0.3687128149495901,5,60,1502.8714269100276,54187.780549257695,1
2381,2022-10-03,23,39457.84604169193,7902.649208759973,522.8992859031512,3.337691198870571,0.5773167212528372,1,60,5499.076165866186,58608.36850782214,0
2382,2022-10-03,34,16566.47715024604,20140.594313237296,523.4279268083966,5.645663971563293,0.4072601253443764,1,12,4105.852539611148,9515.850855230718,1
2383,2022-10-04,55,19678.875110615856,1412.9611228394788,627.5030305239908,6.63746951519991,0.2939947362495373,1,48,3559.3071060014227,63690.013785759314,0
2384,2022-10-05,24,51257.44048788602,12688.62389949801,596.107811874364,5.608685656375407,0.2749703274356006,2,60,2951.4771132375317,44002.17392990718,1
2385,2022-10-06,49,37288.37360893864,27233.48898776561,602.623759632927,,0.3245221463483403,1,48,6589.784022199955,46133.881936327016,0
2386,2022-10-06,30,19611.628341075782,12796.412277081528,539.3203732239945,2.781420321018245,0.595510994274596,3,60,4088.945283551366,53440.41018491771,1
2387,2022-10-06,23,18919.893293426056,15771.782569073674,581.5679428635386,7.661402837464242,0.3225048935710704,4,60,3355.4434144813326,40319.7596262044,0
2388,2022-10-07,20,49523.69381820484,27820.88617503322,526.0613484585357,8.640621707163923,0.3470308483218938,2,36,2664.2549526954085,23944.29178745023,0
2389,2022-10-07,44,53109.6171404757,13857.415616324672,671.215872889983,,0.2776529643595545,2,48,2514.3979973994765,61711.11449694508,1
2390,2022-10-08,62,16991.20966695648,17072.049274053206,682.8199467779002,3.5768025158888257,0.5148475036162947,2,36,3396.596892298601,28476.66909814169,1
2391,2022-10-09,59,42280.93988730098,19837.11107639645,452.3049710209525,7.051003583685675,0.6439755882117012,2,12,2170.0795437567795,25214.239307762316,0
2392,2022-10-10,43,45818.315756198295,3962.458816536795,525.6391311846072,5.501856357363497,0.4175919574147082,1,36,4182.897143264266,36485.48627491243,0
2393,2022-10-10,21,31245.09314041873,11115.905189604508,480.27765959279367,,0.3624159355678138,2,36,2526.280374287912,34209.94098180198,1
2394,2022-10-12,54,58595.99961967933,16038.965338121185,547.9980852474481,5.813048840721661,0.3555174249761352,2,12,4589.527726390614,40057.10251342189,0
2395,2022-10-14,38,34828.71973481965,2233.136160267793,593.3249624167711,6.139152280559041,0.0,2,48,4561.567559972442,38526.8758054171,0
2396,2022-10-15,68,14247.137157169462,25958.43636154074,484.0283824241176,3.7783770844484414,0.4617726296427226,5,24,3264.038734428093,60206.94651353862,0
2397,2022-10-15,45,37080.37953128512,21051.31638441956,526.251214949975,0.0,0.3701249623993765,2,60,4058.7111206520544,46889.838985783164,1
2398,2022-10-15,35,60519.54103037801,19859.868480134453,519.6834102334801,5.579979856401815,0.4142513075991087,3,48,4121.288220241831,27133.045313006078,0
2399,2022-10-16,49,34818.17878573104,25559.97158815738,616.5813863519155,7.069773517888438,0.2432806708874442,0,12,1505.4188219023329,29192.436123136074,0
2400,2022-10-16,56,24296.822458352515,20785.96784333758,605.5475469629,,0.2923314681534362,2,36,5497.949569150364,34177.170285128785,0
2401,2022-10-18,50,49423.120176945085,13160.876778815502,542.2609957330197,2.7619784939122773,0.288346259524524,2,24,3013.6536904743903,34236.98492844262,0
2402,2022-10-18,43,43876.0257330195,1942.051284837053,614.1456697711518,,0.5032434476109557,1,36,4202.800225102958,32278.837947798143,0
2403,2022-10-18,34,39956.03172240567,9550.304786631485,556.2655932330188,12.371280125443146,0.293186024509536,2,60,4237.862722149363,23473.869729346094,0
2404,2022-10-19,69,47156.865546818655,9782.10133542012,578.2675911739158,6.055313021466207,0.6623990483164697,1,12,416.6666666666667,44356.03206154229,0
2405,2022-10-19,46,29624.655113763736,19950.306481089006,733.8761672238829,0.0,0.4146293628522556,2,24,2512.1718398964967,33165.9324619178,0
2406,2022-10-19,37,30999.706275190583,15647.15539985372,707.2368841432278,,0.1586476010006402,4,48,4383.794358865904,25722.97811432436,0
2407,2022-10-21,47,50912.80290788456,2476.2147014867314,496.0335010457922,,0.3307180560122064,3,48,3411.1489076273374,47282.12792639036,0
2408,2022-10-21,67,25504.176110030807,21921.056729279862,666.3785934303339,1.284891973280213,0.2522487316765376,1,12,4194.54500375592,52717.32998159936,0
2409,2022-10-22,22,64223.58888957733,25634.911929715272,664.9117243593273,4.610468221131464,0.0208426295269963,3,12,3448.7915351398133,36315.44353299658,0
2410,2022-10-23,23,58440.53775373258,26804.31163334888,508.13893689979056,,0.5899206410170683,3,36,4870.060575587265,66722.29546777773,1
2411,2022-10-23,59,22838.257170646928,5960.578548639429,665.5022115003889,,0.4554713813330006,4,24,3475.875693888847,73232.8104854676,1
2412,2022-10-23,68,62137.14468154501,17572.561861221428,723.0345534730043,,0.4299810976848968,3,60,5113.4447043089285,47453.35230041914,0
2413,2022-10-24,27,42282.90669701627,6949.037895887958,510.1964155004469,2.8998770736719504,0.3748105490449556,1,12,2108.297611818278,32967.839212084735,0
2414,2022-10-24,23,60771.81261052436,30513.477605701264,526.5997743188589,3.983507187288943,0.1426973646961343,2,24,3173.7832464846524,44034.30331565137,0
2415,2022-10-24,27,42001.40371980181,15244.62038410861,681.4129173474802,7.541177613840549,0.2774574290666844,2,12,2591.583872605786,21633.35402129091,0
2416,2022-10-24,59,37342.22686857421,12038.50837819778,621.7196248660518,5.192239740162104,0.4762671162176018,2,12,3819.1284134111647,26922.04588652007,0
2417,2022-10-24,38,35778.05237425981,10566.280378505247,644.1181020191618,,0.1923169955326245,3,48,2984.998402230113,14759.662923986492,0
2418,2022-10-25,61,5000.0,17672.28103165193,627.2471373120397,6.053732455011092,0.0,2,24,3046.440599466287,30573.025262478022,0
2419,2022-10-26,21,53906.54448747404,19124.91440628343,631.2556736742515,,0.315934098832861,0,48,2452.3753792705247,21512.196247131626,0
2420,2022-10-26,30,29393.4912118568,1815.543972810265,493.88222973511336,1.6803086122209,0.3287363668958692,1,48,2757.4139371726537,49360.8509787353,0
2421,2022-10-26,27,54397.35929113554,26174.91114441844,683.7854165297158,7.059629645529086,0.3703345124622063,1,24,3320.4870034374867,28762.62211614537,0
2422,2022-10-27,33,65109.371644990846,18767.30450846361,693.5671993942219,,0.4592777965271804,1,48,806.6518943543673,44149.3193727487,0
2423,2022-10-27,36,31336.64463215483,26110.5953131599,581.6487404745578,3.972336000241099,0.4456408718346812,1,36,456.1285132943625,51218.59661085149,0
2424,2022-10-28,23,30450.735685838317,28685.653222669356,596.521844014891,0.4592559057003598,0.3888154707865882,3,60,3407.2657612176868,57570.13617262783,0
2425,2022-10-28,43,55116.9035670947,14204.685685473583,477.5113997955422,7.465846474477212,0.5293297082130064,0,60,416.6666666666667,34698.63188033454,0
2426,2022-10-29,26,32986.80178175805,21855.25646547464,641.1403804814267,,0.1221545328780027,2,36,3091.905487323244,44659.56248409691,0
2427,2022-10-30,63,59758.689102215314,10393.73256525593,645.7645953371315,5.854564287509447,0.4256872721716085,1,12,2861.878631844316,45137.522508452574,0
2428,2022-10-30,27,29632.05059879576,11258.259654260466,595.0247186400551,7.441418626638278,0.4439807545005413,2,48,4010.8806706594255,59081.370722832726,0
2429,2022-11-01,57,61573.16164422077,27579.029064357124,689.9482687896402,7.4671500014326355,0.164065657087964,1,60,2493.3103595184216,51753.37118625919,0
2430,2022-11-02,20,35413.94602553854,9087.170000779708,573.2738215216048,2.8870952419112923,0.1245694086976416,1,24,5295.226794948291,59550.17483180066,0
2431,2022-11-03,66,44953.72134002537,16571.750008234085,645.168474071488,5.03636366927635,0.2381086810286597,1,12,4393.536924871376,15030.22812579077,0
2432,2022-11-03,36,54733.86281805883,7737.94650020506,518.4268529046308,4.7424488448937945,0.2507687836227062,2,60,1442.9657937689408,30035.93484892224,0
2433,2022-11-04,52,47672.5449869844,9755.157545231034,598.115827930061,4.458184048422978,0.4630129195253646,2,48,2977.900386490405,55477.2525133589,1
2434,2022-11-04,63,56059.90042431535,10959.033716963238,586.0516593677731,2.586452344125548,0.2578191824463357,2,60,5242.314763563177,48710.52755346737,0
2435,2022-11-06,23,18160.216823445047,26577.166622962137,618.0246337632753,,0.2215477222578193,2,48,2461.293451583916,38124.31681416205,0
2436,2022-11-06,46,33891.97057382954,19110.14667521417,570.4378456933313,8.042493463290668,0.2582549394958161,1,12,3267.2179270515694,32889.25174959982,1
2437,2022-11-07,36,40948.56485603684,21734.870581668296,589.4821923462666,6.330260152060796,0.5177948501231318,1,36,5088.492803151804,51830.26816943394,0
2438,2022-11-07,67,28517.22254734628,1000.0,666.0837737153205,9.070406480590776,0.3519565061565428,2,48,2657.5888132548607,10306.343928413164,0
2439,2022-11-07,61,54561.76831415714,15277.18749407749,565.0588610209426,6.423305546567373,0.3231123461964632,2,48,4737.058258436949,51882.86777969102,0
2440,2022-11-07,32,32316.267292266784,11940.042719495768,471.47383194090565,,0.3334991751948422,3,12,2195.833830066309,41360.32399061223,1
2441,2022-11-09,55,28547.90315664561,18938.58451129873,739.9667123364336,3.7355570670304816,0.5438090501489784,2,12,416.6666666666667,32667.407236116025,0
2442,2022-11-09,38,54106.84867561296,34252.206948657666,710.516326295239,6.157170912671091,0.2376242410095137,1,24,4868.994978884117,47536.61352854718,0
2443,2022-11-10,61,24318.18238180134,1000.0,496.6189843915505,0.8656102101338856,0.5473262436410156,2,12,3881.752133405178,34209.263765723255,1
2444,2022-11-10,68,25049.223847875284,18195.59313756886,655.1766244196156,7.600049935206423,0.3815744448382255,2,60,3964.0386775014153,40435.281020888055,0
2445,2022-11-10,56,47624.14646785146,32638.2848729692,559.7620183558926,,0.3259370927036978,2,48,1967.1298442017403,39306.31298664463,0
2446,2022-11-10,40,60157.32144322188,10921.697225036129,621.0789772264848,8.307122417611737,0.7251350746901422,2,36,2066.642562712254,51167.94885975196,0
2447,2022-11-11,37,42425.18366504486,16198.712430517504,623.5379303210794,,0.1916540765302105,2,12,4771.378983003508,42387.72731774895,0
2448,2022-11-11,59,15762.338051367438,20412.559427116663,581.2473759746943,10.852203922348943,0.296947136064949,1,48,3637.342467588662,11363.205233300872,0
2449,2022-11-11,67,50274.02409101787,1000.0,537.2987467530883,,0.1651353141253999,0,36,3186.5132616611336,19118.59296245165,0
2450,2022-11-12,19,31111.025740788573,17129.474649099768,544.7567158146992,6.967870177414449,0.4928692955804253,1,24,3609.4916609760394,23737.506952016098,0
2451,2022-11-13,62,56811.37950908645,8647.482157254984,526.7046467615006,7.09097364500714,0.6033783400477518,5,60,5218.965245848709,46848.17000167872,0
2452,2022-11-13,49,34305.19616362643,31382.150324694296,533.4542233415644,2.3432673012635474,0.6004884172106958,4,24,4237.943617149045,48352.78632284132,0
2453,2022-11-14,64,57159.18355583704,13341.030344510116,594.6257367960516,1.797890745984322,0.5335923129719007,3,12,2740.026836601886,65055.357771313065,0
2454,2022-11-14,45,33732.86167623611,9317.278106647242,542.7392008711398,2.1986641598239194,0.3203569298306051,2,60,1578.9735069332685,24783.54383548657,0
2455,2022-11-14,21,29669.015236198724,21773.05296826524,654.5641652570096,4.901807486463813,0.295213853376523,2,24,4068.4005356180646,59638.79454831725,0
2456,2022-11-15,24,11236.530714677328,18904.101723214942,718.9796924268742,4.978224072045665,0.0993245341258902,2,48,2178.3733200405472,10931.820025348294,1
2457,2022-11-15,20,30106.12744170429,22167.476842946584,553.5957406903966,5.102164281476202,0.6553810302772689,2,12,1855.3621613098765,40266.36936236682,0
2458,2022-11-17,42,42659.05228762669,30283.390722991404,619.1523600428302,6.48245502373531,0.4203467117222701,0,24,4978.019816925917,43678.05100067041,0
2459,2022-11-18,65,41506.66745289671,10318.34134848797,639.9748088242347,2.771509042978633,0.2762064642695775,1,60,4423.840516781017,43623.85384854145,0
2460,2022-11-19,26,49174.53678247509,28752.28666908717,637.760181673542,7.516969906895291,0.5492085333480451,1,60,3815.4407416839554,35356.0672336443,1
2461,2022-11-19,40,58662.21105459613,30019.584287675694,606.076421433287,6.291583608382611,0.2040853224859998,0,36,1785.3370071617717,41768.43387790673,0
2462,2022-11-19,40,40429.99810552979,8851.99237360205,659.4145934687778,9.74208060897022,0.4109933051334011,4,60,5569.915909292186,21471.70644047052,1
2463,2022-11-19,66,41015.9559042419,9626.84969491238,638.5799162144526,,0.3241056298563747,2,60,4619.418726728145,52977.42230194633,0
2464,2022-11-20,43,56693.26379518148,15377.780172133816,500.9870062138162,4.791646176077922,0.4458015709820451,0,12,2953.6013320053407,43746.85650180161,0
2465,2022-11-20,57,43465.2312186436,13402.581585148284,669.5324851511418,11.44244538100129,0.3404639691220817,2,60,2689.233260632251,45433.50120222803,0
2466,2022-11-21,35,26152.633857884717,28672.44146658865,670.9832669813394,4.748114488993682,0.1323608163333163,0,36,3431.445509969502,35814.75307668879,1
2467,2022-11-21,41,32168.02870079204,8088.602369396573,538.9371116657135,5.868516229460752,0.3613364559005056,3,60,2735.31000016002,35080.30562876749,0
2468,2022-11-21,44,8051.50827389113,16957.270637315265,603.0350268358081,,0.5073296212813043,2,36,6098.150779314718,47870.96341247902,0
2469,2022-11-22,62,25948.939670409756,8876.10836691143,654.6663194248855,7.793164316856075,0.3456175391219022,1,48,2851.422864952252,63849.60774936112,0
2470,2022-11-22,19,14645.214611841984,15867.74515871009,583.2548944336511,5.256547724624356,0.4662672682383628,1,36,1998.4797439080496,19095.533641011567,0
2471,2022-11-22,18,45265.01731337274,32133.58397891056,685.8382438212809,13.301097114260497,0.193170577148892,3,12,5318.85315624968,18338.94737809164,1
2472,2022-11-23,65,58172.95318454808,29584.33000484729,789.1097995695488,3.2801096478143146,0.3460608810095221,3,24,2622.00604172445,43993.07968583385,0
2473,2022-11-23,33,25887.266916909204,18028.198908628427,537.1211173892015,,0.2563234317367133,3,24,4316.370968479245,35016.99870468524,0
2474,2022-11-23,60,26445.484546114705,20038.157445097622,489.516431747698,0.6128944145876272,0.4620471260157064,0,48,4177.567840940922,41861.58657508741,0
2475,2022-11-24,41,54147.13383833322,18771.92142759172,624.3054876483901,,0.3547237343392993,0,12,3260.130770152016,39643.16028100992,0
2476,2022-11-25,53,33236.69332781188,12567.957983023707,657.7250004100915,0.3312983320619578,0.4535110514504918,3,48,2117.087377679963,49330.140517805405,0
2477,2022-11-25,28,43851.20891559296,30332.386693341738,581.5306900924185,2.224333080215515,0.5131565639236799,3,48,3273.104674610345,35707.54854670083,0
2478,2022-11-25,43,51146.998981372526,25556.40500361094,716.2608530656828,,0.4537427862682082,1,60,1871.00695041806,21876.823151510984,0
2479,2022-11-25,23,29378.843905812195,16874.982106707226,492.9115360221401,5.324563635643673,0.3909677651440466,4,60,3303.6861301622043,28152.190583620424,0
2480,2022-11-25,43,29670.116935392554,13265.232491475635,655.4334898425288,2.3213350192723032,0.2002681612232892,0,12,4299.310166407906,37593.22517658256,1
2481,2022-11-26,46,32404.215782552463,13784.336835537346,551.5311343392885,,0.3495820833999647,1,24,5480.558416073331,21175.442966929037,0
2482,2022-11-27,60,16696.641655782372,17710.19859119687,737.5502324965837,,0.270036439697625,3,36,1973.5219384029729,39447.19139873524,0
2483,2022-11-27,18,47300.15029103829,14719.61910142389,759.4012282534495,5.199919406174194,0.298390406494366,2,60,3020.260078338424,40911.31983571753,0
2484,2022-11-28,26,49013.03370585261,24116.072681630645,538.6674729773322,5.7972641101475135,0.2938198773874623,2,12,2677.3194780517324,34632.946001932774,1
2485,2022-11-28,44,41195.33172167097,18832.214970636967,556.0354291273136,6.938118102060287,0.2030111637826633,1,12,3675.5075552176936,43138.33200687691,1
2486,2022-11-29,24,60395.15104752924,7370.041731911806,668.7670309583841,8.578153582619738,0.0563992116299015,4,24,1431.0728629448083,15785.821287065348,0
2487,2022-11-29,20,36082.220218030096,5827.080146157665,569.0295480168388,,0.2497785427508349,2,12,2172.5049869271247,25702.23492155142,0
2488,2022-11-29,26,49263.84857052025,22926.39508387282,596.367102565421,2.9551974474036005,0.3790069177886238,2,12,1218.3126357475392,22859.51670544593,0
2489,2022-12-01,19,47287.516366182885,5749.304803786052,602.0310736433928,6.244340866514595,0.1477734431858764,1,24,1535.4526575019534,53197.85106921136,0
2490,2022-12-01,27,28013.32113159045,12211.119369256288,446.4261475041875,,0.3523523354707436,4,60,2507.7860909432266,74592.46003870951,1
2491,2022-12-01,34,57322.99820621153,11483.001867724946,598.892980312461,0.9142406846980418,0.6350402636466447,5,24,5421.936599365693,26787.70630041588,1
2492,2022-12-02,48,41922.62786006019,5092.047847885544,544.8217780748661,6.197586833762861,0.5034584832878358,2,48,3767.833929499125,36471.36644548845,0
2493,2022-12-03,18,54619.13667133256,17481.665089961305,560.5501742080182,8.872912247757544,0.5965312263680793,2,60,3414.578175333092,29598.56136076778,0
2494,2022-12-04,35,20485.99853853912,14009.477259235176,715.4905602775051,6.846923223618887,0.4086691815399089,0,48,5016.940838368939,43318.37861211915,0
2495,2022-12-05,23,41646.30101913355,9897.473868489336,499.4794484576595,5.996073806239814,0.5251264734479668,3,12,3812.830684812607,30873.870258697672,0
2496,2022-12-05,55,33091.09794509916,31681.495747180645,665.0564149398382,6.621088151765365,0.2414052904298319,2,48,3930.303472579593,44241.698151207805,0
2497,2022-12-06,58,27228.22630224692,1000.0,577.6829655734554,10.410125946169316,0.2533489599467023,5,24,2742.052751858582,49975.3992508238,0
2498,2022-12-07,59,61142.47146977644,8093.081905850992,577.6191865203333,7.384875581840569,0.0,6,24,2536.672888821981,21642.62593163864,1
2499,2022-12-07,64,42929.44983935278,10386.01739624898,663.2297516841369,,0.5279218211063448,3,36,1694.424646169059,44072.71473287453,0
2500,2022-12-08,21,17845.467076379715,4132.981851967668,627.2041035655112,,0.5810485969729828,3,12,2581.971375781593,13089.1596517143,0
2501,2022-12-08,57,32540.39169662928,33063.261590415874,645.6490397775625,5.262682919979362,0.2670234131979094,3,24,2982.679065709517,36151.9905333932,0
2502,2022-12-08,21,54085.77886611342,32978.855270796754,677.4547728426289,,0.3119072440404147,2,60,3764.232017729484,35144.793617788455,0
2503,2022-12-08,52,27206.82685188715,9524.324084684013,573.4953293453342,,0.2369206829463557,3,24,3287.385314527454,36562.94424227362,1
2504,2022-12-08,21,25675.21969804652,25149.891657038184,551.02106123938,5.048076662173479,0.4073980327216237,2,60,2876.9965009987222,35319.09315413177,0
2505,2022-12-10,18,37794.331593401614,19772.3333136358,513.1879578753761,,0.5187398817954861,0,12,2193.737393462397,32576.093191504173,0
2506,2022-12-13,58,47039.61688629842,28248.91914304286,533.9671576016835,5.719573602657586,0.0885842039178438,2,36,3832.2418432773466,36013.267324076725,0
2507,2022-12-13,60,29075.915109717374,14142.36230321481,835.927554024698,4.71980262908175,0.4114157795963378,2,36,2711.125724541032,43572.06537665275,0
2508,2022-12-14,48,45860.82063884652,18452.86818301278,699.5743664589429,,0.3084992342421281,2,48,3775.57896832332,43993.85811081623,0
2509,2022-12-15,36,40522.93264167183,26220.368177764663,491.9140507033583,4.556860476949916,0.3670091587950034,2,24,941.7431963414128,41727.990170494486,0
2510,2022-12-15,38,42346.53801038965,24996.75946589696,494.2033634605144,5.915389561393205,0.4188491002511436,1,12,3753.859787045701,31396.038645302862,1
2511,2022-12-16,47,5000.0,16213.07823526539,638.5492849374793,6.862005246173981,0.3217696341840768,2,48,4266.966961828632,56205.04972382174,0
2512,2022-12-16,69,40238.72444576005,7459.3965440720285,643.7811837902374,13.209334298403254,0.3344619719891329,5,12,4107.746907538019,62880.326254873,1
2513,2022-12-17,24,36239.64015705161,8893.144692135393,643.9107068253892,,0.3179187248668041,1,12,3087.432801644965,20673.785274321224,0
2514,2022-12-17,22,45855.23123343928,1000.0,579.6035365157041,6.76153870705244,0.4955474302682422,0,48,4477.481227613805,42464.0373392488,1
2515,2022-12-17,19,30192.949603094145,21298.141328237325,589.963659199768,,0.4128139940191244,2,12,1742.134729638524,32977.871012132615,1
2516,2022-12-18,68,34435.81747218069,16697.311570320097,626.2303619327486,,0.3830875306606041,0,48,3221.8257518251703,53883.97079342499,1
2517,2022-12-19,20,47996.55415052122,17314.110081732513,606.8714405034665,7.054013531228868,0.1593572418361575,3,24,3091.5885818824595,39811.08698187238,0
2518,2022-12-19,32,61685.7716821349,14798.6705007521,422.4559701801972,,0.2932130385180268,2,48,4628.832944634692,40797.669218547046,0
2519,2022-12-19,56,20131.403881946768,5853.202145924586,581.6160295539845,,0.4848003740508761,3,24,807.7168701776485,47424.51735087166,1
2520,2022-12-20,54,47697.208058492346,17500.93698774208,531.8874852591749,2.8006042258255226,0.3556544859685884,4,36,2010.6711859242089,35536.91562204616,0
2521,2022-12-20,27,58298.99463304726,19842.00846952747,614.016913512681,4.727912841131567,0.4489297204383707,1,48,5517.396844121477,65162.21616097,0
2522,2022-12-20,26,50420.57455700569,8054.599845818676,838.8207202082729,,0.6149767700491451,1,36,416.6666666666667,47646.09592474825,0
2523,2022-12-21,40,57288.05515495488,14773.21262352324,629.3985332379443,7.259892635528834,0.5057909103813225,1,48,4351.363297942709,53974.11242462244,0
2524,2022-12-21,31,31847.17370582376,9813.210567929957,574.9176251062082,0.6675658453326134,0.3639737506549613,2,12,2457.9243795494053,36691.66606053802,0
2525,2022-12-21,62,58551.5783425331,13275.664972238208,673.7441201581802,,0.2733516244706409,1,36,3651.711587890959,38157.16507621094,0
2526,2022-12-22,50,29133.06747636439,5916.805718505129,638.615030976737,7.483371332586971,0.0,3,60,5100.561338157525,52174.37289346007,0
2527,2022-12-22,33,40826.92308046084,12854.418955268708,633.6075592361473,5.926837997750954,0.3247422616290721,4,60,3699.8419221818713,50667.73402389378,0
2528,2022-12-23,37,32464.13878419912,28019.08731672996,648.5480474572537,11.863443264547923,0.3010981256274726,2,60,5126.5000542846055,21269.9720150106,0
2529,2022-12-23,25,33067.07225105565,10984.6919748907,764.5234851863634,,0.4085549291593063,3,36,2717.8968573498314,41914.48894724229,0
2530,2022-12-23,66,14179.690492089332,9552.657541429076,509.5289251739267,,0.3269142159537968,1,24,2883.113013529699,47107.5691834964,0
2531,2022-12-24,55,10422.7724840209,10055.059846732764,637.8905661449163,1.4314999221707874,0.3019422410844808,1,48,4316.88614439299,38045.49062504954,0
2532,2022-12-24,51,57651.75073261482,13478.276629190934,525.8895096014769,,0.0830901604239168,4,12,2784.0452579804187,45683.91348524989,0
2533,2022-12-25,48,13014.987396828888,29338.570647939567,644.4410117073799,3.256978899761383,0.20900482562749,3,12,4080.016309630837,38680.086282314565,0
2534,2022-12-25,62,43756.638902739294,26245.59209581428,526.5050790811124,0.0,0.4214976561200836,1,36,4813.088604055437,6298.735840665337,0
2535,2022-12-26,25,20514.465456016576,13852.639811452029,566.6106549115932,6.482818681921849,0.6073861446699041,3,60,4418.754451192569,20336.628400417507,1
2536,2022-12-27,42,27271.686114780805,9857.444552646866,576.3928068609675,,0.3353711924381564,2,12,1359.6938765251057,54624.76651289228,0
2537,2022-12-27,58,50264.538762077005,1000.0,678.0653375475767,5.699059048111108,0.3991716610361184,2,12,2906.6073620214306,36334.29624366503,0
2538,2022-12-28,30,42430.50990418221,7709.461876303414,673.4763555153932,,0.4928717235429207,4,24,3685.623938401861,42845.36492863648,0
2539,2022-12-29,35,38092.89377820832,1000.0,500.3426098842892,9.198431999456924,0.2283659095699625,2,12,3028.466408796593,39945.14795513205,1
2540,2022-12-29,67,57169.813288723184,20920.93857344896,604.394728879988,,0.4050221064928163,2,12,3432.54085007275,27620.52551757041,0
2541,2022-12-30,58,35654.883173576534,25684.44942638324,543.2336116200662,2.8511605593371403,0.2389264840501762,4,48,3702.171763669908,32993.82292265412,0
2542,2023-01-01,51,58449.66190696679,11998.150789696374,499.3196071459733,9.009234575119656,0.4797236657736516,4,12,2675.1231824363717,44934.24215257251,1
2543,2023-01-01,53,23958.340204066648,18071.157598755264,582.6386359660504,,0.3727104571927598,2,48,3091.534732763503,46464.942035457694,1
2544,2023-01-01,67,22153.140309763527,6288.099105022451,575.3213769235344,,0.3947677720972159,1,60,1857.0399233247645,72826.14205720474,0
2545,2023-01-01,34,37927.47780580151,1000.0,794.1373189076418,2.9242906907373274,0.2326102103872116,1,24,2736.0310996991816,32833.86731833582,0
2546,2023-01-01,29,40049.13860654473,15445.39445197381,634.6367860288557,1.049056973610515,0.4560548539416177,2,12,1424.9850798760642,65059.587374888375,0
2547,2023-01-01,33,27124.1782869019,18066.737117641023,489.790599939661,,0.6627069381846524,2,24,3478.954202949197,27093.776756491952,0
2548,2023-01-01,30,35858.41828096365,28631.790173856272,554.8180796663246,4.815105364399419,0.198813245685769,2,24,3091.8055778851462,47329.00290618037,0
2549,2023-01-02,28,60471.471322833946,31505.46735452464,681.7106636343519,8.719347787587417,0.2990361488528714,2,24,2188.5893182725467,42668.08929297752,0
2550,2023-01-02,31,34084.125595928,12771.455211012104,767.075421829594,,0.3847411211252137,2,36,5564.908094369392,38112.01673237221,0
2551,2023-01-02,59,10954.46087603376,22296.918216845275,473.1213350209633,,0.4679609317993725,2,48,3026.568979524782,39915.12322205941,1
2552,2023-01-02,45,13850.028969001476,17520.721867756598,449.6060491888764,9.222489893622145,0.2660680572065796,2,24,3691.5245134328575,30660.775121411643,0
2553,2023-01-02,68,71299.38423012159,15018.170162924129,749.6772140297426,,0.0,2,60,2535.0418772765056,53558.56833195769,0
2554,2023-01-03,41,61758.63551228989,14700.180575784332,631.1691341896723,,0.5538784241246038,6,12,2815.398307411708,27360.77439116637,1
2555,2023-01-03,34,33459.97044662575,13840.404396619357,530.5365814498907,1.5164227881975385,0.4640759179376214,2,24,3738.850171894003,44762.88880472341,0
2556,2023-01-03,26,52158.90698868949,14184.604984220912,642.7703268897948,,0.0885578704270002,1,24,2918.019521074724,51337.87500366069,0
2557,2023-01-04,63,43906.27910156644,28252.90971765805,389.14018087864974,,0.2588646812330666,3,12,3337.462529443668,60763.04640081579,1
2558,2023-01-04,47,59057.580715515935,16716.626829697758,600.2700405277728,,0.5852273644290988,1,60,4341.864102525164,54576.54203346965,0
2559,2023-01-05,54,23931.66570256673,28934.89297112033,626.2256938274468,,0.5671694627686799,5,24,2685.800608934768,48586.44169596586,0
2560,2023-01-05,20,24355.464499843507,7813.52454194637,673.9416111630264,5.491537423924442,0.4907960034018417,2,24,1668.1318542859751,30434.020552750106,1
2561,2023-01-07,25,59790.53163734439,1000.0,518.888323816597,,0.3235831349060206,1,60,1425.5029712353164,28213.37271540378,0
2562,2023-01-07,35,17601.355198742378,11296.84440915183,606.8549729122687,,0.3624481128218765,2,24,5131.382128816912,22921.3167230548,1
2563,2023-01-08,47,41047.04193755092,8311.604791208709,525.966029915233,,0.330361129231081,1,60,4497.266709052795,21486.016458598817,0
2564,2023-01-08,20,39329.45776387322,3051.371478992261,620.4307004539454,,0.5192359674903256,0,24,4153.082917318007,39978.939427834855,0
2565,2023-01-08,51,51763.92354253638,25405.201634953937,528.3722942109581,5.921892653815883,0.2186236390257334,5,12,2788.2673259933176,29088.74946450217,0
2566,2023-01-09,60,42098.17335659517,4308.866173412687,567.3519328671823,4.993776582770463,0.2291300517673692,3,60,1666.983319598541,57988.38451734399,1
2567,2023-01-09,45,38019.40470276641,19662.28683225696,520.3347684167817,,0.5015411880254024,1,12,2980.456316463149,31315.576126593565,0
2568,2023-01-09,54,34291.90407923423,31113.554578836127,652.0908993458926,10.521211295068252,0.3433457816732657,4,12,3216.640369225777,41413.83756057524,0
2569,2023-01-11,42,25077.90859585321,5800.684683993335,668.6760893325333,7.248994458206365,0.5567701033180712,0,24,1918.8937498992348,36030.34347339742,0
2570,2023-01-13,47,37508.53355474347,13152.50130040596,581.2303544034069,,0.2492731689529181,2,60,1496.2629420225585,18942.138439237737,0
2571,2023-01-13,24,57476.49119597786,25821.665317576764,603.0590395968022,4.347951090401302,0.3417832459491762,0,36,1170.4425753284177,56341.61247370478,0
2572,2023-01-14,63,35711.002828997865,11676.806137320027,484.1126868293165,,0.2116380522734069,4,12,4155.0748177631385,50432.23126967489,0
2573,2023-01-15,46,61093.90268761354,17659.115912443674,576.025868159457,3.815021139251601,0.351104402213535,4,12,1826.635439329565,52157.83133384572,0
2574,2023-01-15,68,50965.06367600284,20114.352701776785,595.9836306366605,3.152365276904441,0.1282179594501801,2,12,3720.096234228256,48924.19990373431,0
2575,2023-01-15,19,47148.690948208976,16388.7585315578,809.663447282398,4.411403339581964,0.2768549868567556,2,24,2836.0835165742733,28607.7244750732,0
2576,2023-01-15,43,37572.65157736034,11413.493799650205,511.04263793806695,10.368863935586578,0.1345619202607823,3,24,4070.380719303504,28899.265521448346,1
2577,2023-01-16,58,30573.864040567398,8752.956712762738,717.134179100195,,0.4540884849786887,1,12,3753.113973294605,46779.814617896736,0
2578,2023-01-16,59,65223.82563887446,6241.758479848395,679.7487018772647,,0.4574884009639477,4,24,3043.4115609692253,63143.79348976302,1
2579,2023-01-16,68,51903.761765037154,19772.1105181755,622.4509123592109,2.083617113018136,0.0904605904273482,0,24,3496.400114844855,45789.68346764799,0
2580,2023-01-20,66,37909.29405610331,9736.913194501043,740.6896387356107,5.41689259558931,0.5500828618250859,2,24,3195.4131978624423,54677.0001527646,1
2581,2023-01-22,24,65486.72528306121,24567.809786887847,629.768437808549,,0.724612268962978,0,48,2564.1493950419936,32111.9150155313,0
2582,2023-01-23,35,49435.56975937256,27713.337945933097,631.1327356534343,,0.3569009580104511,0,60,4558.436815155662,56467.76364954973,1
2583,2023-01-24,23,18692.54071272661,5745.503234776152,595.7503477585964,1.751010476584033,0.2538328609663032,6,24,2804.491141780836,33707.97411797838,0
2584,2023-01-24,58,33602.1632786486,20905.54012704486,697.8855105934902,1.3526813577290704,0.7736495886504569,2,48,3224.7706505189835,43602.389068693,1
2585,2023-01-25,57,50906.61060273318,31471.885566354693,687.7175387048707,,0.1521547252546233,1,48,1564.4269587614506,34507.583569317794,0
2586,2023-01-26,44,62613.51180710478,8157.332777711803,549.945817000303,,0.3530159700303647,2,24,3675.8890881393495,53337.34260515341,0
2587,2023-01-27,58,75419.51534181787,24605.135593914067,494.4602244320986,,0.3769433408947885,4,48,2570.106336901507,53541.4298392771,0
2588,2023-01-29,41,40383.51728191887,19495.44554626816,583.7615490083474,,0.5517721430678622,1,36,2737.272509385956,17848.283797852462,0
2589,2023-01-30,50,49243.657145478144,22683.875298352723,535.9969148481882,,0.4039608462690182,5,48,2283.882257227781,59879.4675133327,0
2590,2023-01-30,48,30826.291444801063,8948.768069858219,594.9180340307715,3.4333995621818447,0.2752049156317322,1,60,3178.337773472898,75646.13789138792,0
2591,2023-01-30,51,26689.019366637825,30241.47928178872,698.9950507747311,,0.2073223444418065,0,48,825.2425645370917,34670.00975453065,1
2592,2023-01-30,39,14712.64545681089,9642.636322103484,563.4158675930568,,0.2987267269630796,1,24,4186.279599474908,38097.97642505167,0
2593,2023-01-31,41,45849.97581210784,20125.1534061026,596.574129495074,11.39122173387918,0.1989608958582283,1,12,3285.0023649842983,58591.446913602296,0
2594,2023-02-02,53,58967.6242184072,14494.115413860349,604.6418187846716,1.2594424523986754,0.3571737979677024,0,36,2749.2263318305745,41001.51182958574,0
2595,2023-02-02,45,51638.21641121866,19293.225650218665,667.8744705764227,,0.265370573020927,4,48,1398.045001094686,39940.38534950358,0
2596,2023-02-04,37,41307.04128324712,7132.641661272187,420.2488532812316,9.006355645386574,0.1258943310065373,1,36,3874.666691433296,68454.5310083112,0
2597,2023-02-05,35,58354.16106980144,5181.089487773983,551.4639764187763,7.35195132029996,0.5382718682562355,2,60,2540.4238829644887,19685.542578879595,0
2598,2023-02-05,59,84261.47119908675,17296.246872211643,616.9026953823578,3.183447730660276,0.275349121485644,4,48,4965.941921143726,28165.553047994064,0
2599,2023-02-05,49,27524.61566020049,12061.97962985884,696.0063165141489,,0.1597794792537031,2,48,3941.232036245561,46267.34490333787,0
2600,2023-02-06,50,5000.0,11789.676512229344,560.6478041995036,6.657180125098424,0.3247611298268687,4,36,5251.652944192238,15706.831091864491,1
2601,2023-02-07,27,45135.990249937735,19358.54673951758,449.8757835166501,,0.3602557348951488,2,48,3504.545884319048,34404.86224895404,0
2602,2023-02-08,26,56237.65589143366,3042.581672259188,649.5769156772909,4.24846123755537,0.0880299911631449,4,48,4680.611784786027,34267.5155488716,0
2603,2023-02-08,42,16789.964703016296,24655.06312741486,549.1710088939496,6.3812156623785405,0.3997471500688644,4,12,3911.7971399561047,54426.607303334735,1
2604,2023-02-08,30,52491.23332877529,15956.103083253623,504.8266672727711,3.916701613105368,0.1929263646964603,3,36,2769.606568078588,50392.79551752879,0
2605,2023-02-09,64,34943.39541192247,21102.633164687315,550.0523688229421,4.662312851448097,0.6066543213786182,3,24,3567.3458564385014,14751.591267560168,1
2606,2023-02-09,67,45052.64534374807,19218.785882248605,585.2379713875321,,0.4285940768115102,1,24,2290.850500259663,29603.14987473176,0
2607,2023-02-09,62,26214.70313396587,19659.981023430017,551.620426836943,8.284468857289337,0.2900150014836025,1,60,5919.3076245512975,29649.155738595982,1
2608,2023-02-10,22,25291.80509325546,5412.341651209576,423.5547154320744,0.7144679837356342,0.2382248344523974,3,12,3207.251946201566,36751.36184874488,0
2609,2023-02-10,48,23430.53511372267,24317.504759888296,671.7652957509706,,0.3342548438654564,2,36,3366.096197731647,23536.792155859792,0
2610,2023-02-11,48,50012.63383722608,17183.312921866047,701.9900033022977,6.077776455069641,0.4419186112374934,3,36,3820.815660375232,46774.71912957499,0
2611,2023-02-11,51,30635.170351025525,11200.050502740014,652.1217593071605,0.0,0.34617588071222,1,12,1974.6516779374235,29587.193960443845,0
2612,2023-02-11,43,44046.2340623788,13997.681029535135,508.98514636601465,7.613073441609449,0.3174261789294715,2,12,4985.047215416552,48829.32904005585,0
2613,2023-02-11,24,40442.628869020926,17897.088900393002,583.8806772841986,,0.3587555436226843,2,60,2051.671394873269,39957.18634252455,1
2614,2023-02-14,58,22297.875933073,16441.83059331717,599.4782947816434,,0.2594211603144568,2,24,1768.9951303815908,25403.87291484416,0
2615,2023-02-15,68,41141.24876222294,19777.93672601505,647.9035511649528,6.45430948582851,0.2985191109735443,1,36,3125.178317454551,60824.15954118245,0
2616,2023-02-15,63,43555.07448817996,28227.12093168529,653.4672390974465,,0.0371311341642494,2,12,1734.2114610963529,61265.89951424564,0
2617,2023-02-16,66,55939.47510518492,6706.908388974574,541.2660960977204,,0.4960589346278551,2,36,5285.759003572554,44355.17972814669,1
2618,2023-02-16,69,62415.049313417294,21002.1960679478,606.5596445130848,,0.3948196670482642,1,24,3044.9542462295144,36411.906807339736,0
2619,2023-02-16,37,24707.83252513489,14141.607965569685,636.5824323692193,5.317293270861381,0.2339816233949854,2,36,416.6666666666667,24155.607799378307,0
2620,2023-02-16,60,45322.40244280959,24140.357809970235,716.4657857717414,,0.6348102472032857,4,36,3583.268980989636,56066.70054808646,0
2621,2023-02-17,39,6740.366417932048,28005.18349301661,656.3605231859779,,0.3630524720588579,3,12,4025.215816900884,52339.593025346985,0
2622,2023-02-17,22,52768.500557812746,16568.980043105945,663.1245349900415,11.21603384977734,0.1945784642037204,0,12,2806.543022845561,27790.060824804623,0
2623,2023-02-18,29,56459.519334288845,19966.46128672325,606.7061302343488,,0.4785106132205687,4,12,1638.4670511318225,29697.80899478776,1
2624,2023-02-18,38,5000.0,24728.51869148947,712.8367316162803,,0.4097072324763893,2,24,3204.199562500211,46853.80696263569,0
2625,2023-02-18,26,34911.80321395067,22985.91284664272,632.7810236767598,,0.4091869978226329,2,48,2731.201499299778,22368.34378973249,0
2626,2023-02-19,46,26543.57049277483,25054.164779786675,531.1129671861144,,0.2861366593022614,2,24,2113.868433509538,30614.70364375913,0
2627,2023-02-20,44,34873.294376177735,12615.327173454729,712.2695976100152,5.141919410072523,0.4175743585667051,3,12,2003.5519957148956,24391.515025410525,1
2628,2023-02-21,34,31901.05649666101,10864.938911327035,655.8322618031223,7.871221962909411,0.3107362564668358,0,60,3528.628019505064,24874.98985548472,0
2629,2023-02-21,57,39345.60293761385,5910.606107795908,564.5564783097215,,0.4333912177468763,1,36,4462.110583820403,29199.03258703448,0
2630,2023-02-22,41,54809.81067438516,13437.27202833126,561.6405626080606,6.497309043037791,0.0642583318984041,1,36,3910.263130829705,53590.06231758314,0
2631,2023-02-22,44,35293.87247652646,14326.65922672711,623.7260436112609,0.0,0.2849189805531216,1,36,1173.3360100978582,13681.802794894444,0
2632,2023-02-23,25,25188.340988952456,13851.187085302809,637.0547836214067,8.120511249279591,0.6083232646712291,2,36,4102.680839028311,46502.26419968456,0
2633,2023-02-23,61,37035.42990620387,18937.827640383694,615.7833812504965,,0.2349398816899549,1,60,4298.925848367145,43869.209992152966,0
2634,2023-02-23,46,36201.31079238696,19146.068787466505,624.9046938754308,3.2222702740594977,0.259424255376022,1,12,5075.454271893042,54525.15646127396,1
2635,2023-02-25,36,38701.08435042708,14476.573746990382,735.9965899661104,0.0,0.2828057992325037,1,48,2145.973638218465,43855.73480695749,1
2636,2023-02-25,27,30580.349006550736,17774.167223207194,685.7234521787909,9.448617769694389,0.1677790796167035,3,36,3262.5800341275485,34317.410130008,1
2637,2023-02-27,41,45439.419887717886,21613.95442485034,615.2508473012019,9.06805547826031,0.0187578835657621,0,48,4042.738646213124,27770.354118402025,0
2638,2023-02-27,51,59401.40227031258,8609.70907863283,675.3048464613987,7.373069792313005,0.3154120402214581,1,24,2673.8912106588195,54856.17510864177,1
2639,2023-02-28,57,20965.1041133864,22465.76412464226,517.3980877177969,,0.3703789136122485,1,24,4023.2206462666186,47454.22126382939,1
2640,2023-02-28,48,46760.734300486605,10109.07482108536,631.8341639957447,4.159834427190257,0.3421242397192021,3,36,3303.3004255609485,32602.96511775678,0
2641,2023-02-28,63,54395.944904159005,26512.6428890081,744.7445079786488,9.002098047994558,0.3282682157078169,4,12,2275.2648125139003,53633.67586249991,0
2642,2023-02-28,68,33490.66754391284,16329.950359834333,582.5563283686101,4.037735822293844,0.3564561306275581,1,60,2381.7805349701503,33311.826771908294,0
2643,2023-03-02,21,58783.00983331868,15512.814176387725,532.1892857104732,5.472356814124684,0.5034262207326146,2,36,4894.945028676903,39985.87201759006,0
2644,2023-03-02,58,39091.345896228166,1000.0,547.8328889125552,4.9841750108530505,0.3214330721106174,4,24,2087.8100053374933,30932.744371830544,0
2645,2023-03-03,62,23110.33504791448,20263.113074894874,512.829357012609,5.983841172223304,0.2638876134369095,2,24,1873.332978121316,48007.62856600343,1
2646,2023-03-04,48,20926.61394551144,15760.456623924172,537.2190473497838,4.67796660071117,0.307831177266787,0,48,3763.806914248095,25087.1297471518,0
2647,2023-03-05,26,51772.13964186088,16393.182064046312,570.3593521127976,,0.4369020139635163,0,60,3295.1173529052157,35521.169679007726,0
2648,2023-03-05,43,50392.86811895458,14255.367925187771,487.5546384657087,10.3745370474168,0.5618040317814874,2,36,1693.8066115499105,30181.69325123328,1
2649,2023-03-05,30,63464.3539529052,20001.565280078205,601.2494667159682,,0.2557784391246232,4,12,2684.058115721428,43955.67942493025,0
2650,2023-03-07,65,50060.77483653661,21603.772335961083,672.1821739029318,6.148003964636537,0.3648400680543325,0,48,2312.356485507641,45827.31877361549,0
2651,2023-03-07,43,38507.91395830707,18872.1878166799,527.3795055882464,7.465331618111742,0.4007536162903939,0,60,2531.248900524705,23437.58609362487,0
2652,2023-03-07,18,47234.62636383667,25536.54330461577,721.5427138913415,1.6435425824174583,0.2011132989906765,0,48,6489.546329341642,46096.47083237118,0
2653,2023-03-07,57,41081.31256159933,9245.615745600084,640.8633670822076,8.05281945386563,0.3530625750819377,2,12,2955.108452490797,17849.149244634464,0
2654,2023-03-08,26,35011.40307497547,10257.204198339328,682.4464468499245,5.90859010035501,0.1301489213986857,1,24,2231.769653118148,72879.59757158441,0
2655,2023-03-08,48,31759.55694831892,18253.62947158632,547.373235691829,,0.0846424544390901,3,36,5860.567696832895,32327.90396079852,0
2656,2023-03-09,41,14154.756713012272,20294.227836634316,668.3620181653292,4.711264497188991,0.4050119611838385,1,36,4443.651831073828,55738.90997453414,0
2657,2023-03-09,62,28867.80364323516,19133.564273010285,512.645287968375,6.599482772148316,0.2924187888003826,3,12,4239.365284065095,43017.4958884875,1
2658,2023-03-09,66,39705.24981697767,4699.766607526328,671.2198000669207,,0.3803420611431828,2,36,2291.965465456625,43626.93251528756,0
2659,2023-03-10,39,5000.0,5379.9036722329565,613.7471471834825,8.25849398806716,0.3473157534487475,1,36,4822.687530441465,22508.89111230614,0
2660,2023-03-12,26,32277.01134465396,13521.706330015522,644.2600975987827,2.7454690494356107,0.2035399927004303,2,48,4353.676568624382,52651.61288622457,0
2661,2023-03-12,56,53808.60558224978,1000.0,505.9524315500119,,0.3432118547053495,2,12,3517.195310630852,40729.706978716,0
2662,2023-03-12,40,60148.43351944724,17087.176688456962,528.3944126178716,2.7139158071922984,0.1650348042477717,1,48,1187.9544297430248,47052.09533026585,1
2663,2023-03-12,37,32088.33316558104,14401.313874613616,647.7782574602708,3.770992801030733,0.55864585370021,3,36,3308.4333302360483,38639.28515732324,0
2664,2023-03-13,59,31525.014651352478,7684.304068230223,524.1321596620639,5.402515427982748,0.1466044482710054,1,60,5495.746726040056,41950.645943749376,0
2665,2023-03-13,38,29200.27393427481,10586.05883398771,637.0565033679298,4.0056426420221865,0.3206322093547127,1,60,3608.811858010884,26692.42608652348,0
2666,2023-03-13,44,31624.14343821548,15877.818306434476,490.62897548318034,1.4385642010159927,0.1936592617929127,1,48,2862.7501744810047,37706.633847539146,1
2667,2023-03-14,22,57139.73480273118,3051.8098793285626,667.8539370133335,,0.4355631760041193,0,24,3047.7616544724965,33701.66187520982,0
2668,2023-03-14,34,64438.12178211108,10172.799737287356,501.3981348185193,,0.3002852943077745,2,24,3134.267949816063,29416.43203365828,0
2669,2023-03-15,51,14672.84750366762,12892.882497502897,644.1839950143618,4.134952820744679,0.2721999920568184,2,12,2333.81556611216,42017.886095423695,0
2670,2023-03-15,26,27828.021990649257,12601.59041880544,650.05047469168,,0.4779802317577331,1,60,3281.7772966298144,45450.80433727773,0
2671,2023-03-15,51,12047.907761375409,12831.511935179036,544.258254525634,,0.3544145887516328,2,60,5136.75149526527,43761.5801459477,1
2672,2023-03-16,27,39570.48212506251,25872.43324998318,646.5621253667781,,0.427496666890395,0,48,4995.151931972057,38466.088077453016,0
2673,2023-03-17,61,32674.49369716287,22588.43439723393,620.8353810666845,,0.2028011095223802,3,36,2390.413445428253,46166.63582545383,0
2674,2023-03-17,19,45383.80763308965,9854.913663773032,556.892651504581,5.898803280640167,0.1392774584108739,2,12,4928.205064021701,43632.46317972663,0
2675,2023-03-17,64,49948.27631110652,6702.442417865212,519.3156252739034,1.4456064406662388,0.36608119430602,1,48,4284.759974149271,41462.90806742468,0
2676,2023-03-19,42,48283.92738719546,11693.197625916377,442.9899446661937,0.9952086248757226,0.3021730466757903,3,24,4125.006505347911,42492.26529953437,0
2677,2023-03-20,20,15310.916533471584,24817.28141005407,627.9720037839755,6.11387564395462,0.4439652008680916,1,36,3873.223185383501,57745.04484651904,1
2678,2023-03-20,51,39614.4665123622,1000.0,474.8157782910356,7.024808996821189,0.3380137321006175,2,12,2170.362859859014,21923.896578960248,0
2679,2023-03-20,24,14564.207639493265,15668.693941034457,607.6275359553047,,0.3807613008851944,2,36,2826.360602136939,35221.057452731606,1
2680,2023-03-21,45,66053.09159728639,12535.570615434504,578.9241427134201,8.332891294571176,0.1064926205088134,0,24,4374.48133723499,45072.61912934308,0
2681,2023-03-22,26,34679.8383464069,24586.952083254888,654.3314220350557,4.468164571136604,0.6332655409421384,6,48,1824.7454034896489,16258.96146276001,1
2682,2023-03-23,28,19503.050934453007,22849.1826092824,575.8363600408109,,0.3253637022451952,2,48,2032.364451588488,60738.767249891054,0
2683,2023-03-23,46,31836.017528550237,3254.894987069918,573.6441770922327,,0.4546380455508798,0,60,3716.0801142907153,43822.26813586722,0
2684,2023-03-24,33,43118.23642949991,24573.220279515823,658.5496563430636,8.878819887529504,0.224586249467056,3,48,2346.417507509454,54353.5264663561,0
2685,2023-03-24,56,50998.72708844505,1000.0,626.8046423267294,2.266050129469655,0.3962014853326011,1,60,4363.201275459292,56796.42817832324,0
2686,2023-03-24,46,59504.64318683044,19898.21591045398,625.2924765746222,6.502434763829381,0.1545732854712881,1,48,2390.5608880126515,46186.793933659785,0
2687,2023-03-25,30,40943.64595892177,20616.403870880127,637.5414071846822,,0.4178101757389506,2,12,3638.808514412267,6511.094418339249,0
2688,2023-03-25,52,34992.518883097255,28481.33705638248,477.1542301434315,5.329972809712359,0.296603887342125,2,24,3743.422789146747,42215.41332595315,0
2689,2023-03-25,28,50276.04056398658,16818.758917692678,660.5430943989586,,0.3543785755903351,1,36,2730.7149859614874,43178.30370292897,0
2690,2023-03-26,52,49864.53497086618,9684.550439725344,648.9975035210882,,0.4546961045195146,3,24,3033.7750462650915,23696.99866642893,0
2691,2023-03-27,64,41781.676102041936,6933.094707602553,518.6653497138802,10.922350451479808,0.1651189533169579,0,24,2483.31898328339,13154.898148707744,0
2692,2023-03-27,25,52144.336406903625,26681.8254379117,580.4735621060639,,0.2473262404080804,4,60,3310.0774512680377,46925.03954202031,0
2693,2023-03-27,24,30846.267561256285,28576.89184378505,596.8554169897895,,0.4185986421630148,0,60,2131.224283223425,21262.144941730963,0
2694,2023-03-28,22,39639.653089517946,11412.198152088677,589.2402572478613,7.600109146193351,0.6647332211820121,4,12,3053.94864396201,70921.25813450178,1
2695,2023-03-28,23,9505.396776442016,15177.519508853502,626.7087973254828,5.133815256584702,0.3292876498007777,0,36,4268.947093077353,43947.05922719734,0
2696,2023-03-28,68,60848.02307016992,25906.446407506224,714.5093425464947,8.666363177482133,0.4386704176885898,0,48,1912.3944845074943,60272.67576257364,0
2697,2023-03-29,52,32624.62586860435,21152.54717871564,686.5413382138263,6.180728521397521,0.3339542795212279,1,48,2724.4965683609657,40467.45099051672,1
2698,2023-03-31,47,60933.45804557904,13505.769567371197,495.0224645254875,7.62657724922704,0.6413368392134449,2,24,3981.16134581452,51273.08241964424,0
2699,2023-03-31,28,30157.138950457687,8922.727054442705,649.7655992244839,0.0,0.0879167499552116,2,12,736.2773562325056,40798.958968445775,0
2700,2023-03-31,55,44533.360671367656,8269.650067006296,706.3146655628327,5.275865859888948,0.3641931567004037,3,36,5652.813378832504,55083.5939556351,0
2701,2023-03-31,44,40821.15931807558,22626.83890337889,630.9446816551363,1.6765137711877784,0.1061683949656908,3,48,4639.905725872,9425.0214769698,1
2702,2023-04-01,38,30970.08779674084,12063.977610113156,687.2784340148773,3.8151793956529154,0.0,3,24,1410.4138580366832,53322.21765834132,0
2703,2023-04-01,31,47194.13179266707,11747.048439483726,760.9816356560611,,0.3946193079676725,0,12,703.0885834186435,50031.46241401325,0
2704,2023-04-02,66,59154.23881996755,19895.229329361813,681.8967636885585,4.311078119804743,0.3709246694221188,1,36,3370.3553175009106,37687.72512875468,0
2705,2023-04-02,52,66846.86049756066,15644.814392126504,619.9446876513383,,0.3072744593386697,1,24,1933.028088455689,33862.541730028104,0
2706,2023-04-02,46,51140.84592137389,18115.52014173625,683.6070779267802,,0.334070886494037,1,24,4535.199946081349,35513.46624235345,0
2707,2023-04-03,41,21849.505487784005,12407.73271323863,611.5910266477513,8.021659992021723,0.8147449151106886,1,12,3825.8360359979433,44241.50452572998,1
2708,2023-04-03,53,18916.31634239197,12075.109448047448,601.9122434627965,,0.3112737292952848,1,12,3487.5571037549216,58210.59046983949,0
2709,2023-04-03,58,57084.03731466924,9124.479999314286,571.8868611429014,7.287400355582404,0.4265186541875112,3,12,2620.5128520538306,31987.16188333732,0
2710,2023-04-04,62,25040.62733353136,20671.745917895983,725.0730687065686,5.510550317302452,0.2525952770579178,2,12,5333.342883070024,14473.493632617863,0
2711,2023-04-04,49,49239.32633566083,15680.4257665879,534.5257067246399,5.707504762416059,0.3942848862560904,5,36,4275.14845923544,77268.71476367596,0
2712,2023-04-04,23,42009.10443895874,17345.244447997546,722.5894179742493,9.666638921468342,0.3142649487416573,1,12,4087.29059460914,50073.61846770534,0
2713,2023-04-04,27,59780.520336523536,6842.107621266651,639.9891298992297,,0.2884222275905405,2,12,4833.403289117636,34131.825789370225,0
2714,2023-04-05,37,47649.27500114031,20565.659327518777,488.0555060158447,7.142592216129148,0.6228347798300486,1,12,2059.757253967247,57832.70078495573,0
2715,2023-04-05,37,39541.32201383062,17496.636430273953,629.4119434393137,5.642113834163878,0.5265777444776508,0,36,4939.255669632196,54005.40852722657,0
2716,2023-04-06,43,70918.68202690866,20842.42997311343,431.99787938787006,5.658578412508497,0.3705119971098846,2,48,3002.5729628800364,47384.235605048496,1
2717,2023-04-07,38,52348.71252568778,17761.114477232466,650.0406413464829,2.223992985910773,0.0043682096084049,1,24,3751.745454086396,32844.224620082576,0
2718,2023-04-07,62,48320.98325483792,17288.129243176343,670.8185186391192,,0.2958486165121145,1,60,3137.7545712434166,50009.83778476506,0
2719,2023-04-07,40,29760.9089167291,1000.0,552.6115235478358,0.0,0.7554541346607625,2,24,986.001325366352,56343.38235539065,0
2720,2023-04-08,63,22800.353744990887,24102.02433832801,609.8838156764466,,0.3154007500040438,2,36,4530.018659548643,14198.90901563732,0
2721,2023-04-08,29,36107.97850018147,4436.337839327338,756.3325947000229,,0.5154826358080487,2,12,1052.7291796990132,43367.42472958168,1
2722,2023-04-08,30,17517.628316398168,23296.60234581257,559.5402636590451,,0.5662913602928901,4,36,2125.182583317615,44472.63554166204,0
2723,2023-04-08,27,35170.34514888731,14417.54533663905,515.287393035472,0.7670805941444945,0.3828445873783962,1,48,2767.302545298182,43991.14992143309,0
2724,2023-04-09,24,52014.30353951732,2146.253326229338,718.5330721970079,4.473229289916313,0.2237267552197771,1,60,891.3139008217346,40692.75424774266,1
2725,2023-04-09,54,54726.84754853604,14310.939403954688,757.0069752424636,,0.0,3,48,1957.5550548286983,57791.09613030853,0
2726,2023-04-10,29,34869.93597586411,2998.1276519739367,600.2956537478278,,0.4526244812913431,3,12,3639.3584468133727,36830.24600384254,0
2727,2023-04-11,42,84039.62311957164,23863.86008842915,680.9170428326685,4.589121601394336,0.2277865995764677,2,36,2900.0193439139125,39958.218260665446,0
2728,2023-04-11,19,59100.10828077463,10874.100217892734,707.3180732424705,4.495824007575797,0.3764225677831538,2,36,3003.142241176895,44734.97977117684,0
2729,2023-04-11,57,39550.45863895735,6670.521718605643,540.6012613969293,3.2060532050602024,0.1625269490615953,1,12,2189.575269597596,37328.95709042775,1
2730,2023-04-11,43,57121.351370475386,20286.78507102745,561.1755331705706,,0.3102143689294696,4,12,3391.059988030695,19209.98114873268,0
2731,2023-04-12,57,31307.6039829828,14661.198751740249,698.4699610523788,,0.3550578582351579,2,60,2926.7733018375843,43211.950655334,0
2732,2023-04-13,68,43808.73579002207,19161.336709834774,734.8011422966807,,0.3902890371566446,5,48,1282.1265820603746,43381.84566057188,0
2733,2023-04-13,22,34591.49902315218,14088.825130230322,645.0304688139483,,0.1827766718971378,3,12,3082.1849963696736,34522.523778768256,0
2734,2023-04-13,25,21823.346211925287,24253.22567639831,529.6148517198357,4.446963787623588,0.5295366423142028,3,12,1780.9435496856577,38015.27625206047,0
2735,2023-04-15,59,47989.46701565595,11787.894936776756,758.9648889359553,5.197658344012494,0.2604657822902043,1,48,4455.45472326154,5000.0,1
2736,2023-04-16,62,39911.46636519174,2392.8917715399148,557.5223281750428,,0.0988295809320132,4,12,2843.949914960078,58126.09074001202,0
2737,2023-04-16,26,41024.24913907958,6245.568955252715,573.1889775062839,9.010301028964918,0.3336464870054804,0,60,6485.238871746816,53515.452637909,0
2738,2023-04-16,56,39592.97151071286,18481.504599448544,627.3870267591698,6.356662329996453,0.355156296353969,1,60,4541.961503985149,19932.53229276224,0
2739,2023-04-17,37,26528.481928003865,9737.62584323028,724.3328336571819,4.580107788700947,0.3740884149757639,2,48,3170.4968642243725,29867.99132458657,0
2740,2023-04-19,69,63825.069358410256,25267.087809930745,668.3180781241779,,0.5543198605527618,0,24,4057.681874863232,61727.82041562386,0
2741,2023-04-20,68,43731.073445928174,5634.5657319704405,633.1892400289528,,0.3145326744896211,2,60,721.084347443797,22677.23984018572,0
2742,2023-04-20,28,35995.51080724657,23145.76343387567,637.0630824094485,2.9436091048800184,0.3320570563446843,1,36,4536.307591970528,47176.88033854201,0
2743,2023-04-20,57,20361.84471198732,11535.605482093031,603.4811734914773,7.653665015191137,0.1845223428150359,2,36,2307.970211886468,32619.74903379333,0
2744,2023-04-20,39,61050.70799115482,25460.271042540306,644.6511611614806,6.242706525906707,0.4730830254331845,6,24,3445.499629638775,46152.129350277486,1
2745,2023-04-20,33,53759.77341815042,19045.0484100249,397.6351937844557,4.351598727987079,0.3776463596117155,3,60,2423.8051922708187,40752.07037735597,0
2746,2023-04-20,59,40022.64098767323,16540.039496149395,576.2714032744161,,0.2869958409058756,3,12,2556.6853642791307,35751.52256084362,1
2747,2023-04-20,55,20738.05701127237,20315.201992232403,619.3057547933424,7.57751531802133,0.0642987959801804,2,24,3106.918220859052,45827.82809877181,0
2748,2023-04-21,59,64883.968824692434,24813.230920659364,507.9188733104394,5.872354976372123,0.566661829258263,3,12,3429.374302091606,32604.292212273293,1
2749,2023-04-21,27,34528.14127579743,14593.57121694075,630.9058654249247,9.331402143318842,0.1658480053315914,2,36,3299.6884823467176,13236.506905667884,0
2750,2023-04-22,42,29927.337328874528,1000.0,583.6423023211103,8.503908566820417,0.2613082985945441,1,24,3330.852553160798,26084.165968693986,1
2751,2023-04-24,36,39263.15916066115,24600.36442536488,740.4380558652392,,0.4037516766614004,4,60,1301.229948981529,24282.12062678581,0
2752,2023-04-24,21,45627.041082633456,12830.042099866,725.8415780171886,2.8339664372611035,0.170516310707497,4,36,6248.39533866347,15938.212631186918,0
2753,2023-04-25,36,37470.50635462136,35479.1940781483,562.735554470547,11.162921348009096,0.1259735332620284,5,60,3623.3087446683458,45541.00099521558,1
2754,2023-04-25,20,5000.0,10178.46650407682,587.9329830746643,3.142121236917893,0.0314078625949002,0,12,3880.292515379748,37408.49964084239,1
2755,2023-04-25,34,43744.390384070924,11953.63316931492,594.0841947513286,7.491657114442782,0.4581495429358453,1,60,2908.344444839507,45309.11598714729,0
2756,2023-04-25,31,53838.729451917454,20955.563785865124,563.8672419072302,0.0,0.2682220632910517,0,24,2240.6399651363063,47811.27033405063,0
2757,2023-04-26,27,26634.24224188556,21092.662817019023,615.6019987222502,9.711984630154223,0.7890905138709994,1,12,3522.1279970460514,51347.03255140362,1
2758,2023-04-27,23,63408.29439875431,18380.989740537392,539.3374344889928,0.0,0.2008467401553689,1,24,3694.9294716346176,46103.82611723172,1
2759,2023-04-27,48,53123.063129638256,10520.593299894064,509.5507732049979,4.059390905405928,0.2117823464856618,1,12,4960.594430151749,25305.87104808672,0
2760,2023-04-29,48,47031.62809170264,5718.449048676324,649.8168979120214,,0.2651910544571897,0,24,5930.35543772683,48692.88287876464,0
2761,2023-04-29,65,24788.67500226086,9583.316612386696,650.3623667377449,,0.3864701982707733,3,36,5179.611338321102,43327.07108811559,0
2762,2023-04-30,26,44183.02629337117,2866.736570261957,535.6547392272006,2.773483420837853,0.2794694991822032,2,24,1125.1721790583845,72851.5716868724,0
2763,2023-05-01,29,45323.94885088975,31507.564302309915,671.6284344610079,6.586395092482301,0.4418498321003767,0,36,2757.810657321092,40118.77509809508,0
2764,2023-05-01,61,38771.15387730165,6803.012331689857,549.4737816667734,,0.2032117415017018,1,48,3753.104733276292,45743.49678599399,0
2765,2023-05-02,63,53370.094702671966,12647.566688643745,620.2532190430385,0.6648758882612444,0.1427612422304628,2,60,2832.976267817791,38577.61586778547,0
2766,2023-05-02,43,34589.04162633391,20539.59674435372,665.6275210089965,,0.0802677890886338,7,12,3278.5498124011638,40733.43776044822,0
2767,2023-05-03,19,35925.580303840456,15041.771322738168,597.3109948237029,,0.0164638748094204,5,60,651.9130282168568,39720.79968875356,1
2768,2023-05-03,59,30004.428884429475,10269.31186558103,636.3792729712908,,0.2722896470787415,3,36,4476.099584562464,33480.64635699022,0
2769,2023-05-05,21,33231.44881649633,13811.283920340458,558.6856284889942,6.840484807145964,0.3048529531410167,0,36,989.01428482526,42660.30486632374,0
2770,2023-05-09,49,37750.143238303484,10131.284272398729,584.2826733257522,2.7199072745553154,0.2552844458775224,1,36,1367.721428149167,49326.40663184664,0
2771,2023-05-09,45,37208.35727866055,12964.345122600464,583.5312455295727,,0.5365108695780743,2,24,2064.994852968776,33707.39980944012,0
2772,2023-05-10,23,36534.445965079016,18124.37256341322,540.273732276781,4.3110709958690805,0.5342045314412203,1,60,3211.4158911223344,52533.5993276534,1
2773,2023-05-10,47,53861.46911449342,6706.501489601364,585.8580669507375,7.333988736465219,0.2997795518833247,1,36,1304.9266393597593,50714.65494399693,0
2774,2023-05-12,45,62540.46799516295,23643.525568903104,476.11053609090027,7.2355923907276996,0.0809118330212055,1,48,2007.8430407522956,26796.066222600304,0
2775,2023-05-12,30,20772.21763930641,15581.493818256497,560.7077002286317,,0.264994233791742,5,36,4769.514636220264,25544.654115727837,0
2776,2023-05-13,63,62191.92150204649,10332.096300549092,577.2099605304263,7.841497206375606,0.2600267909124407,2,60,3192.882892051553,46722.301001603904,0
2777,2023-05-14,53,50116.98136736647,12474.929166328488,579.5056198003696,,0.2514297556582913,1,36,3875.267056705911,31186.9632253128,1
2778,2023-05-15,27,26603.820990925266,24339.60334301329,580.6802043303377,7.008175459182442,0.2453421644152632,3,36,1788.0298530211528,24314.340290957603,0
2779,2023-05-15,27,35051.74172259725,21547.270347452148,595.0588640111897,6.553487164076275,0.2519805656412789,5,12,3266.0383026367963,65753.46169230105,0
2780,2023-05-15,22,44259.81729568818,16919.772724421422,638.3553214468851,7.487058691612597,0.292018757615336,1,36,3163.5000754441226,25505.086535519724,0
2781,2023-05-16,46,15174.746588916189,10196.241468774411,669.9613659306018,2.2015645807690905,0.2546688351776665,3,60,2339.2452447003466,17146.06827761141,1
2782,2023-05-16,53,38698.83329132002,19545.94968911032,548.0187818521387,5.570257470179566,0.3812483762938388,1,12,3269.48695318601,28244.59917368328,0
2783,2023-05-16,29,47883.18520285127,15113.275836148028,503.7439315688685,,0.4040553073857291,3,12,968.176717304686,43474.722905838455,1
2784,2023-05-16,39,28834.432602931272,28965.35222938389,516.6364470205517,8.34716288848618,0.2134032369226265,5,36,3881.5942637534977,41103.2811600132,0
2785,2023-05-17,63,17802.169854711643,14699.640336608069,561.0237663044059,8.34253350078598,0.540659798901055,2,36,2833.9674363919044,68308.20145247248,0
2786,2023-05-17,56,42979.653270811024,28470.54210664964,571.8462945746793,2.342230164937138,0.2029906547239078,1,48,3011.809093553986,28474.105783408533,1
2787,2023-05-19,19,73123.75643495261,16558.647656929883,538.4003147042034,11.234741981843325,0.1073299079276994,0,60,4398.040585979313,43542.34610481885,0
2788,2023-05-21,31,29301.51984063168,6705.239230827097,496.3106668600085,10.295254003054945,0.4071167107047577,1,60,3873.375180155845,56927.33332583725,0
2789,2023-05-22,27,29694.32401067037,41373.74029955312,563.5103338020649,2.4034517982713477,0.227388779837849,3,24,2935.409347006944,30114.76227259977,0
2790,2023-05-22,65,36992.59351965285,3424.331827633492,614.5141296091177,,0.3981937206136082,4,24,1937.600796943292,50555.86312103457,1
2791,2023-05-22,20,63545.91308861615,1000.0,647.6023572668452,,0.0,1,60,4994.160089317822,12517.433487115384,0
2792,2023-05-23,25,15213.931219108454,1000.0,555.4061557513343,2.8356782074806555,0.5588683912224601,5,36,1658.1808309237265,66381.31809116108,0
2793,2023-05-23,34,51547.3619690591,36917.45708337212,566.9601742285253,6.745167872142552,0.4508440112060603,2,12,4120.041961584772,54921.36642260823,1
2794,2023-05-24,21,32936.002032604905,31991.923522542816,525.8641352922151,5.635173817172782,0.1249285176255497,3,48,1336.590903075377,29789.875041865424,0
2795,2023-05-24,38,34229.49986713675,16152.093653355412,597.4848663700179,,0.1281834314230571,1,36,4480.674962264739,52447.26666750574,0
2796,2023-05-24,47,24847.49920575637,18473.13619207454,532.1257092647348,,0.6008398856146291,3,12,4596.584399437794,59697.74349189901,0
2797,2023-05-24,36,36265.43262323258,17007.371982164783,645.850225059296,,0.2393930144753062,1,60,942.5697793477484,20669.971242749078,0
2798,2023-05-25,32,25280.518551171248,1000.0,457.1306806452711,,0.2248722726901064,5,36,3895.002149193252,31001.83151537829,1
2799,2023-05-26,37,31865.21371472699,26670.620373428,571.229626203803,8.688887237369165,0.0100921858776075,4,48,3791.4628930206513,60191.25120764399,1
2800,2023-05-27,59,5000.0,25622.87942006572,624.0885871353394,,0.2973832691597668,2,24,4212.144964190867,41012.09334159944,0
2801,2023-05-27,47,13991.314045345382,5151.255525873841,614.7067613058003,5.44363582667056,0.315842057774637,3,12,3789.883677106232,46542.49248549225,0
2802,2023-05-27,27,45050.8447239475,17605.46475070181,815.4426931184397,5.453255843557439,0.4573239645154228,1,36,2130.4387173455552,41052.95842909435,0
2803,2023-05-28,40,58933.401308880144,14412.686180860246,627.9840019654326,3.2440405315046004,0.1401382357723286,2,48,3061.792123995994,53372.33265498716,0
2804,2023-05-28,41,88447.43690214292,13310.728159398854,519.6756322526392,12.408501184033584,0.1219569811639085,1,36,5414.141503875795,47693.974608220495,0
2805,2023-05-28,29,53868.30486359953,9567.221091444346,592.3628602328741,,0.4176443952164715,5,60,1948.5664883963664,41593.25895883004,0
2806,2023-05-31,26,32279.53883025644,14101.415062387438,457.9002933226839,7.783844075393651,0.5010095106840597,1,12,3736.905781272299,8474.610282740206,0
2807,2023-06-01,32,10245.527906554267,10785.233328786986,593.5520200562592,,0.1143271473323175,2,60,4772.400675777146,49600.15945772413,0
2808,2023-06-02,46,48096.49645486231,23513.93036138821,533.3555154399393,3.626418550455995,0.5122271129449611,0,60,2094.892322257527,50938.61464988817,0
2809,2023-06-02,35,18212.118305315787,14778.869619171615,673.231222044813,,0.3556312762230232,1,24,1562.3500244385668,21406.91690864459,0
2810,2023-06-03,37,27892.33823181245,9459.640350488478,556.0367780323572,4.680577045171265,0.5137708008611968,0,60,1750.7054162694276,22426.01637646596,0
2811,2023-06-06,18,53290.41080517079,14798.295624020191,590.6587267363802,7.091884785568549,0.3394669457723575,3,48,3827.047535303833,47763.97893504395,0
2812,2023-06-06,20,44413.075298944124,13869.60883355545,549.1553726876477,,0.0,0,12,1740.0786170937156,42914.87602201404,1
2813,2023-06-06,25,26064.02588659561,13532.920129816708,739.1081081482665,10.447558471056032,0.3272048926525941,4,24,3164.133282543238,10378.096271175094,0
2814,2023-06-08,56,14404.00884292827,20416.71008272308,574.300578710567,3.2370628854906185,0.5090215728006905,1,36,5047.422578712359,27669.67443781633,0
2815,2023-06-08,48,43183.6523191922,12786.8727255566,746.6045634783361,3.309852237721176,0.2159380971374428,2,60,3269.198177822545,44707.64648353052,1
2816,2023-06-08,64,45035.44873232113,10431.365577852364,665.1321409694613,7.645044377008934,0.2918052546638821,2,36,2361.067348132329,50150.15303753302,0
2817,2023-06-09,25,62557.92529161256,4119.074292609088,638.5653381868309,0.0,0.3235799744673532,2,24,3490.095424225065,31235.21170261297,0
2818,2023-06-09,32,5000.0,14931.240676845857,629.4986517854015,3.310642554396914,0.0,1,36,3247.492265747927,37788.15267252456,0
2819,2023-06-10,39,41773.26806948136,24962.826496445305,631.5037838573002,4.608175376285739,0.6007021363156214,2,48,3899.1553818373854,26809.718414580668,0
2820,2023-06-11,49,53751.52406086559,14009.52380137702,445.7861936523512,,0.2147936480154238,0,24,5357.264025606899,59858.85511242296,0
2821,2023-06-12,22,33696.311111931456,10985.607788529702,577.6893284679395,,0.4258603148709198,5,12,3829.2944068795528,42618.82416289014,0
2822,2023-06-12,61,16050.10297714283,8942.113208894081,667.6126376947457,0.0,0.3369948295777686,4,12,5875.561473040713,29984.6757577788,0
2823,2023-06-13,61,26128.159740917985,1209.324391980561,596.0882253220716,9.244058054069413,0.538642858453904,4,12,3902.4607126802607,22655.47851737773,0
2824,2023-06-13,26,40561.22966070195,24411.6176088385,487.584812255714,9.08582798940018,0.4109084183642121,1,12,2374.1692174482782,20996.689468015476,0
2825,2023-06-13,58,32694.99166163843,18877.61400179427,595.8076439538024,0.0064657763875999,0.3147613592718538,1,24,6193.7120761190845,67173.32078878496,1
2826,2023-06-14,32,44558.316389287385,21157.04232275569,736.3284413004393,,0.2159727361221079,3,24,3177.3108116518124,37397.32233707326,0
2827,2023-06-14,64,59190.29014549134,17008.55648781556,699.7513372427776,4.594735876873929,0.4696776052073208,1,24,2014.7180434695767,34007.18364732627,0
2828,2023-06-16,69,34010.104249304386,8557.139226799354,595.0396792507174,6.678391390809017,0.0689838044068074,3,60,6237.994162870752,36801.34278202448,0
2829,2023-06-16,61,58295.88809381395,12465.2542471075,676.1159421646469,5.841797975553746,0.4468835630413839,0,24,2416.937225607734,30546.853207947664,0
2830,2023-06-17,54,38265.198505218985,10995.683931333857,570.6794383705559,0.628228663076241,0.185143287266769,1,24,2367.846543288464,38394.84260382135,0
2831,2023-06-17,50,45083.94077199517,11665.11863430598,463.6902730538625,7.406089805812872,0.537842549293496,3,24,2643.9951982778225,40523.92605407453,1
2832,2023-06-18,39,38243.439158661575,11714.168880180285,526.0427209496356,3.344082836694567,0.3741949313994042,2,12,3539.11634998609,40225.05298213282,0
2833,2023-06-18,68,45472.43183413247,23838.210944446542,725.0311014806558,0.0,0.4466185651775163,3,48,4496.910080144443,21061.03301985318,1
2834,2023-06-19,28,48081.11388513924,31173.719889234097,578.0805534536556,,0.3622983220737079,2,12,416.6666666666667,53386.46470072291,0
2835,2023-06-19,67,49627.16134000347,8021.807238916826,580.5292816499986,0.3104319626355192,0.0871434357288504,1,48,4491.458939972711,31705.608502891497,0
2836,2023-06-21,23,40048.66516117299,13646.32209339498,576.0129442980095,8.434319186432859,0.2208906254906992,2,48,2640.1650804212945,30120.049791837795,1
2837,2023-06-21,34,5000.0,16734.256573708855,752.3309271658405,4.126953338478428,0.4508584006417073,1,48,2817.2152793831665,29442.609752011864,0
2838,2023-06-21,63,48933.074832999024,7156.376832251185,730.076713228965,5.236773803399368,0.3749983726039765,1,12,5477.32309698498,24212.92460303354,0
2839,2023-06-23,61,10445.67075921754,15422.497619954109,777.5024186758508,6.559045324545475,0.5271484857958508,3,60,3599.968533169583,44016.96497930969,0
2840,2023-06-24,22,30896.72107424331,17813.100538662868,587.2763831679958,5.314807818157219,0.4104911844555757,6,36,3892.960018164711,53424.7295851,1
2841,2023-06-24,56,5000.0,14375.909694189591,623.6499590997676,,0.204994716394601,1,60,3272.6331898088797,29155.1617204928,0
2842,2023-06-25,65,65478.29809100831,20016.22932735375,478.6685960463367,,0.2305903793419048,2,12,4287.886563186253,12353.113219273422,0
2843,2023-06-25,26,46259.55192255426,15002.629789345052,718.1547540894619,,0.3654376085784855,5,48,5355.846549526931,24593.28103587365,1
2844,2023-06-26,46,35112.82326265399,1000.0,506.5776358985652,,0.0028933900999841,2,36,416.6666666666667,33275.710760589216,0
2845,2023-06-26,40,61283.56104212775,7315.971720280996,617.3420451010103,6.06434320979456,0.6010162828434478,0,60,4689.1058217536365,21528.47032853121,1
2846,2023-06-26,64,47980.432541760325,26459.258061102024,512.2157977893725,4.758470393166459,0.4162620104566336,4,24,5267.124663177525,31019.024664968936,0
2847,2023-06-27,53,41868.861369131,19162.25649440554,552.8906538609043,,0.5340551895573308,1,60,3959.662393209074,31727.097635788992,0
2848,2023-06-28,48,45927.1649973536,1000.0,533.019005516024,5.377251680093467,0.1129094088786246,1,12,2486.630304952272,39767.64966824609,1
2849,2023-06-28,37,34269.07768967922,2918.7185754474103,551.3699791459346,5.167934853619311,0.5366847740532883,0,36,1892.9927734581115,18175.68300621563,0
2850,2023-06-29,40,21404.733461979817,20774.561849824444,556.8701837480817,,0.6847248366541623,1,24,6285.640441974912,48701.70059488459,0
2851,2023-07-02,24,54413.37512523191,10390.76358915881,556.1384964059938,,0.1518682466934023,3,36,2202.103725054753,64914.08228049685,0
2852,2023-07-02,63,38935.457952309305,1000.0,666.6667129424245,0.0,0.4657102692355649,3,36,5230.385297153648,61436.75808220152,0
2853,2023-07-04,53,13613.167073289696,23475.124537517568,511.6109765549984,5.001763961892777,0.3501664917030939,2,60,3821.472488928048,31239.337790526137,0
2854,2023-07-06,21,47610.65324145132,20790.966999261487,617.6433141611094,,0.1183349227627633,0,48,5890.621840851859,50029.82741737539,1
2855,2023-07-06,41,40612.85081970727,8365.500483553795,697.4367321844447,0.3074257047190478,0.4239325957777804,2,60,2935.508127946001,48253.80708853016,0
2856,2023-07-06,31,65497.294569285456,24960.20508578652,558.9442908389283,6.093592813846893,0.4750404807256022,1,24,1323.8571788122238,39347.122556061535,0
2857,2023-07-06,42,44027.98478393079,8668.714604979346,542.5664887401919,0.7801043779038981,0.2598310170996729,3,12,3336.046892328261,42655.08461762685,1
2858,2023-07-06,24,22284.15586555351,10016.761417492911,581.5580299855799,7.531279888605435,0.5248874780382834,0,60,1475.2737859578122,50245.656952885656,0
2859,2023-07-06,32,13147.714507049735,11114.436749030749,694.3780166688568,,0.0999854889816203,1,48,6679.65899734283,53250.63706560162,0
2860,2023-07-06,61,58964.418806730144,1000.0,615.5286104762686,,0.1257865780325533,3,48,4120.206113434428,27824.916048974097,1
2861,2023-07-07,63,39045.6389972147,18301.66213778753,557.5028564313922,0.1894068826521806,0.3704896093383128,4,60,4305.9963950264055,51215.37084974024,1
2862,2023-07-07,30,27012.93606112176,19160.840659825157,638.7101320950432,,0.3538077916958407,0,24,4306.796187115901,64996.93785228168,0
2863,2023-07-08,36,29205.022462366407,11331.778860672566,511.8166280130861,,0.2425139767363842,2,48,2466.346232554175,53232.724630263096,1
2864,2023-07-11,29,59475.16144158032,20650.02698875881,654.5087608354359,,0.4714391653957828,1,48,3168.2952176870144,63046.94372934791,0
2865,2023-07-11,65,47077.13648880601,2270.9922238538056,632.6885846161414,1.6921574726363326,0.4296341471323924,1,24,3471.289122533048,5000.0,0
2866,2023-07-12,43,56457.66325573444,20488.64350879977,575.3753223088893,,0.4787208606401023,2,24,5763.193912607654,48935.63593942141,0
2867,2023-07-14,65,43678.2205705656,17603.18528792266,532.9131361242215,3.843177681837709,0.3315295346971598,1,24,1886.968585105418,43963.769048623086,0
2868,2023-07-14,50,27450.664755071804,9474.497153254106,529.0655262173234,4.021749522860104,0.4403870401967511,4,24,2422.603471139834,55406.27045835349,0
2869,2023-07-15,32,66798.65685968102,18312.92373833404,642.7853869076728,,0.2831524545455008,3,60,2879.6694505508144,23115.60763632397,1
2870,2023-07-17,54,34134.25411031362,7947.30069589013,698.318440199125,10.753229227460796,0.6580728035129892,3,60,2491.275009445032,32407.883623424237,0
2871,2023-07-17,23,52066.16456385365,23840.88723043353,549.0153802376964,9.086319162984172,0.2281181344817021,3,36,1509.6752651863949,53508.05099470972,1
2872,2023-07-18,42,56263.22806212044,19216.413514100896,636.6709362841187,,0.6657946144187468,4,36,416.6666666666667,24104.97163813252,0
2873,2023-07-18,34,40093.993598726105,17909.141476180892,433.0378385118345,7.166341618406886,0.3552331920634112,1,36,1049.7777512442915,43634.71386177072,1
2874,2023-07-18,60,23301.65415284409,11301.022645577012,553.230581547424,0.0,0.1436733665646885,3,48,4707.120749060196,39745.92125641677,0
2875,2023-07-18,53,29827.6143542947,21201.45463295737,597.5152853703279,5.407699660591711,0.5552119025732901,3,24,3323.0597071093075,37061.03999700979,0
2876,2023-07-19,67,50157.74714674639,24629.68428316079,527.2253266414533,4.290053285087415,0.3688852082592438,3,60,4377.75697865092,48590.47963145335,1
2877,2023-07-19,69,48007.30105377853,27855.14160385769,525.0794900168323,,0.4776686147570357,4,60,2605.1913384478808,23267.488189309504,0
2878,2023-07-20,63,59509.95050148405,10637.7034359247,546.5776354824891,6.865791098079865,0.533578387781389,1,24,3210.4137580094666,28298.24827554811,0
2879,2023-07-20,26,57089.41336710022,21548.296419481205,623.3754182661098,,0.4006933331217537,1,36,5349.7802095319375,37911.2680682956,0
2880,2023-07-22,45,25705.43462592689,26163.52392470042,585.01367852749,,0.2611638732780778,0,48,5274.236590405104,21982.26452243629,1
2881,2023-07-24,52,61654.622127693896,13055.647498842023,420.9415013340022,3.699367940769553,0.4963570066503875,6,60,4510.798499073676,58463.82703499563,0
2882,2023-07-24,20,24607.35538054808,26243.429452287437,430.3439877891946,7.902934536217387,0.3501133261181893,0,12,3586.355567446357,28018.49293854936,0
2883,2023-07-24,28,48921.92059864911,16270.91738495854,551.450785771426,,0.4528786727912628,1,48,3980.795117769884,51794.94400061341,0
2884,2023-07-25,37,76321.97699442712,6850.769749578722,636.6149268842842,,0.0269404139312807,3,48,3796.6312066400737,26867.45039579027,0
2885,2023-07-26,40,44687.27497295956,9320.277807730152,380.1996125819812,5.296227405749809,0.4170472575514777,1,36,3124.6748412656857,50562.95809214127,0
2886,2023-07-26,47,13318.274051272248,3452.6845099315906,560.0215859078695,,0.2542121262282454,2,24,2827.871071532836,15867.269883296569,0
2887,2023-07-27,54,35111.53573171189,14688.759196635689,557.9001714786064,,0.5979964455767796,1,12,4736.293264959741,61129.231015667625,0
2888,2023-07-27,53,72622.56560594772,13718.53147011993,711.0670222566758,3.9732802400823264,0.4434631021833642,1,36,1713.798897213164,57026.99507659951,0
2889,2023-07-29,61,36893.54782695045,16507.122519252374,569.1982550629709,,0.3859786618773945,2,24,5192.531179894136,31711.247378161712,0
2890,2023-07-29,29,59904.91050231864,25893.61695945861,630.6391187792743,3.633055383628279,0.4229464990025332,2,12,2989.029824898565,27615.390518842996,0
2891,2023-07-29,53,25650.64551838456,14868.533526393929,611.300571206997,,0.2002338720684922,2,60,1690.76645246123,46867.03768750181,0
2892,2023-07-30,52,34664.839791279315,12862.965514859412,429.554681615424,5.369756781661895,0.593488503579208,2,12,2651.452261212568,17108.40667294376,0
2893,2023-07-30,51,36764.440334070845,13403.95835704567,661.456577330539,,0.6487055627625357,2,36,2240.3234744692413,40521.28130191377,0
2894,2023-07-30,21,69263.7125691074,1000.0,617.231720436503,,0.4089370265822324,2,12,2613.740393203521,27886.173476232405,0
2895,2023-07-30,41,35410.90219316726,20467.72222546736,640.6614911739672,6.164057669640071,0.5885605352860458,4,12,2590.8914349743773,36185.34827083039,0
2896,2023-07-31,53,11718.367407639224,13793.66020031658,850.0,4.447318332896681,0.2646277701991198,1,12,2541.2148691143047,30342.268433894973,1
2897,2023-08-01,45,75729.73554112876,15642.654092153807,433.2709648401129,,0.2304329650662528,1,60,2948.3869981585394,28024.470506593272,1
2898,2023-08-02,56,43412.00901821048,13393.880491784052,737.9757319808887,,0.3561387123093384,2,24,3252.366668256993,65571.91236436879,0
2899,2023-08-02,19,49819.95944097269,16019.080798615982,577.0041984479716,8.604773224694855,0.4152411557551848,2,12,4288.157877309543,51708.152250054576,1
2900,2023-08-03,60,15897.13080455736,4505.931644197464,622.9863123522407,,0.2909019978135319,3,48,3027.1425433494587,17802.05526741781,0
2901,2023-08-04,22,43866.46830112828,14991.355541960034,596.3590203759006,0.0,0.4306652285552725,2,36,3740.8593416178255,26862.79892848887,1
2902,2023-08-04,45,40286.45068468137,10167.741676436764,566.0610933281565,,0.3959584223110121,1,48,3342.7474733940053,52861.73544002369,0
2903,2023-08-04,30,25506.12418509957,15279.433070038232,554.4133657408993,9.70731013398186,0.2002539837063417,3,24,4009.059296449532,54530.302657067616,1
2904,2023-08-05,53,50019.340673816485,6880.300694170544,626.3606988458407,,0.4278189526177581,5,36,3391.677507903158,19223.759565207307,0
2905,2023-08-05,26,14404.372506977226,18828.516323203054,478.62610426626566,,0.4795292363782281,2,24,2524.806114187121,50479.07273036955,0
2906,2023-08-06,56,25400.441624608346,15171.242572303798,660.0463334017412,8.538012975130783,0.3757203976385586,3,36,2185.5837675326006,43975.43674199533,0
2907,2023-08-07,47,58179.310789972245,4636.165876609197,566.7044476091796,7.472068538110525,0.5228972154892538,1,48,3596.120331463602,10874.95052401597,1
2908,2023-08-07,44,29112.48543793813,22570.68450291771,509.59445287677136,,0.1673894309754572,4,48,4925.056445709131,33952.03422410036,0
2909,2023-08-07,30,32599.630464122303,10885.2699154351,563.998971360335,,0.4201925633197777,3,60,3046.927549571165,37957.55025474246,1
2910,2023-08-08,59,41350.00424465985,12131.040405095586,700.5719373490058,4.8204225664595,0.1744578940404837,2,24,2457.2537660480803,40727.37708051023,0
2911,2023-08-08,56,34420.79102958144,21385.73562856528,557.1731930387022,,0.1828877962650368,3,48,3013.119989243872,20191.258190199656,0
2912,2023-08-08,67,50363.30693143576,23587.040921109045,628.6762894567696,,0.2553603749393315,2,36,2631.590194705222,28554.7674372294,0
2913,2023-08-09,45,42639.67133508422,11272.977241762015,541.5234979427621,3.268798146065064,0.2086909724638632,1,12,2499.6076844434406,30655.843920273783,0
2914,2023-08-09,35,17400.338166193695,15891.878537208622,660.6337479938895,5.438961210867734,0.2678006271888293,1,12,1528.840106458019,31964.86425010374,0
2915,2023-08-10,51,28976.88900039471,20455.7508839478,654.8406191032163,,0.3178774533933217,3,12,3027.822975505973,32215.03829120776,1
2916,2023-08-10,38,27354.42210342888,25106.09137864921,747.8887066637129,6.359498337535028,0.4755731729497076,4,60,3628.054775637567,38010.50633628275,0
2917,2023-08-11,18,33048.87498252242,15709.41853380124,585.9548843600628,,0.3018261441941446,5,48,1980.9531368357684,44644.549226656265,0
2918,2023-08-12,62,41679.65149121125,18773.891315803383,653.4923843806325,,0.112156143984561,3,24,2235.408645498516,66613.3858677187,0
2919,2023-08-13,40,44594.314759695946,7688.453181535939,607.8454031631155,,0.521010176974274,2,24,2148.255840223067,53063.331303198494,0
2920,2023-08-13,51,5000.0,2901.5741582117244,703.6697425490412,,0.224436479957744,0,60,1599.9858745255813,59752.9508426463,0
2921,2023-08-14,53,55375.89088937844,19439.183416062915,542.4934089913015,0.0,0.3411919359343057,3,36,2138.843203784249,32788.664724644754,1
2922,2023-08-14,26,38636.98478713901,8544.589444077723,659.6004250301825,4.270868850651039,0.4169804760411067,3,48,3086.0127973008844,24941.152746356056,0
2923,2023-08-14,25,23194.02832148789,7605.1429451321665,584.4242163106654,0.1336675834763081,0.3799415627604174,3,48,1655.7610757772848,52021.37913320998,0
2924,2023-08-14,67,54284.80603496228,20131.35815093373,594.8649458313201,,0.5141269321282214,1,36,3161.405249002288,39756.8359017286,0
2925,2023-08-15,47,8416.287531926082,13820.40873775582,607.3401987558698,7.613123693447025,0.4218504715089138,2,36,2453.999842757815,50954.76700194305,1
2926,2023-08-15,65,16364.136055026782,16820.56226252078,620.1792317141342,,0.2208035630454337,3,48,2172.1057598079647,26765.49663122437,1
2927,2023-08-15,53,71937.33793614892,4734.059462832203,590.7016765502433,3.729161327701821,0.6767843260987492,1,48,3804.8443537997487,49728.65648151464,0
2928,2023-08-16,53,42194.58961810319,7711.431309763359,617.1770546536421,,0.3791500195007349,4,12,2533.176326690955,37371.257703851625,0
2929,2023-08-16,35,28941.29994435965,28044.951840930906,726.2494446049748,8.718225716855766,0.327898966006774,2,24,2745.816000748771,33086.48523297596,0
2930,2023-08-17,19,41627.475088946434,9735.95319182291,678.8359748492175,,0.4945888134583356,2,12,4955.841845833605,34498.66351524983,0
2931,2023-08-17,28,37276.45818710332,13373.659959352884,669.5323673997517,,0.3874176418895108,2,12,2183.263791155869,47356.50125871816,0
2932,2023-08-18,69,40536.63227943678,16898.90404377044,563.5568379180903,9.712129228796188,0.409884228940899,1,24,5290.676517823788,51612.119745165845,0
2933,2023-08-19,53,47337.01730611805,6440.313137159339,528.8607337417341,2.817935891986437,0.7238275997901029,2,60,2898.5944220175074,34503.78763418714,0
2934,2023-08-19,48,37029.62651561948,25822.39876556576,676.4240446590202,,0.308731785761743,1,60,1913.165042243377,45164.64742634994,0
2935,2023-08-20,48,45320.36479059036,15060.023795853504,670.0837434023836,5.540390299692493,0.3023358658973906,5,60,2640.897907005812,45112.24591499767,0
2936,2023-08-20,41,37629.63279870579,13108.682957770918,717.8136540600785,11.98151549328214,0.3674867768018695,3,60,3419.3019666112973,51075.0529004744,0
2937,2023-08-20,63,27686.990988853075,23544.906308023103,551.6815499224616,1.6478800190869984,0.5107273903371558,1,36,4901.463158134225,54803.72789924731,0
2938,2023-08-20,38,23408.97320557433,22294.399571285965,581.6361075711723,7.266078124870588,0.1240198954714401,2,12,4331.8643440374335,67168.32080909068,0
2939,2023-08-21,49,59786.14287052412,30735.92705896533,468.8412669979653,,0.0551666162785242,3,36,3413.216895627968,33022.44420215482,1
2940,2023-08-24,66,49711.11289899654,11503.741661364293,568.6023115151302,1.9773518868457165,0.2619327094069778,3,36,4908.278310194738,61900.14849490277,1
2941,2023-08-24,47,55555.93434646641,32546.220024484883,679.7256408463558,3.459678521200803,0.1049115561411069,5,24,982.0370234989764,41756.1156259201,0
2942,2023-08-25,25,40056.49605262381,20169.122084816743,562.6803696617442,6.394528903266658,0.2862752978711542,1,60,3645.1352459081513,23577.98191882452,0
2943,2023-08-25,50,43385.06448944782,28523.227544115347,651.2383836160659,3.3507758865244504,0.4253749544193935,0,48,3720.757991615335,30242.73270929092,0
2944,2023-08-25,68,37324.534041797786,22886.43128275442,584.7597515201751,5.398744747674444,0.2163876704671604,0,60,3736.011417807064,46989.40180324321,0
2945,2023-08-26,68,57362.36096803747,9864.152211636148,625.9245622577248,2.8475103669836743,0.1359760134827986,4,12,1320.644375847447,50856.41067888211,1
2946,2023-08-26,56,34827.30949618665,8330.326752330926,508.1846888147466,5.244464595858068,0.3604005742573021,0,36,2062.1928312352416,24755.98214908256,0
2947,2023-08-27,18,25239.528741243303,1000.0,606.816755970712,,0.4793815226922755,1,12,3125.240305636175,28541.73615072656,1
2948,2023-08-27,50,47819.16058324319,1000.0,360.70912232794217,1.1814828775795547,0.095753984222508,1,36,4726.822714535181,32003.250147116305,0
2949,2023-08-27,59,37717.96169809638,10101.873877508902,585.0483073470413,,0.4730348597458976,2,36,5727.41395298041,27049.479671529047,0
2950,2023-08-27,30,43748.78491036511,25136.039988976503,469.5621405027888,,0.4725959305607489,1,36,2502.789268854055,11798.7251462877,1
2951,2023-08-27,39,50666.88640162968,11014.98271827926,696.4795613237453,,0.4931127653234942,3,48,1696.0248433694635,6710.294305550422,0
2952,2023-08-27,22,31313.13936796677,9588.576911366135,662.1925882211609,,0.532772032230753,4,60,4353.035128864735,34272.89326752443,0
2953,2023-08-28,29,36716.16589881982,20597.090215613847,637.3336785572865,1.60529162212484,0.6803020886989424,2,36,6601.295847459437,43781.1893443955,0
2954,2023-08-28,46,35343.83442610035,8107.73465453659,721.6804981727504,8.10143130525802,0.2965861927071417,3,24,4717.009124959815,49833.78410137976,0
2955,2023-08-30,20,59301.86503679515,29724.52094484892,524.086678334013,,0.3664357370116787,2,36,2397.5424283408006,19564.98889038333,1
2956,2023-08-30,68,40214.792616958446,12906.66009403487,739.7890558332447,6.523173152449611,0.2875342350127962,2,60,6909.757449854847,19819.913239109526,0
2957,2023-08-30,53,42345.65787988925,22445.5090712963,674.5753251408307,,0.3502965267133716,2,60,4191.832858919475,32081.070953434657,0
2958,2023-08-30,64,22653.395895528764,13399.460755169428,581.0755770224844,0.0,0.5799310033454468,2,48,2344.5668163437163,40050.13679332858,0
2959,2023-08-30,62,50961.91885470548,15196.617138185147,690.8496117746355,6.7809183931268935,0.1482478274103996,4,36,5751.211041255472,55131.724005951975,1
2960,2023-08-31,28,46421.61090177452,24016.686604417868,511.49651900706925,9.765244371367206,0.2208425491751636,1,24,2245.843569084783,50765.8310378533,0
2961,2023-09-02,43,27471.424523124257,16834.803418901894,534.0388670777861,8.216639103299467,0.5565771404756842,1,48,2556.972685005904,34482.57743279405,0
2962,2023-09-02,19,68844.90182242738,26950.354782945004,551.312822140824,,0.5030054760353134,1,48,4241.609361259739,45402.32956926647,0
2963,2023-09-03,46,45057.91633762843,8733.729769597494,557.6817833548788,0.0340288388122633,0.2955302529774383,5,36,3302.2016859717646,27346.91141304744,0
2964,2023-09-04,58,30645.84414091538,4607.764135582989,515.4753885791798,2.8870633714995826,0.4781603001681079,4,36,3379.592248339292,41115.18633474735,1
2965,2023-09-04,46,39957.215939902766,1005.3897373626878,697.846645367626,4.565481531409635,0.4011823763738049,1,48,3381.69771038683,39063.65060449685,0
2966,2023-09-04,61,34471.406360400426,25039.725829026505,579.2916479704135,,0.5750411913501482,2,48,4726.433240671035,61064.534347419816,0
2967,2023-09-04,53,63158.15741584003,22212.707593777766,628.2003974685504,,0.3611764390740158,4,48,427.8450336938046,47403.326257381865,0
2968,2023-09-05,36,53997.71158543317,12874.896565501796,554.3718906869055,6.257347617970775,0.5038448170808874,0,12,3688.975690691421,28438.22430995946,0
2969,2023-09-05,27,46810.52643813446,17390.042495905505,454.35173595611866,7.990224504941642,0.746301786573893,3,48,2970.5791119826863,28591.677612809774,1
2970,2023-09-05,28,65752.68895828296,23555.546204448183,621.6045886713138,0.8108043036358561,0.4397148732571199,3,60,2392.7132926700638,35003.627006578005,0
2971,2023-09-05,24,24426.53904262118,13478.143142084358,447.0196019664178,,0.3573992248692265,3,24,2389.4128109166654,16533.009933353846,0
2972,2023-09-05,30,51638.463234871975,1000.0,594.5092763131626,5.669759150369388,0.4583670477831468,4,24,416.6666666666667,36549.69432779816,0
2973,2023-09-05,58,48208.7566460108,1021.5570509409664,490.5347968933752,9.86909988471888,0.2952078712694172,2,36,2335.310703831841,37845.11185527456,0
2974,2023-09-05,61,36543.20647417279,6242.667686565137,758.9820799384646,7.384492441376842,0.7081951558287098,2,48,4946.4117395075045,46997.903184495575,0
2975,2023-09-05,19,36610.18975733066,15817.636075363636,672.9090177739778,5.38968142535418,0.3770106556543972,1,24,4373.401930867757,49181.88028223276,0
2976,2023-09-06,47,53847.67458434377,7467.001577224033,608.4603033017185,5.413193278033273,0.309060001966173,3,24,3094.106130340218,41483.746140820585,0
2977,2023-09-06,39,52748.32969331337,23267.898342146877,701.0965342123735,5.006390817594964,0.2246466492469945,3,60,1569.263681032513,15550.109700406583,0
2978,2023-09-06,18,18666.097266847464,4811.207991713742,532.2947218027412,,0.5145830287409657,2,60,4360.670548657244,21684.30203278396,0
2979,2023-09-06,44,67246.30857042165,9452.295773228549,643.4783502936075,6.836163314486376,0.4800781119241608,2,12,4970.6438479088565,30923.426146008707,0
2980,2023-09-06,24,57141.38047624218,1000.0,615.984834697497,3.896045068466963,0.275396844287886,2,12,4626.076671830414,49784.37172952334,1
2981,2023-09-08,18,35776.92084763928,11438.46630282392,621.1216065066936,,0.4364677017683633,5,24,2122.426389600371,49277.85956611987,1
2982,2023-09-08,42,28131.257053486486,15056.970950521712,701.7882800085414,6.3982618947659615,0.1237166047680715,3,36,2252.2349822549745,36258.425903578485,0
2983,2023-09-08,65,56656.68916283948,23622.06867294659,658.5993682223842,3.731544950888985,0.3777455862609734,2,24,5403.222406888601,75395.9561465031,0
2984,2023-09-09,21,47446.01495468042,15959.875070705057,623.0978930260019,2.539555674090076,0.4179134528115041,3,36,1821.7445314621327,63423.51377598535,0
2985,2023-09-10,47,50746.11086948564,20927.20260694575,467.60900510173633,8.545862292654608,0.6060994714338834,4,24,3931.100040227797,58598.79096777857,0
2986,2023-09-10,25,48562.81846172652,23040.905795400693,523.196296377643,,0.2343771795906965,3,60,1111.1631494918402,50509.87231888949,0
2987,2023-09-11,66,58218.2116300744,18138.19803900313,590.183285312342,,0.1582471056796513,1,48,2957.939124115939,46878.12630762571,1
2988,2023-09-12,38,52839.04688050112,7827.106212493739,607.4697899421321,6.745456303739656,0.2156858058612437,0,24,4064.771334251278,45783.6405416661,0
2989,2023-09-12,68,31991.841764897115,18236.832280344017,509.5837020260861,,0.149514724952762,7,12,3295.8758869056924,12924.563074562995,0
2990,2023-09-12,21,31113.116863248644,26902.4347865641,792.9341340462737,5.685920416640318,0.5504986036638474,2,36,3988.2249846522177,24230.73464807938,0
2991,2023-09-13,21,45339.26822266489,12480.470721738317,721.3115244202859,,0.5822958942536054,4,36,1800.5769887661515,36667.948198771024,0
2992,2023-09-13,25,74346.19576710003,19437.207513705263,648.1694656313987,0.0,0.3980324866923243,0,24,2308.330877713764,41918.087431163614,0
2993,2023-09-13,59,37753.20674319847,19230.67066999809,605.7629489026996,6.159050940282194,0.5331942418527722,1,36,3935.60630645692,38133.1521573611,0
2994,2023-09-14,43,45446.83024278171,12048.18678789304,583.0232824079079,5.78546880351264,0.3700937570870353,2,12,4204.443510898803,44084.151718164976,0
2995,2023-09-15,46,53418.923004422606,22498.632579472665,523.8465231982211,6.06147780572215,0.3357332528448851,1,60,3608.0993996619113,8450.49175386041,1
2996,2023-09-17,33,33711.8449047147,11922.467001542263,606.198441481509,0.0,0.3000443571419357,0,48,4517.155510406224,47584.96454229,0
2997,2023-09-18,36,51962.261726982506,18624.41253009538,620.6202032114201,0.9479720856999894,0.3034413512933651,1,48,1261.8234101192377,40932.063337179934,0
2998,2023-09-22,18,40209.67935429527,13085.0084604101,500.65915396147005,8.487564349546574,0.1178297665536453,1,36,2750.585895399759,37188.25061862543,0
2999,2023-09-22,54,58748.44753818979,15349.023768794865,626.7341133795918,5.221705602797128,0.3896382145411008,0,24,5611.688049866064,53909.68051790391,1
3000,2023-09-23,51,25831.1846384752,22468.586683586385,587.5792760940201,0.0,0.3439499134678934,2,36,4937.669369575483,24316.99924945665,0
3001,2023-09-23,46,74708.30910139045,1000.0,447.3753953698088,5.25377019886434,0.4618041086116813,3,12,4125.381039592764,36446.57721058012,1
3002,2023-09-23,44,35312.62978240549,19935.9742476726,531.1691991376399,0.2906085894657275,0.3640285244657914,2,24,3139.124616638954,44266.27617097731,0
3003,2023-09-24,65,47821.98045552795,20657.34651927009,566.9115573262685,,0.3255944447646362,8,60,4626.852868770794,27204.83037085538,1
3004,2023-09-25,62,40073.21860927888,10400.793175596486,751.0150125872152,5.7607388192216025,0.2193210454988553,1,12,3869.7602329103415,9949.840328767616,0
3005,2023-09-26,47,23820.22011323374,14749.157700991793,644.5242499627007,5.765069374833566,0.3608229855232642,1,60,1436.5328775742971,22704.39834481903,0
3006,2023-09-26,23,52498.834488981294,7190.352779145653,493.1614744720087,,0.4607355846224242,5,24,4578.036392153495,39029.19119134163,0
3007,2023-09-26,53,36035.31562485626,8607.879140692105,638.882903153411,6.395816287631455,0.1784991513374208,2,60,2250.7790654305422,36264.7038450569,0
3008,2023-09-28,56,47885.79708830586,17167.652793925874,476.2156808849308,,0.3631210630521108,1,12,4282.943645856055,39726.00926249936,0
3009,2023-09-28,19,27923.020174211197,36001.115332788904,686.6152843109659,3.855588460893253,0.3849564427294226,2,12,1313.36734740296,30110.84733814809,0
3010,2023-09-28,59,36102.75199160645,20311.713523397884,562.3100278545697,2.4488026837577004,0.2422902824572603,2,36,5332.107498458594,20316.042511703083,0
3011,2023-09-28,31,35583.258294626474,8213.484903180768,592.5091049008663,5.146766695592053,0.2618215542637999,3,24,2989.7128598306845,42055.12387311892,0
3012,2023-09-29,25,48259.22445663654,21206.36089582201,706.0637318033752,8.060277673898872,0.3845916273149321,3,48,1946.6629180568625,37502.155082704165,0
3013,2023-09-29,20,44617.65749375784,19647.1082535348,497.02691451326,7.478195001156807,0.1799868472561065,1,48,2472.7017919948657,49567.52324142495,1
3014,2023-09-30,52,37351.094593039394,1185.0744449631202,488.2305451909607,,0.4024885572874088,1,60,2912.271961691202,28784.728256083177,0
3015,2023-09-30,44,34450.83732154416,12472.95196120496,553.3120538923196,4.821075790814414,0.21569684395112,4,48,3326.1211877992464,9687.220137320215,0
3016,2023-09-30,51,44723.651977478505,13859.622097108737,683.0703080815454,,0.5094280539549825,3,48,4981.015378757915,5000.0,1
3017,2023-10-02,45,42965.73061986879,15944.648799190318,478.4523139618526,,0.7006741618082449,2,12,3421.0116039300933,33977.9617827838,0
3018,2023-10-03,48,41933.84968824967,14747.879526556222,373.4275521511545,9.84535869223913,0.220886479744727,3,12,619.6873361801821,41918.63743176695,1
3019,2023-10-04,34,69540.10505229389,16182.135595731794,563.9072913272801,6.31798532646582,0.4301311793562011,3,12,1796.1601931221942,36515.31217057255,1
3020,2023-10-05,36,48279.04509824608,7518.840012890652,644.1392639928737,0.0929407444403906,0.240988714267697,1,48,6780.2518238534585,31522.743215181268,0
3021,2023-10-06,59,68860.5024970074,12398.960013340564,696.0209399791063,,0.5061431260696684,3,60,3502.569327911991,16129.263802628586,1
3022,2023-10-06,61,38957.41075031467,12873.70130480139,562.9470910331681,9.96358492199692,0.1602112386372177,0,24,4521.820975846439,11659.566929391744,1
3023,2023-10-06,28,39273.801111819,24279.69765952848,567.0858714307199,1.6445153117660802,0.4220880137641569,1,36,2947.900658966035,45509.12171491899,0
3024,2023-10-06,26,32418.69947417586,9420.006476665108,692.3120587404597,7.537540898540295,0.2190516549665971,3,60,2077.569190574756,36585.98155315772,0
3025,2023-10-06,47,44528.61057300309,13044.109835216244,450.4206640243664,,0.3189523116352447,0,12,2731.730555356078,34547.22527859911,1
3026,2023-10-06,62,35115.05168026,12151.98869017669,568.9183379853592,,0.1953462087279039,2,60,3493.7409384063358,16873.735676243217,0
3027,2023-10-07,23,32977.63487728633,27699.00533557333,615.2339111940046,,0.473352570634363,3,24,2758.0379117994994,25506.151001349837,1
3028,2023-10-08,31,11495.487483739484,20321.325151539026,635.9374977028027,,0.2244529468340619,4,12,5731.418041495538,40676.56524264611,0
3029,2023-10-09,48,61987.67738475376,7530.418470947223,559.2154645447293,0.2962344346560916,0.4327946388997741,1,24,2563.0173405500523,44269.23930197583,0
3030,2023-10-10,28,34251.02967496316,18179.5732604221,602.7552809364673,,0.29838529576065,3,36,2014.7888205205072,37536.39801887257,0
3031,2023-10-11,22,62124.57147371727,6907.033344695483,400.9338117269608,6.659306751917633,0.3328291442301705,0,60,4344.336782961232,60688.741392435855,0
3032,2023-10-11,48,38556.28681082447,17084.585648243887,547.3401270132921,6.031903605519654,0.3721633861100192,1,36,4498.336463139516,31367.591562155496,1
3033,2023-10-11,19,49668.77339606974,25928.238618223902,636.2806970043574,3.4528377243142456,0.2357262992511726,1,48,3370.8047352564404,59303.07882264705,0
3034,2023-10-12,56,41114.48444162071,1000.0,521.4164772596256,3.681758570685436,0.381555067031133,3,60,2580.653805157424,43253.00141938,1
3035,2023-10-15,34,46220.50770975918,6934.290387346841,604.7187377271678,4.01839099882439,0.5795501846531617,2,48,957.509815617063,41622.00163431199,1
3036,2023-10-16,55,24864.45754497254,16246.74412448833,635.7498000642158,,0.2332857821250928,0,24,4859.235236388471,53987.840747190974,0
3037,2023-10-16,63,57735.25197983405,11831.952522653432,572.5960639313788,0.6420865690538253,0.5257715214910768,2,48,4419.034470735472,30638.089787737288,1
3038,2023-10-16,53,34497.39523389292,16711.53840863183,613.6371016797257,3.978323666007036,0.5747146450231676,2,24,2783.472933646964,35061.94811237556,0
3039,2023-10-16,20,53885.14953416144,14333.348200996732,522.981394777231,,0.2275767516457933,4,36,3407.798931370492,21646.87650937213,1
3040,2023-10-17,60,18089.94426223014,1553.6968195814152,583.4710976243163,3.772300778282955,0.1317418092364171,3,12,3049.9868551813183,54028.18782258105,0
3041,2023-10-17,46,28682.362797792197,19975.84795216912,648.8172935671378,,0.3952941350257646,5,36,5369.246134941258,45032.58161852694,0
3042,2023-10-17,50,45576.73150117413,4321.3713353734565,612.5578368774748,,0.267888871584969,2,48,2035.9354546405505,56466.90027856927,0
3043,2023-10-18,31,37545.505065250974,16644.15258306971,553.0774984348851,2.99686437774504,0.6302904828744503,4,24,2558.256465808434,43072.95104720064,0
3044,2023-10-18,55,46852.94884552693,11363.986393251278,617.9373123432634,8.081210743190372,0.3552211310749748,3,48,2437.4255345033603,56545.63322786975,0
3045,2023-10-18,46,43113.75418143066,34208.56262589786,657.1687832509294,,0.2296700887947231,5,12,3721.034941386176,28790.66313580328,0
3046,2023-10-18,40,67419.15207197289,14032.905026297807,436.00469771380176,,0.1779260733482432,0,60,3403.495150454924,54808.59485455725,0
3047,2023-10-19,34,48105.17371804626,17807.9967341578,692.7259251964718,5.112876633199479,0.5134857438636246,1,60,3583.4185376618534,34032.776088195395,0
3048,2023-10-19,66,33509.79252246064,19431.75140545552,573.0996209055143,7.235717413585005,0.264322403887372,2,60,2232.574426406876,40037.97904525365,0
3049,2023-10-20,28,34101.4546049925,17700.97224403089,634.0391946592184,,0.3565743199190642,2,48,5189.454371346326,50925.33269990521,0
3050,2023-10-20,45,58061.916106951816,14786.550929292693,695.7797538916183,2.6452891861714383,0.4933704117668721,1,60,2765.776949306788,74917.6186442179,0
3051,2023-10-20,24,17074.876267556785,7075.40009433434,490.2661042215627,0.0,0.2773612472103755,3,24,4817.82077007899,52300.793105665725,1
3052,2023-10-21,62,48387.92486063,14105.525741313812,543.2447198057963,5.9931430621608985,0.3431106756889759,6,12,7257.225829935014,53715.192024288575,0
3053,2023-10-21,57,23263.294647610383,1000.0,576.9161043299437,3.0738225138979,0.3475147385266219,5,36,2241.663266065361,31819.33068197581,0
3054,2023-10-21,25,56638.41303901312,18900.464041322917,537.2997183100457,,0.4524986767274137,0,24,3761.314458172454,42354.96986439382,0
3055,2023-10-22,58,33516.507215014375,38363.92323536489,738.7949260669446,6.535319637861218,0.4386116503265488,2,12,3168.8287855134336,38561.99098997701,0
3056,2023-10-22,46,47893.54002778,16413.524273841413,531.4582324938566,8.556489232857944,0.3169829403117757,0,36,5871.935276986871,61114.99201830438,0
3057,2023-10-22,42,40557.89917931004,17716.06410789606,555.5562576410507,,0.3595473592244776,3,60,2982.5159239769587,37810.9870719312,1
3058,2023-10-22,24,19199.56338598657,2584.740494940517,616.3511225282382,5.613563265546024,0.2942331482714767,1,36,3644.197680230941,59928.1277852404,1
3059,2023-10-23,39,49604.79933241748,8472.321905705128,503.8280379139129,5.569865673757607,0.1283581389620832,4,48,3616.918732722492,20475.299399209147,0
3060,2023-10-23,26,29187.006252503103,22158.69350515654,568.3455430594989,,0.3886401286097193,2,48,3207.834870898532,60981.65987574763,1
3061,2023-10-23,28,52027.75723376079,3421.765014414228,625.396260900014,,0.6338287641249601,3,60,4277.67554316689,27078.98730222716,0
3062,2023-10-23,51,24970.002727360978,9176.150732432434,573.3711676493991,7.344009871104797,0.2174421288963405,0,60,3450.0788339021387,52808.262361312045,1
3063,2023-10-24,44,43630.98432031468,19542.962898700327,592.5290512880041,,0.2340455435595945,2,24,3935.648005889685,27035.0430629619,0
3064,2023-10-24,67,40585.96766101036,21472.91466364048,557.6534310041303,,0.2193908342534387,2,24,3600.3367144045383,49275.20885996004,0
3065,2023-10-24,39,30961.242802289387,14127.486433296664,478.8423752655386,10.606655968685182,0.4586887668084684,1,48,2577.6611761950358,25561.192592240564,0
3066,2023-10-24,20,60696.25095816524,15981.584549958863,625.7274569071391,10.538411005485932,0.417272818129466,4,12,2997.130758676821,55547.2141213491,1
3067,2023-10-24,67,40503.13140737204,15962.958130214549,740.3946457317793,3.525355673764321,0.3262193461375314,1,24,4027.6118992620336,52678.68198905692,0
3068,2023-10-25,65,33675.1784920967,5133.044146318987,601.4721304626751,,0.2122971407541552,1,12,4022.533710712516,30989.688636017527,0
3069,2023-10-26,57,44481.32919361344,14413.3279822208,618.0211293798039,,0.3638565187459886,1,48,4889.594644347952,48671.26763484268,0
3070,2023-10-28,25,18164.77410109727,16935.15035710726,655.4178204093488,,0.1153066808996293,3,24,5657.388518131669,54211.48972483687,1
3071,2023-10-28,23,76775.48013851634,14292.75940609477,498.45356027626406,6.563824211858222,0.371513985028624,2,12,2681.997236782072,26150.21419564504,1
3072,2023-10-30,42,23714.56402005037,1000.0,736.2011726503684,,0.4807286579131901,0,12,3501.9260311828825,24489.957336122992,1
3073,2023-10-31,19,48276.866785825805,27285.16828016697,616.1863037138241,6.191454111202972,0.1623201295049483,6,24,3091.576071393576,23930.42903546682,0
3074,2023-11-01,33,40916.75954046425,6253.018509223126,730.5485519271288,8.051167011753897,0.1201222584755504,2,60,1949.1987865847375,21804.95949436605,0
3075,2023-11-02,58,57706.42535871903,15577.026067806246,541.3573603580809,6.975759033969908,0.5869156837542289,1,36,4039.027256838861,23858.60730979619,0
3076,2023-11-03,68,42668.815151187366,17574.325779493396,745.444953804626,3.1585297288382823,0.2582360540743122,1,60,4305.629788340652,53871.823137299805,0
3077,2023-11-03,38,30425.606123330283,11361.427595574589,662.0124395227826,,0.5203921768915732,4,36,1987.0943006001896,48367.74731895992,0
3078,2023-11-03,32,12130.359626608948,16956.070312441276,644.2432068681886,,0.3269003502203252,4,12,2865.209159364185,14559.967192125816,0
3079,2023-11-03,51,13298.451443156231,8797.844304197095,618.7219563482519,7.037548864719915,0.3257067774588008,2,24,2743.2214302966536,32347.495218906224,0
3080,2023-11-04,64,36429.70569824564,32176.787764344444,580.117710554044,7.521734126265427,0.4157619049244968,5,48,1447.802454301873,22632.451169150743,0
3081,2023-11-04,60,60555.1421426614,12915.937973746884,696.0425326779098,11.395187663784029,0.2174001714880339,1,24,3287.861670626929,52922.95294763272,0
3082,2023-11-04,37,14917.764467142251,22192.07685174331,611.2287895878437,,0.3698745715243468,0,60,1901.781237785122,33255.31395720877,0
3083,2023-11-05,61,67740.53187349995,6258.972044575934,442.6344237130278,,0.292776587776386,4,36,3532.075447402491,16833.58865769175,0
3084,2023-11-05,48,56304.06850049048,20770.223294995136,510.6250830634398,10.741137776019952,0.1519259834892452,7,24,3669.7352395330713,42552.4760165587,1
3085,2023-11-06,32,19769.23417337736,9262.349089588335,585.1323398245802,8.323979921865707,0.4006223112089598,3,36,3824.61181246424,49097.38162197048,0
3086,2023-11-06,65,23722.314218018277,3854.831327625783,624.7999186532444,5.918257134273249,0.3105038289683126,2,60,3884.986055495683,25694.52350142347,0
3087,2023-11-07,45,25233.58119208666,6479.332938800497,595.4729208880084,5.7292430980141225,0.3264462757332938,1,60,5247.009229080252,36026.261249778705,0
3088,2023-11-07,23,44489.30721912308,8216.717498328873,697.517663183493,0.0,0.1684758584878763,2,24,2322.525657313845,26464.06773039633,0
3089,2023-11-07,20,39156.74781807292,15891.625577722178,443.91185087691,4.737590980915861,0.5887100551644207,1,48,2385.2310633117872,58660.710881781735,0
3090,2023-11-07,55,38595.58321047087,38006.319072757295,611.4870349204128,0.7926907268023236,0.4815071279579174,1,48,4152.288204803511,33529.62794692102,1
2742,2023-11-08,28,35995.51080724657,23145.76343387567,637.0630824094485,2.9436091048800184,0.3320570563446843,1,36,4536.307591970528,47176.88033854201,0
1308,2023-11-09,43,16094.112160673449,1000.0,599.2704802684638,1.0575273474737372,0.2053699892865133,0,60,2140.7591558079685,56967.48840545969,0
1602,2023-11-09,45,24351.34886238424,12941.800878856377,709.9901135318548,,0.3864637591491048,1,36,5223.802255202964,15392.337056940178,0
2622,2023-11-11,22,52768.500557812746,16568.980043105945,663.1245349900415,11.21603384977734,0.1945784642037204,0,12,2806.543022845561,27790.060824804623,0
2030,2023-11-12,32,38985.938134737335,35747.085963594815,560.6691051494362,2.899789245166246,0.4725255517146471,3,48,3930.478308463769,47796.30591173598,1
1951,2023-11-12,38,60366.76828087107,16359.968331777394,458.1574025434495,9.747152085174733,0.4248643724206624,3,12,2121.2927892136377,18732.94959168727,0
2719,2023-11-14,40,29760.9089167291,1000.0,552.6115235478358,0.0,0.7554541346607625,2,24,986.001325366352,56343.38235539065,0
185,2023-11-15,66,53577.88851057833,8618.129009600627,582.122977173932,2.1407666351014067,0.2125588849154412,1,12,2406.799061553156,21928.17368794378,0
2401,2023-11-16,50,49423.120176945085,13160.876778815502,542.2609957330197,2.7619784939122773,0.288346259524524,2,24,3013.6536904743903,34236.98492844262,1
195,2023-11-16,28,40372.30831937201,15220.69081298842,613.8544740680945,,0.115776016633721,1,60,6093.244855576067,43434.98447018728,0
2799,2023-11-16,37,31865.21371472699,26670.620373428,571.229626203803,8.688887237369165,0.0100921858776075,4,48,3791.4628930206513,60191.25120764399,1
1196,2023-11-16,67,32689.70591184911,4435.285603921426,635.2379790368319,,0.3804853931879046,0,36,2540.7771435976024,33630.29850208029,1
1407,2023-11-17,28,7097.873419225085,17771.713823048118,486.2551466606525,5.890255405105799,0.2292242372385685,3,48,3109.3517751915315,29833.80252598182,0
315,2023-11-17,50,16309.42138693697,15458.096914722762,704.4383045723463,5.621061528172487,0.4153963084250068,0,24,857.0243619918068,32960.65520860444,0
103,2023-11-18,65,18007.913000625376,28379.248256961266,572.5828386778585,5.144897581806146,0.6922477754808264,4,36,975.5638768109652,29511.00016195087,0
1438,2023-11-18,19,50676.01551999719,14606.60972583558,728.5876460815994,4.324138777004201,0.4645790527450134,2,24,3917.905856696285,34485.57383570288,0
2960,2023-11-19,28,46421.61090177452,24016.686604417868,511.49651900706925,9.765244371367206,0.2208425491751636,1,24,2245.843569084783,50765.8310378533,0
1222,2023-11-19,46,61169.45298939459,14762.925303331383,624.7856568181622,4.934825011867289,0.0881438850710522,2,24,416.6666666666667,45278.63599943063,0
2936,2023-11-20,41,37629.63279870579,13108.682957770918,717.8136540600785,11.98151549328214,0.3674867768018695,3,60,3419.3019666112973,51075.0529004744,0
706,2023-11-21,34,56122.73082520954,9992.15397975823,648.4807961076511,9.555062952637169,0.3011583421777244,1,60,4957.500425405512,16343.97598490777,0
2235,2023-11-22,22,43149.82291120745,5235.872383292532,503.1062456575375,5.324901908108253,0.379759027576623,3,60,2513.967442353785,42462.15496820982,1
1974,2023-11-22,50,24735.411222493312,25226.75361324744,615.578895577502,1.1635844088418423,0.1488402930047646,2,36,704.6359575925029,49426.392764090015,0
1518,2023-11-23,32,41775.63827998581,11397.076684716516,650.4649347643822,,0.4233881802614491,1,24,1482.9219335542195,49106.92413035056,0
2977,2023-11-23,39,52748.32969331337,23267.898342146877,701.0965342123735,5.006390817594964,0.2246466492469945,3,60,1569.263681032513,15550.109700406583,0
2233,2023-11-24,18,23897.33429655063,36186.113863218096,442.3916945830532,7.795615615333679,0.5126297366065313,2,60,5909.547564777985,65846.40169694822,1
179,2023-11-24,39,28972.565348995497,12717.118833775085,578.8274533409635,9.484937040662349,0.3847168883788358,1,48,3088.9261070466323,27813.723894987816,1
2031,2023-11-24,34,10989.34117378571,10949.706945711405,664.5698077309848,2.4942588134369084,0.1429101941150523,2,36,3491.2349245293203,36465.41870763384,0
2927,2023-11-25,53,71937.33793614892,4734.059462832203,590.7016765502433,3.729161327701821,0.6767843260987492,1,48,3804.8443537997487,49728.65648151464,0
612,2023-11-25,18,58488.04232500853,15997.114751582789,595.5532263271635,4.086687269734176,0.5678925118229269,1,12,3878.844167755948,28975.71590842359,1
680,2023-11-27,36,10879.403065259849,19061.200788405786,701.7244075995327,3.434702162432781,0.2670618743949047,0,12,5698.403864577956,66454.39300301106,0
153,2023-11-27,39,60727.72053689624,4388.986830589845,545.5980222737207,6.596145150930189,0.0997101111682707,3,48,3367.750595431658,21257.576703606854,0
2485,2023-11-27,44,41195.33172167097,18832.214970636967,556.0354291273136,6.938118102060287,0.2030111637826633,1,12,3675.5075552176936,43138.33200687691,0
1026,2023-11-28,21,75858.03215718787,15112.326544062726,634.9058935739225,3.71073376264264,0.2940986624072038,3,12,1624.2710485299378,55760.1445796777,0
908,2023-11-28,57,32703.917202618803,11193.095494908392,659.7002852821777,7.60036332676122,0.3019553293195037,1,12,2961.3244454809305,46946.152698433725,0
255,2023-11-29,66,33756.735701510144,16977.62719701306,478.45040272367896,1.3715465435310563,0.2052941861373927,1,36,3987.29928956977,47367.59586823819,0
2417,2023-11-30,38,35778.05237425981,10566.280378505247,644.1181020191618,,0.1923169955326245,3,48,2984.998402230113,14759.662923986492,0
3077,2023-11-30,38,30425.606123330283,11361.427595574589,662.0124395227826,,0.5203921768915732,4,36,1987.0943006001896,48367.74731895992,0
347,2023-12-01,52,54522.64229313137,16487.442360457328,484.15325268021405,0.2771389080492046,0.4360616631506619,1,24,6084.488105297543,51903.06451603773,0
300,2023-12-02,25,36959.80487393239,22405.956805620564,650.370307353889,4.047149259874011,0.3708590597980126,1,48,1822.689374806483,28718.051706389477,1
2046,2023-12-02,22,5000.0,17486.764044122203,689.6824533859577,6.6436886954099545,0.357534154874852,2,12,1573.7773191395224,61791.79200589089,0
1296,2023-12-02,61,5000.0,3488.4570924004765,592.0888277447086,0.229180038819261,0.2893457010964965,1,60,4454.328312538168,63012.183550767455,0
1358,2023-12-02,40,52906.0143513333,20714.39507280616,631.3443204322037,2.167439942339952,0.3649830431613819,2,12,2727.0432397312647,32304.816865998728,0
1423,2023-12-02,62,39667.55973053719,24013.413435441034,570.8037816365692,8.331686825993803,0.2616331800828309,2,36,5577.311787240856,33326.3207625173,0
2483,2023-12-03,18,47300.15029103829,14719.61910142389,759.4012282534495,5.199919406174194,0.298390406494366,2,60,3020.260078338424,40911.31983571753,0
140,2023-12-04,22,50780.62438864179,13537.579586138694,501.5308546852836,2.82456820855297,0.3441470720933683,3,60,3474.951367449004,38517.26258345895,1
2604,2023-12-05,30,52491.23332877529,15956.103083253623,504.8266672727711,3.916701613105368,0.1929263646964603,3,36,2769.606568078588,50392.79551752879,0
247,2023-12-06,53,5000.0,15058.041389088006,562.0043751071235,2.136211472902194,0.1451263766876841,1,12,3037.254749809273,58597.51538941133,0
901,2023-12-08,48,35715.872239164324,22592.988712369483,629.4938647098321,9.906757996928835,0.0966225443049107,3,36,2251.1599228371547,32417.53452609684,0
2131,2023-12-09,53,44925.43593000295,5375.003266009704,635.0780591047782,9.661305201111418,0.6177162558777642,3,36,6077.439662934259,51336.4277534708,0
1682,2023-12-09,59,63700.281434858,29793.637459752987,598.0643514887267,,0.2037790136115737,1,36,3323.988702407248,17307.64010597248,0
2335,2023-12-09,66,66415.16845501028,10282.357643910163,671.2306530815829,,0.3233606007861891,2,60,3467.7607135334542,28775.290327506133,0
890,2023-12-10,53,48551.94918276768,1000.0,688.6962864466326,7.750426687651645,0.1925516751635088,2,48,2823.001945838812,61649.48588602181,0
1269,2023-12-11,49,22122.76463520538,26100.717441552268,541.1576045928186,0.4814709411420947,0.4387163227627782,5,36,2625.6496585101413,13255.668141293652,0
1927,2023-12-11,47,51051.63113354751,1000.0,397.5769981802936,7.471561119683127,0.0342875741421477,4,48,2401.346718924315,45545.997171449984,1
1621,2023-12-11,47,41213.72838290681,27562.364106573128,609.0616328430211,5.003786154052474,0.2587473852980994,0,48,4425.338013595137,50426.928573180005,0
701,2023-12-12,42,60207.38940112907,30311.30277098924,558.1821583584768,,0.4379248700589174,4,12,4490.579637624544,59976.19085434257,1
1062,2023-12-13,19,39973.46465711138,18775.283321393144,372.11659034959393,,0.5191670375950848,6,48,4699.255366762179,50461.137225923696,1
486,2023-12-13,41,75714.8723400901,7683.480640059057,486.2197032321861,8.453840825214296,0.3930433781452563,3,48,970.010889048328,15619.209226323004,1
1357,2023-12-14,57,62475.92436128276,21707.74441673257,556.3004441398014,5.468683699427071,0.2182605120764799,0,12,4045.758848780041,27488.76052011045,1
2311,2023-12-15,32,23596.61971516768,30744.28191446546,574.3465899554246,9.204075958049245,0.1718352140123709,7,36,1522.811489863944,29716.255889705382,0
2182,2023-12-15,35,62264.48636377476,13592.726915587602,571.4043661751658,5.1253069755827685,0.7381863460296026,0,48,3381.361057053861,9927.109413237333,0
762,2023-12-16,46,60005.04611721932,9516.515524483832,609.7607851716289,4.2218704801788745,0.4240482271464726,4,24,3172.686470002045,47741.3111495964,0
747,2023-12-16,34,53371.60070101247,13514.524030970835,614.9413411581662,2.813067203161765,0.5356480636267997,1,60,4634.423575093904,45262.3265053438,0
322,2023-12-17,36,42042.93794208247,17490.333202131475,647.612562034953,7.129103109007851,0.2895386016402453,0,36,5395.961100594016,22836.89156810101,1
2708,2023-12-17,53,18916.31634239197,12075.109448047448,601.9122434627965,,0.3112737292952848,1,12,3487.5571037549216,58210.59046983949,0
189,2023-12-17,40,17181.105404826096,7909.172181514096,532.2565025545276,8.489843927225067,0.3619396793564054,1,36,3691.654919042272,11068.05170985008,1
773,2023-12-18,67,30247.41591870763,19342.3668044009,650.5926191244416,7.651770503687427,0.3489432521779168,1,60,794.8379965007604,26259.466533304483,0
2497,2023-12-18,58,27228.22630224692,1000.0,577.6829655734554,10.410125946169316,0.2533489599467023,5,24,2742.052751858582,49975.3992508238,0
1452,2023-12-19,68,52994.80547235644,22675.27997485674,736.1771955708191,,0.6417792611415399,2,36,2416.171010380204,15225.196537013166,0
2355,2023-12-21,63,27830.968997785058,16393.61073887257,696.9555188309121,6.467864118738766,0.4633498758116471,1,24,4985.386834895909,37612.14010367588,0
411,2023-12-21,59,34879.02020299587,27736.02189586273,656.9291902471111,,0.5270961368678216,3,24,1848.038225195832,5368.8790192335655,0
1728,2023-12-21,61,49360.1369816923,17107.50214920576,664.6446238624916,4.485672531591583,0.2188346527490122,0,48,2671.275939081062,36331.597017954846,0
2853,2023-12-21,53,13613.167073289696,23475.124537517568,511.6109765549984,5.001763961892777,0.3501664917030939,2,60,3821.472488928048,31239.337790526137,0
2217,2023-12-21,22,64249.61768483343,17075.94176824677,565.0624211167524,5.923988232892544,0.3306448827305324,2,36,2707.127135665158,52228.61024960294,0
1399,2023-12-22,56,37347.31203562476,16252.732043091662,696.0331126355541,6.807952277705762,0.4821720081220053,0,12,4494.372589775966,12762.31031770161,0
1362,2023-12-22,33,44202.11682593326,17139.89926987074,646.343319968087,11.514470138794785,0.2753641252536179,5,48,3037.209390849051,40499.28625325298,0
1658,2023-12-22,52,60191.4032866491,5316.139280464731,705.4078028486367,,0.1870810551227885,2,60,2046.178836225734,46948.08522811543,1
52,2023-12-23,46,37871.11114589679,25951.076682479463,569.1934175666947,,0.0309158869472757,3,60,3566.2332531086104,30778.07370417424,0
1625,2023-12-24,49,47197.42557279234,15198.909062025952,749.8638220974036,1.5564846734979012,0.3621917633084298,2,24,4717.527138542687,34529.40122466828,0
64,2023-12-24,68,83544.12442758013,12749.035715782056,504.3034700735464,,0.2937766915067291,1,48,3628.501850782101,54534.35674575836,0
2790,2023-12-25,65,36992.59351965285,3424.331827633492,614.5141296091177,,0.3981937206136082,4,24,1937.600796943292,50555.86312103457,0
2554,2023-12-25,41,61758.63551228989,14700.180575784332,631.1691341896723,,0.5538784241246038,6,12,2815.398307411708,27360.77439116637,1
2531,2023-12-26,55,10422.7724840209,10055.059846732764,637.8905661449163,1.4314999221707874,0.3019422410844808,1,48,4316.88614439299,38045.49062504954,0
1091,2023-12-27,44,40420.912095758686,11210.32689492311,594.2718992468749,7.82112477936089,0.3917522951967004,2,24,3623.4147931027833,46996.36351247444,0
1466,2023-12-27,27,5000.0,5611.167202670567,647.0862723536487,10.40039912120836,0.3049301076918944,1,12,4380.7943858051285,28449.15546693647,0
1897,2023-12-28,43,48289.67071699462,25541.581455779055,579.2963149866318,3.833215604181493,0.3168436304694424,1,24,4874.128298229228,48581.14486341344,0
53,2023-12-28,40,26844.98255902134,7725.042618910227,545.8462399755233,7.711222810872221,0.3351358549638096,3,60,4046.405908457431,39169.38513694333,1
2808,2023-12-28,46,48096.49645486231,23513.93036138821,533.3555154399393,3.626418550455995,0.5122271129449611,0,60,2094.892322257527,50938.61464988817,0
2764,2023-12-29,61,38771.15387730165,6803.012331689857,549.4737816667734,,0.2032117415017018,1,48,3753.104733276292,45743.49678599399,0
2552,2023-12-29,45,13850.028969001476,17520.721867756598,449.6060491888764,9.222489893622145,0.2660680572065796,2,24,3691.5245134328575,30660.775121411643,0
